52834 66021 98818 64210 12440 2484 32555 70954 74610 38094 
55612 96954 3759 4170 76079 46500 52002 50102 76530 36543 
47411 87537 81605 48693 57723 57359 73181 13763 80364 31801 
76196 8989 40743 12618 66647 84584 44099 47346 84582 28381 
42733 76919 54744 30252 20866 11855 98052 6871 83447 52392 
97465 51603 50129 37696 13046 42987 95214 18573 82483 12797 
79482 95670 54327 3323 15739 56088 14047 48586 33606 93090 
46269 85894 11846 84665 40631 57117 89020 35381 83524 20239 
50202 99842 85586 86997 50280 88384 71235 85495 6399 65252 
25099 26643 42832 34229 95700 34269 54302 31215 32442 31418 
65567 60803 57232 63300 31104 90805 1081 18122 72798 15996 
12015 28205 15917 61830 95711 12451 50645 37106 48491 90487 
75024 37748 57895 37831 29517 25012 32541 46949 49008 143 
76777 4695 46288 40821 46077 16760 96824 48266 14590 70516 
42183 82181 50341 17839 80655 11379 24799 50527 61113 68661 
91598 25069 33760 41629 66854 67001 93234 25494 48145 46675 
114 97657 71243 60034 51320 87001 10598 75136 50863 11928 
92679 13052 69110 2287 92679 30743 75297 85098 40627 78312 
82773 87913 83820 27225 815 91840 43304 62215 93085 4152 
40272 76869 195 29420 87200 18170 94328 7725 3114 11006 
13254 27359 12147 79265 7150 72090 31252 61348 16321 74121 
41850 85598 16456 5070 97414 89465 56285 77596 40462 94995 
50000 60284 61146 10077 34787 12105 41480 37951 85326 96979 
30473 27761 74972 91264 69858 91619 62700 34470 18476 34839 
85425 31410 47124 16706 64946 1285 64763 58831 69259 97425 
57015 37115 64906 44256 41296 15130 2131 25966 3748 40113 
5212 95914 54051 48858 90578 80281 33556 9059 29458 17971 
39215 21935 31856 46404 96865 94195 92916 77708 92587 67962 
12472 38848 71587 85506 40619 64422 98481 4700 89458 22141 
59763 99920 62305 211 97049 43223 60038 18220 16458 79520 
46591 81890 95005 55180 19263 81120 84321 95153 39309 22853 
46038 80250 87780 43911 15634 97285 54356 14670 63229 49316 
2368 22709 2901 54461 71966 51020 79018 85130 3450 30905 
11779 45530 435 38354 19895 63470 73116 26692 90037 76604 
52445 63280 39197 64496 42512 16488 67780 49574 92580 92598 
96820 78001 11677 69750 68106 13463 67922 76791 90454 27154 
37197 33086 58143 11505 6447 55715 58940 88405 98889 10674 
83548 57461 51460 21963 97087 7866 71162 47811 59482 59364 
30747 35616 11671 85059 32041 10753 41395 21374 14716 60499 
30 9104 90367 77693 39710 38086 74673 46102 86253 8002 
72933 47913 54390 18459 53603 74648 1020 51994 53828 41750 
12883 71071 82489 32267 52709 59386 41637 4212 15886 46099 
4255 37889 80129 8962 4817 28661 2465 96919 27931 1577 
30536 40148 82609 426 79460 3918 19832 18838 16148 52976 
50541 7587 15919 83575 21567 76440 15934 44407 38704 88561 
86653 8372 17432 17408 93823 75594 578 53575 57671 39590 
52556 10558 42191 70219 4267 92115 90116 36398 16517 13925 
72904 36090 17686 72969 81679 33933 12428 76485 28227 21720 
68650 65816 79584 74403 6089 27439 13496 36103 10450 27121 
91440 70515 13125 97877 57217 97991 67093 17766 21432 27452 
88266 24646 63607 46682 40702 30760 83442 21024 37888 91828 
45458 67520 87956 89063 64341 66623 83889 34609 7820 90234 
72577 49653 49500 75740 45157 42892 606 28649 72846 92226 
55647 41463 34213 35800 2273 46191 41508 1248 41656 98320 
26235 79940 19917 3468 58381 69376 24990 67593 51792 25539 
1756 97857 36112 19570 17964 99811 14924 46725 17415 94736 
92535 52104 35130 46463 58840 85019 70470 70905 72779 26482 
29537 90109 38270 9302 89427 49277 52757 36130 23834 14464 
90694 74151 71335 49662 71965 22568 99039 88647 14426 88735 
7227 81628 93454 46710 93000 99476 94050 49743 74919 55161 
98256 92285 16717 66216 60456 11976 31685 1204 32908 82285 
77706 24260 17972 8892 83277 81808 71115 47992 89589 54024 
84527 35578 65914 99854 73717 45422 71624 19415 84451 69301 
15235 11533 61557 66113 28989 16528 51897 56444 18977 78960 
55250 79042 7148 94005 39929 29090 6319 43160 46295 5249 
22894 80295 51692 33847 84004 9380 31691 46671 18781 21478 
29180 52203 21850 92407 93657 35487 8816 87093 66289 58353 
60073 87858 7016 93951 70754 13619 32117 81305 29196 35412 
4834 59971 55691 31746 49424 75604 48377 11680 74545 70714 
62180 15523 90892 55891 10796 17718 47228 42453 56583 35031 
97201 37064 3548 29496 86445 99910 98123 47359 75432 21346 
47748 83718 26701 79742 4907 76380 69723 7443 42202 66721 
67877 57805 7775 33166 76083 47053 79738 14443 2366 98245 
25504 79287 5688 31935 8987 34596 46305 4535 46151 12248 
12659 95772 68823 47949 2871 46611 76398 11250 28046 70611 
1478 43208 67977 69962 25101 9669 98289 23191 35651 18869 
60928 12142 72445 45908 9030 96792 32325 30229 26661 38960 
4311 94558 66517 62087 10277 86026 95201 95392 45268 95301 
77959 37109 36542 1107 67612 29392 27470 11114 13126 85523 
77895 25204 37473 37201 41565 28430 95387 69298 65913 72523 
72920 12499 87738 78610 28910 56099 97007 41467 70953 82664 
17438 92822 24168 73592 98048 41892 12319 7168 93410 71068 
66899 24192 20806 87848 50209 15469 49664 34789 56632 3277 
41978 45031 83322 38175 93200 26898 64382 53425 97748 79490 
24753 59656 77003 62756 20241 84828 96334 1819 78448 1720 
36234 88380 49687 31358 87457 23025 55521 18050 24487 92986 
64571 56202 43813 5576 43403 67124 70297 14688 66534 15280 
86580 52670 23864 82945 95419 2159 14400 53889 167 71606 
20593 91482 25477 32776 15155 95470 93879 45008 55263 94352 
31952 85548 51143 87496 61820 21358 20331 79603 97750 95484 
56389 40992 64944 44336 88318 70996 74894 46264 91287 3591 
67307 89207 31521 33125 67091 34178 87845 10383 95912 20900 
13117 31895 65405 82299 55385 96455 88350 73913 7003 34106 
52262 4420 76731 9890 90566 88950 18148 89440 36005 92126 
91765 24367 2683 78109 91233 37786 21557 96777 70543 82657 
18644 88685 7226 21848 50638 49352 1938 9735 88395 81258 
27066 3531 78089 11354 1096 45012 73944 69842 49801 38630 
22783 56865 42298 4568 71414 10728 41615 71191 62057 50494 
71440 53572 74396 40876 84919 35378 31809 23761 46195 26633 
45251 6879 67752 46374 75647 66141 79629 51096 80102 30531 
43181 16964 81212 53953 83750 28962 69372 85144 80781 95358 
90897 30591 60552 29689 22718 99104 29939 89061 74840 44536 
70971 90220 58375 12314 27302 33833 65481 82157 60457 2061 
45006 10826 67504 1084 62685 93150 77050 67854 3501 97486 
16154 57902 4973 35918 62424 28574 94045 72233 24077 86833 
98482 25020 80843 16144 78294 77403 67539 93334 89829 83786 
10076 17300 59090 81349 39155 63981 47648 22393 43253 87898 
36906 80297 4023 29896 73819 10794 29023 47733 87990 56487 
78248 28919 52239 96862 84033 40117 35536 61984 10415 28844 
94646 93461 85671 56075 16497 40150 29044 343 11207 26033 
28631 93864 1937 87881 51810 17130 70621 35955 19357 48254 
42347 60730 97953 93782 72976 55292 19583 85148 56917 56651 
77626 555 45881 84749 20968 28724 49483 81564 37206 23291 
42865 41255 30529 95928 69060 36430 57629 65270 30450 63082 
78034 16887 33018 82883 1402 98062 42964 82840 61252 96004 
81958 86779 180 79668 98543 61970 29633 52686 52193 96279 
25494 2104 52191 21337 42642 71752 37859 45785 72423 14571 
50202 49198 4190 81954 23206 62881 86802 12864 15419 82097 
48081 21101 28482 8496 72670 24678 18585 2085 63505 89178 
97009 44168 10293 58894 26991 69001 64010 47866 36972 15721 
67137 34410 1109 64031 26018 39262 21580 65876 14185 54826 
89029 28232 21060 36279 68777 74283 18743 50305 61014 24132 
61657 37526 54301 41326 78932 79357 76835 46582 62921 36397 
89697 84190 34537 32274 20196 79325 26301 49899 33166 33501 
89055 2414 33362 14779 93823 707 13308 80395 91167 73221 
66375 54193 32407 68004 80101 40329 5970 61894 82170 91264 
71183 38465 84609 74681 20161 61186 69638 81161 67695 76906 
24810 87387 5909 30444 30755 16908 98305 48400 25305 46544 
22647 73682 73258 71180 32941 87300 86599 82681 38608 83144 
85333 12808 24317 33431 12236 50552 18472 44989 62747 17570 
14873 30490 1538 20046 61258 51842 85239 46266 49835 69598 
89826 94394 40542 70057 31265 92179 87930 92788 78949 77439 
98892 65219 8594 24684 12306 55181 1219 93533 7775 69472 
19876 91048 21498 15515 4790 44054 98718 16018 61038 1734 
13115 34477 55446 41962 68500 33545 44523 79688 87327 14870 
11166 66106 84840 61047 61523 11246 5134 50309 51141 83335 
64420 67533 54335 82331 70290 93069 64996 10099 9138 61307 
71241 53134 27187 31582 5462 63487 59289 31698 62633 92618 
6683 25513 22866 59434 85731 92741 99159 20430 98450 9182 
7058 52503 19289 92194 1198 44796 73089 26192 32654 7046 
92676 69885 54663 41172 16690 40144 4865 58873 87437 2949 
24185 59001 35949 56813 66369 39055 15997 4171 96607 94762 
63932 54681 19370 13580 79805 74658 51697 41129 3624 25093 
29139 60174 47478 96504 82568 35672 69784 81475 22294 42488 
96657 98433 11549 55797 67032 53634 73932 82954 48503 68331 
77833 38660 31694 69813 65902 90054 2257 85994 90086 68165 
24549 36459 63124 7467 17223 65101 62700 69976 36518 51159 
62808 17628 61476 72998 96084 69279 89881 73481 39698 65402 
5040 87269 67063 79995 29895 93874 46236 70693 3123 15644 
73135 21357 42362 28675 72399 50494 16472 72251 37523 21270 
79643 46797 60580 13318 16550 94132 52798 25526 3762 79265 
61459 29919 92936 24919 2984 55951 97704 66352 56246 37225 
62405 51030 68683 70435 27079 24715 74694 25542 38024 50946 
41886 30256 58263 29507 73244 23861 45464 25739 2236 78042 
74914 61322 35056 83545 24927 25155 55037 76289 63280 35535 
19228 76723 7334 56187 26202 21605 37706 58501 49560 1411 
89079 55939 43660 59401 26074 5948 67743 47210 985 84492 
44813 60268 95241 89860 65640 46089 84630 93736 9332 30768 
23967 51728 56524 23426 83447 18536 29884 11829 93445 2128 
80262 16085 37029 27580 59645 91230 9413 37237 16365 84963 
97705 1462 59249 27402 11175 64272 56347 57358 83084 25351 
35311 27452 73461 43410 51304 4534 99862 52927 94738 29203 
93431 49452 6286 3900 63666 11567 17586 19281 36567 46384 
96806 7970 39272 44201 29608 3830 41789 96589 64905 28104 
45729 58526 71661 14277 19858 53525 39567 70703 52997 5022 
39419 85277 33088 56154 34610 35609 36383 59003 67050 53185 
82992 69099 55947 3174 23926 92966 83731 44752 66282 2555 
25522 99831 59829 62543 68015 1003 89623 19610 62721 25358 
86435 6024 20759 68149 18913 81625 88305 3723 62379 6529 
10373 93838 20496 70217 86139 59471 29844 64428 56561 90966 
12718 36026 30391 16060 8 84985 72116 92047 63747 75552 
16639 51922 62129 67130 22951 91066 22617 56137 83404 29874 
34454 96192 88067 16408 99128 78087 10550 27646 88033 55195 
1346 14026 85769 45515 88311 246 53531 18844 68059 22640 
44918 42535 91848 44827 14605 4886 95465 74893 50696 31722 
50337 90159 41760 13816 4165 83360 14407 23078 97820 47474 
52957 9107 34918 21963 69980 19341 98770 81189 27789 4345 
87175 48015 90417 70799 636 38314 74745 55899 64319 31180 
31342 38652 30546 13569 11562 35913 99177 17349 9021 42599 
94830 62379 97449 55540 3230 28153 95430 6016 90377 38825 
11743 76303 37333 36170 17650 48760 763 84989 17204 16905 
2697 15257 98156 78144 63518 18024 16595 82771 50033 39015 
94906 25193 70219 70313 99684 62047 55880 31572 97543 33989 
68283 52835 3727 350 8039 7875 1947 43075 62694 35510 
63807 42624 71077 80499 28512 65749 81638 16100 67771 45559 
15293 98118 14751 41037 70867 14701 32494 25235 31462 87421 
89983 69818 19271 79442 63 93254 67035 74649 69772 58511 
18780 9716 65496 98721 42645 42106 97836 988 89928 67541 
36131 20852 80939 88195 31306 78673 23591 33621 75751 5296 
70520 29139 15535 16545 66544 38390 66318 87880 76724 15436 
60291 61724 48541 7384 44097 61931 61528 33647 58032 6771 
22470 52156 16169 16234 54717 84413 94622 75511 58917 37731 
67823 15255 77180 35638 20630 73497 87891 27727 98812 42755 
6543 7293 92610 8363 26089 15584 8729 48798 15566 72081 
59114 42492 26111 69816 22447 77401 64370 31188 42040 87326 
3663 99575 54119 71783 86388 74823 75156 36355 31922 83614 
88522 74391 9838 38218 82184 56026 29248 92334 81217 45050 
41527 74560 5564 98294 468 83913 55124 37346 25002 27400 
83481 58887 39172 20751 110 80544 42335 32964 16554 95453 
67372 13090 15415 8548 39696 67157 73525 84075 33891 41058 
45271 83648 54420 48988 85765 8161 8739 96016 23097 25412 
7878 68282 12770 80432 90565 50093 65924 18146 78270 10735 
87542 88233 59265 1499 19587 92811 33045 76510 22217 60862 
59601 45178 13661 17551 47492 54342 13253 2366 68654 9643 
33885 9055 9988 45417 57938 53211 31888 87504 76906 72142 
15 19816 27258 72263 52562 57577 13774 54634 66685 65283 
5541 98513 80555 33592 13618 10791 84871 73117 28989 91116 
1588 35420 52864 74100 53478 77749 80042 92871 4615 63705 
60415 10082 48116 4397 96533 75989 70525 15789 81593 41603 
37481 90470 38952 89094 34447 64251 90679 76200 10686 56929 
93932 80971 32629 67811 49122 29825 2572 80574 54536 76949 
66378 40230 72867 95808 26700 8928 49160 31509 90884 34054 
1315 48406 87768 69190 41554 44732 37215 73411 28554 12275 
81703 79218 74450 87803 8562 42846 77347 12872 26836 25413 
53230 28451 25943 38745 34262 64104 52599 25024 20561 10790 
78663 39476 63916 46337 65226 73091 52516 10067 42970 95312 
50765 13799 49412 42481 15151 43580 45418 38639 57444 48937 
34016 76681 91707 59379 22832 11729 51896 27992 71766 82477 
98994 11464 60772 97335 32948 37446 3135 79166 99997 53707 
33184 24387 64735 95620 3348 11101 49635 42159 49917 40341 
2276 74658 2735 80490 92592 74628 33044 22670 11306 29554 
1032 5671 54346 96443 45757 1968 32155 29188 41880 33654 
23165 76773 87378 53051 59521 19754 45816 20342 55279 79347 
54443 2352 15395 99317 64449 1257 22347 60790 21507 89585 
70603 49045 60877 58863 5946 14240 42417 44062 32450 63740 
80276 97195 82948 25856 72367 24920 18833 10106 49999 59996 
14802 41641 64021 49953 35073 8737 39607 10500 92846 75338 
80637 3065 48091 79425 51781 57380 90912 18710 24832 59777 
59272 64908 66003 65149 85746 2076 7735 99642 97265 94227 
18201 16208 81868 32207 54554 55590 4991 12198 43248 47229 
39480 44927 66307 88486 51067 24663 68817 31014 95806 25597 
88843 88921 81838 9334 43093 23564 8840 50330 34890 38882 
96576 21429 80086 78768 88382 30183 80186 86369 88828 55396 
70412 15731 39658 34389 98036 34744 24938 21237 28816 80438 
57748 23221 97776 9479 92818 28185 6715 18681 76741 88089 
57064 42415 96831 93856 39654 73887 38823 38736 469 13042 
22904 4092 79659 56711 61538 46668 88240 28784 9768 64061 
12194 75507 88704 83807 80241 44906 86838 39925 91844 27491 
65033 20185 73842 46497 23500 86229 77450 16826 65095 2538 
2316 95351 29140 63917 88045 98167 67874 72005 63735 25036 
49269 71503 59495 540 98692 79322 92205 64130 31161 1131 
20752 70827 98229 55034 13863 10777 38537 9747 37537 35490 
4446 77334 37918 87698 92974 91575 55827 31685 92297 11647 
47690 92398 85201 40233 256 92628 68606 74630 95045 75887 
20411 88442 68543 51087 51911 55644 69352 69813 19989 46490 
16875 85208 97837 55219 26955 40770 28968 99995 67292 34384 
46743 23066 74280 77942 61277 70509 491 94264 41233 7235 
62840 22002 47261 98562 24722 21873 1409 39488 25491 92311 
29809 49418 93993 93947 38994 59169 21619 1607 13569 38583 
55592 72441 8365 51030 50257 34146 50328 51642 56971 84362 
39290 43698 80678 94858 55518 44291 57032 94640 5955 2341 
99914 89054 35291 42436 82201 58796 45167 23104 41591 70082 
3098 29325 99352 57438 12810 9492 84390 99092 32226 67536 
19293 96361 54683 10770 55407 79735 88670 46046 20513 15628 
48235 94443 37676 94347 67317 94919 9213 16777 2724 62640 
13654 76817 15826 70748 97259 22785 77358 10451 83429 41611 
12572 31216 91586 50997 42899 25891 31987 16505 57757 65809 
99325 27366 3835 4211 29305 35325 9598 56179 90036 6804 
59983 28114 24720 63510 24489 8549 93473 36545 24633 627 
97968 43303 11365 70104 57915 16175 48418 75686 24627 24913 
62812 16639 6685 77788 22674 23707 12498 70004 74903 11944 
8863 5964 46834 7973 26981 35377 89119 19239 53914 8415 
44812 24788 92934 38537 85021 79114 87943 3573 50440 1305 
78286 95646 82042 76869 19392 49552 98448 99525 77782 54384 
81406 95175 47933 87698 37004 96074 40118 17696 24276 30465 
99031 48281 2342 40407 44328 99856 88004 93030 65735 46633 
17158 63966 74404 39456 33591 85028 25254 50466 86677 5681 
37445 52081 41877 655 42318 45444 58685 22687 49090 57509 
31817 630 52918 38673 12807 15963 33492 70684 25914 42922 
95417 554 4059 13876 90710 87095 61203 52221 26479 63184 
66402 72349 91071 93688 49083 34176 90610 78052 61894 81670 
49865 80095 84477 26307 25273 42054 64367 41696 94604 48973 
18752 61880 26591 55257 79335 70428 1283 69124 41198 559 
85468 61052 502 84299 67301 19108 92081 8634 86057 86321 
73126 94238 18347 65262 75056 31434 58304 73721 90719 53318 
9008 52740 90165 55567 56024 84053 73066 74772 23979 14598 
42793 48507 37196 77605 9777 37242 23893 49877 3701 97054 
9204 78155 60445 96071 16041 5523 1762 19946 63401 3497 
12790 48430 78110 54527 34745 49711 49732 60446 37029 64414 
110 77789 75011 10815 78527 26251 49812 30602 14961 60363 
47593 36043 54994 46995 33995 42850 20546 80684 84500 17475 
39254 97493 15092 22615 81560 14113 76141 82745 95428 81460 
68535 38682 81996 98505 16125 15005 68149 51279 23293 61851 
47385 95815 108 82273 71203 24456 27377 84910 2422 83259 
59845 44309 55430 58304 25913 73473 56925 87687 76176 14859 
17303 55127 68544 58790 9254 12907 24341 83188 79215 73456 
53038 4942 84331 14248 90431 81344 9256 11338 10605 86987 
70341 51232 5941 66209 94265 2919 62534 36716 82157 76850 
91266 82791 53949 76712 25312 33124 26843 11682 37805 92004 
70412 28014 16327 91810 32681 28142 94912 6345 42335 82777 
15585 50297 87504 51705 29989 14214 17968 24876 96761 93529 
93128 46787 48771 79501 22198 97766 41496 64722 25259 96526 
38436 74318 38604 2953 70438 12823 4722 53690 35377 35643 
47338 39574 45101 97752 62582 64488 23091 28676 74409 99342 
2357 97735 80239 81049 48627 45115 49891 29969 63527 43859 
64119 83535 64378 72305 51536 75329 25421 47342 38 36138 
53713 67734 90088 64160 9039 12457 58775 40268 85153 13468 
34854 54317 85591 21462 59553 10357 34547 3667 4739 6762 
66957 84324 75741 41638 13968 8077 64246 91319 96731 96486 
47270 82624 71745 64634 96602 15575 8489 2667 19219 35141 
83502 43404 5351 79689 20225 51302 63294 21653 81058 2644 
32630 16111 99915 25575 88671 61522 59813 10850 95360 27978 
36240 30559 78769 23739 15007 99368 72831 1659 44282 84255 
12779 72691 23707 15062 22698 30563 78065 26616 92870 69371 
64640 25950 41404 49634 5183 46875 91709 4755 42009 26449 
90861 73307 50349 26969 6823 99388 88909 50367 30135 74093 
51970 47363 42462 59831 25671 52378 60177 20538 9161 8586 
78746 71526 59822 79250 86006 62530 5483 31200 38869 34921 
73292 7801 51262 20712 99984 21556 81832 22049 86218 25119 
32642 64492 97922 569 20652 61968 27666 84694 56283 46542 
68905 61983 5977 2358 86603 30095 90627 21008 50894 14358 
18889 73461 44639 77018 7889 7379 16955 24497 81621 7916 
52471 67592 99008 66296 28441 17600 5141 51550 40604 79468 
91656 56639 89295 47988 21443 3596 68631 75093 52035 78571 
89609 62910 93144 25782 94193 87028 70312 28411 11373 97039 
96716 78525 73074 10683 60658 11121 73735 74264 77242 62914 
11813 22523 61273 4238 51133 73194 19193 40423 66034 14564 
27190 61299 97114 5303 77538 69804 45698 92712 51746 46400 
31399 58414 32047 6546 77213 98359 61655 17880 38284 26242 
3801 34043 59502 23139 5645 88282 79058 15138 78873 89031 
45980 79580 12861 31752 79779 49921 73512 79863 28242 72404 
69120 87523 21608 44463 52734 80749 90359 38108 82543 59947 
13864 91101 46325 90217 98230 27012 3396 20355 68591 29595 
45413 96556 17718 70462 34934 72490 96739 25212 96968 41240 
67265 31866 95520 81602 46576 48944 5527 17325 85217 8362 
51034 30828 52444 33577 57003 44012 29853 67135 29502 50217 
46066 86742 56636 57239 55775 83817 54019 22362 36251 70633 
58404 86446 41040 96858 89700 22047 34463 58579 62844 85234 
36441 49378 73081 78491 54855 54886 31805 64228 43523 5619 
84603 13229 90589 51409 55775 85446 38327 54429 96004 31159 
969 58151 6492 77049 65950 16658 23051 14970 15381 32664 
80492 44188 321 30531 92811 14486 47594 34420 79401 88850 
82857 84512 36316 9966 3087 75662 24172 48315 47263 62555 
90423 86849 79151 78038 28014 92985 80140 26084 14198 10257 
59315 92381 14535 4972 26104 33901 32528 94143 6083 9556 
62994 8693 4238 40455 3392 26668 70025 66156 63237 94678 
18934 8450 86878 88409 4525 75159 86300 55759 65528 56303 
18179 88614 30840 29796 37134 18241 28255 21504 61769 94549 
9396 67045 24021 79853 9522 24550 44391 85927 50505 93068 
45257 26133 51580 56018 31320 58269 67041 74248 77189 96122 
43908 83956 60916 27032 65476 82444 4352 62011 90484 50013 
19253 5497 71324 67976 1972 11195 36982 89855 78066 26496 
32689 12172 46233 80762 7025 89163 40582 62639 67661 54635 
56649 33882 55375 32849 81096 62695 53208 67861 61245 19706 
67385 72387 41747 80361 21819 8155 38285 57118 48344 94769 
70336 96438 99392 17358 72916 36452 16277 4493 2374 55022 
87280 48415 60649 76079 12665 28808 79232 98068 96786 90816 
34501 45631 35309 54354 742 32647 1778 74080 87106 86422 
98298 68637 32593 23753 89654 40689 75898 98515 33801 78617 
82714 86907 34218 49573 21443 698 99395 19352 77594 88382 
93556 76139 92889 5097 90673 48875 82123 73906 39455 61558 
33395 26339 55932 77218 63525 16377 86292 85110 87339 1320 
48780 8142 11137 28213 65659 26363 91353 22137 61068 50049 
52984 59813 13502 45016 3223 1592 9827 79852 42724 1290 
24932 6269 47710 54725 77564 42495 8989 11367 43001 6395 
16007 60930 55806 18796 79067 63196 15332 89187 44458 76559 
5012 24964 51385 16777 53966 56742 1506 27533 80133 83895 
43024 84528 62689 22070 89541 509 56060 72055 439 14962 
53349 49314 17839 77249 87584 81780 74217 87184 64132 70140 
65847 47289 85787 55200 56958 52682 43110 90678 79959 86406 
77942 92203 70863 78947 51860 77408 4039 98026 80507 44359 
82037 64218 87448 20458 77826 57285 87825 24517 97066 59025 
45787 66599 20543 68793 87010 97333 84614 31817 20101 55303 
41815 77989 41495 92265 81121 96099 11647 93499 1573 85260 
87225 1457 95991 67072 78931 46548 51904 44463 40113 25567 
42686 66688 24841 18019 69922 73581 36072 60771 42224 80357 
13099 80793 86659 54889 96262 82511 68999 368 92001 22375 
78109 71140 98134 30868 86459 84290 32373 68638 41481 35038 
70048 3298 95141 76380 69487 52847 46240 81400 42061 43915 
84831 60895 19448 50220 26778 93171 73125 74143 63904 27019 
4762 77956 497 51825 40499 74640 68483 98 65054 55210 
93438 90546 3038 37966 58560 76069 18796 46702 9177 23063 
92241 65228 23696 75893 74669 93760 69053 54498 79507 7416 
11916 7667 14603 28627 48352 61651 52591 69413 46158 31743 
72494 80151 52702 90827 8204 4420 57134 57372 22912 84509 
46 52780 44821 39462 79397 78889 3209 10838 67594 71414 
22577 86171 33388 44808 35059 62899 13931 14890 12554 99060 
9116 47098 81030 95525 48041 95721 67433 33795 78575 8255 
4555 25534 87518 43189 78071 59673 19676 6810 15180 57101 
14627 40047 26109 99846 83454 2826 88978 7333 85904 93302 
84068 49404 61390 65105 77125 75221 31743 4877 75253 35403 
90595 94928 15502 56400 29321 14037 33785 49670 8632 55016 
66103 66437 78919 25709 20985 35867 80772 84218 55432 84903 
47473 87448 68990 80541 76258 26470 10827 4070 43329 25558 
55377 55037 46443 30767 85832 51027 68720 88777 41115 9803 
46774 75092 93193 67327 85462 91761 58148 9081 65758 53367 
790 71355 20077 46319 23703 29176 41402 93656 46584 55960 
16974 90181 53212 78296 4773 98394 91097 30503 12562 70803 
27 14762 89144 80508 26561 77305 13777 45338 59423 30689 
73482 80001 2426 29728 95973 49723 66415 86475 79222 23784 
41805 33835 75846 16760 57942 50972 11540 94771 4833 17933 
80399 74513 21563 15779 79773 22850 61602 92085 87159 73512 
24872 17233 68074 61272 43062 46518 22007 8285 77223 39960 
35572 3028 26473 42592 79530 77841 64159 98793 32693 27929 
11649 92580 37255 52486 56570 51316 97413 40998 37481 21843 
85128 17883 59969 87211 60893 99677 85418 68414 65029 41876 
59677 22623 41910 55742 8812 12342 42136 42255 97207 52832 
48649 60428 16152 2956 19098 4399 92376 16127 35280 52070 
56952 78705 23620 32756 64777 64526 16067 92366 10516 71158 
21006 26656 93875 40094 85915 93509 93398 47981 6898 40722 
24575 55231 16369 34700 61126 79205 49129 6542 94486 74147 
99231 62180 75534 29329 80459 67090 79233 53019 35900 43534 
97430 53953 40435 609 7081 72791 99043 82506 30280 27045 
46103 98619 95318 60776 58028 20666 69292 2608 55955 42241 
92051 94657 31601 97503 21387 36658 15102 24309 85287 92944 
84521 50330 79759 65436 79154 56247 46621 86217 50863 67084 
74848 7007 2984 41001 5724 78843 55995 77173 76072 10604 
70136 80426 19503 83415 52966 78807 9968 85460 29084 96894 
6525 53679 38825 22611 67647 13864 20429 82435 72529 86260 
49118 4362 84512 56346 17060 16956 52338 31446 65276 92189 
60668 69817 78457 19145 62474 75239 74590 50381 84091 78808 
90918 28395 59362 50071 31868 17402 20103 56934 34819 95396 
99364 53080 5200 24039 63848 7126 64330 67956 89623 27963 
93649 31923 33095 32408 62356 78140 71813 35760 26106 42048 
33806 85052 43962 3934 23863 53193 55203 4430 14502 10197 
49045 42170 61750 94262 52261 65120 13718 20467 84317 52082 
39531 65001 3417 9749 7018 99399 99563 48101 74911 7154 
33433 96336 45448 83554 64026 34294 92730 77891 91068 46384 
17212 40405 75489 15270 66887 22733 99997 31895 80524 84914 
53018 92756 7406 59232 53236 59109 59683 81192 38750 97955 
15320 55054 93435 93949 83594 40970 70757 70132 36973 86183 
32713 47454 31017 79527 90057 27270 49400 55133 16025 32299 
63433 37874 51779 58813 6144 9025 72643 739 37524 35290 
81355 51159 78608 30691 6624 28295 41939 94834 21915 96822 
58351 276 87786 79386 22285 77898 46892 37916 47560 28103 
51864 1692 43310 18771 7415 80970 32034 47402 27653 68077 
74268 33662 10516 78335 32040 16049 62505 61967 3171 13500 
97021 57662 86049 74827 82301 37315 70089 254 96490 92552 
6743 92745 57018 6186 93913 46901 15990 77244 83315 63677 
73210 7269 36156 15762 78552 84829 70238 95128 3413 55604 
42874 83687 2954 30668 63649 99274 64036 51162 39100 5987 
36516 18152 97989 34885 68352 91894 87052 52633 55136 78356 
12755 41754 91682 26346 13395 35448 92311 57680 94932 68025 
93444 71799 85560 97459 35650 6622 53105 44691 18878 32477 
24743 50778 41177 27294 83027 80154 68137 97823 98182 40606 
64438 69553 76771 27423 5310 96860 72224 42927 4114 36697 
24458 33394 91286 13014 74046 68640 69221 98006 47120 49637 
69195 71054 77032 35841 73673 12489 74720 25129 42357 44613 
90056 99364 69015 6964 46242 73518 70989 1435 95494 32184 
78983 58038 67902 33158 93804 32787 58251 22063 90548 79187 
92991 59777 68107 34924 89697 42267 51732 11721 42156 68337 
15108 23848 87312 73675 17443 83195 35760 25830 85551 11624 
56802 11602 11064 86985 21586 11186 10565 58989 22815 87967 
82797 71701 90780 40773 96159 31991 96337 4037 38555 66687 
25304 64529 81430 63529 19936 11956 69306 21608 72685 42855 
14948 28098 38998 76860 99845 43281 42021 55127 54785 37860 
6907 82128 82 48220 29545 12883 39238 54000 8792 85888 
75581 75241 66146 88524 23596 2663 5207 15453 22365 40218 
89721 55666 30541 71593 82913 92825 63180 83151 59991 17910 
70496 79161 5917 92963 82051 6569 51173 40074 10656 76086 
58967 30797 84186 37257 97292 86015 69413 80002 96821 50697 
27147 36977 6869 31813 90985 50142 71395 96998 84207 42753 
6601 88878 78275 54538 59015 5175 84510 10363 61137 26187 
72590 24457 84108 52683 23922 90719 53366 64588 68386 69018 
53883 11573 48644 97134 55136 67906 91352 68063 45276 97765 
6189 21833 87226 20960 87689 99225 52537 89132 63525 66482 
17675 62356 38350 97961 83354 94522 48934 69961 14462 46226 
90145 72304 71912 70274 71849 75120 79930 73321 90298 58798 
87405 47285 3206 5670 51018 27210 21010 1222 241 53250 
56791 22126 26261 67079 61058 71991 34078 28411 35125 22025 
75078 96689 75140 90435 2652 47793 60056 65239 95908 35608 
50127 52139 95093 70358 27578 8665 68889 35150 20574 53935 
13873 85945 22068 57072 63246 73315 21258 47090 95289 73613 
20287 63134 91597 3497 51178 91539 39927 49089 7315 90851 
48477 24017 29496 97876 96404 46248 53386 26912 31816 92299 
66830 61782 90840 21106 62589 62039 41399 34025 79428 15002 
53420 58704 80324 40328 14995 74235 9587 67200 69946 60691 
93273 68277 94053 17107 90708 395 19722 14412 56661 82109 
52534 26177 69345 52634 92006 63500 86993 33155 11662 5879 
50578 74575 23958 70180 11205 87944 1656 30886 45408 96235 
86532 89253 21035 64395 27228 24190 17828 76719 472 46817 
62363 95759 5603 26129 24983 54619 16475 28967 89456 86613 
70453 50895 86131 11954 18743 38314 88833 85788 11613 64618 
6447 68531 16021 28665 44840 95527 22530 59987 89574 47584 
52317 17383 6397 15031 69295 26970 68720 95610 7064 40324 
29434 25835 85067 83920 26503 75106 11504 64320 41944 50086 
17601 3080 80386 37496 46573 10990 93199 50569 81848 24817 
13724 46430 52505 87326 61146 76083 94459 10748 12077 72662 
37404 80641 17520 8839 19153 41563 81358 32063 73952 36648 
55498 95110 96068 90014 56857 94714 93773 39173 11299 58287 
78013 48056 61637 61226 47468 23207 97042 27781 68421 70455 
8141 77487 1191 20224 78704 15337 23653 64078 49289 56265 
28935 7330 83640 46138 86982 94830 39954 68186 63892 27164 
76833 73115 99953 57128 50146 83587 38167 28065 95461 15340 
89455 37260 77488 16197 81114 27425 92508 85231 36745 97131 
90775 50209 21061 6636 44097 92036 83144 75992 2895 89559 
30690 52501 62091 80300 44213 21537 57969 8841 21913 68460 
25139 44105 79353 62394 64151 14968 52756 39778 73172 72827 
25788 55570 86360 45509 92987 37480 32837 7203 66345 37370 
66127 37713 7799 72655 35712 77794 30792 44996 85524 72125 
92306 81896 85565 59290 54497 78721 5056 3625 24213 7589 
67446 36140 28959 92353 21933 68375 38439 44789 58532 55095 
80265 21014 2930 53353 52564 56107 19168 16382 25162 55184 
20586 8829 37602 40598 61826 84353 60393 53825 27885 983 
63773 93801 33092 71234 29968 64154 19860 59479 56555 31475 
51615 62689 79529 47211 50105 64477 13080 93095 48331 28479 
47323 54117 3699 21323 25994 117 60770 6269 4368 18875 
36797 53283 45068 32302 73341 43485 59697 74811 495 54083 
35463 85987 95349 91679 51335 16185 48162 20847 46755 61157 
95490 81221 53691 5636 73456 79527 87561 8965 69182 88623 
66390 92333 25009 37515 10915 77044 62369 23550 60033 39175 
77149 41981 56185 2180 52934 43635 99493 48224 8496 41406 
99925 8708 36644 88976 47915 1004 79456 24175 41311 95591 
59445 2037 95612 30777 98375 7281 11233 54556 88689 94852 
78209 11899 1247 42084 97795 43094 91218 63901 76675 59969 
89664 26795 64463 78821 11313 27937 19178 96765 34883 53989 
50093 26553 51111 86321 79361 78079 39361 74036 72486 9733 
57548 77231 39759 55321 22260 2361 1252 35353 82458 79451 
48319 22523 17779 77844 35887 88838 62729 72343 54712 67767 
38457 75304 49329 63069 43668 61282 59429 30941 62878 67604 
59251 78159 75570 12287 57453 67615 8028 99898 94748 60046 
68093 2863 39995 10702 76810 4251 65944 80137 37773 47506 
52758 61498 3363 50616 92813 55346 29564 33961 72264 469 
45727 21522 41510 37499 56995 28917 7642 20112 57143 33545 
19244 92979 44091 59416 49846 44795 27332 8543 82919 11885 
30492 9618 91491 61863 80896 73301 17664 97369 42752 47876 
10539 17830 83074 9132 49377 88872 55936 52304 28567 92937 
95621 4101 44755 82474 62644 30614 96144 25024 18849 56897 
4093 18098 71414 27511 20031 49117 48080 4160 35851 90160 
75679 10069 52525 17841 68073 5732 36419 62454 55559 51472 
78466 90188 14759 35822 37649 95283 43433 30986 9801 80735 
11938 68255 66811 56249 78300 64674 14858 23580 72563 20152 
24620 69529 60601 98523 5550 82548 32051 92026 25453 15909 
33691 93430 6333 84631 89692 80389 42534 21548 71417 60146 
27138 77687 65158 92379 13760 62049 7084 6354 75908 74501 
298 32957 72229 340 26127 71159 49582 37713 50113 19596 
60990 37589 82553 65248 68711 23885 11716 53001 16722 86199 
75332 58032 61018 61577 97261 57268 82285 330 59176 50504 
46894 69431 80883 50608 72277 89023 60991 87847 75598 90791 
35473 92860 14966 45031 38146 17584 96481 44555 6848 5338 
97462 55667 98314 71684 71473 41684 41399 12683 47840 32212 
83151 15138 44167 79570 43856 28304 87613 98748 68395 97453 
54508 9366 32165 72457 57365 75770 67287 35813 98761 94259 
6446 85368 305 45824 36332 44492 74759 12887 99908 86623 
73179 55296 45954 89154 11439 97878 22465 83068 79068 1482 
6003 77960 35466 33663 2588 79155 78171 21870 40439 86944 
97377 94884 12816 46468 87908 21407 98056 30794 3805 33589 
5941 85327 91997 6989 28927 66855 81415 4611 71652 10231 
9489 96553 8085 11001 98440 31265 81719 90011 87497 4516 
80899 67104 85096 43230 66373 2141 15885 41807 88513 46877 
65810 91307 20073 80318 16167 66779 24424 11729 6862 83674 
48379 1406 72479 77945 99539 74558 25348 42396 50004 18432 
75326 57594 2649 50660 32863 68545 67726 71299 14190 71760 
16372 90597 71686 2683 66400 45065 97431 46666 64669 92609 
86020 73498 24005 86387 23523 95867 7276 66617 87104 36336 
98965 41474 2586 18642 19931 90223 58852 43854 57290 78198 
65542 28834 3011 20002 8826 71588 90779 7570 80495 4123 
83836 47574 71657 99811 82595 14965 38175 78766 29088 16041 
9147 42558 1689 54497 17502 21548 21320 94622 34073 47588 
20953 90871 14549 10534 7980 23957 97196 5606 24665 59415 
686 14989 79623 63568 63709 68278 51987 58756 55506 25970 
2640 20815 27926 39397 513 76317 71944 54726 46464 18163 
42173 29059 13851 73701 60348 76250 18194 85917 42302 26721 
12218 19547 60885 62144 60797 69615 22305 79218 25303 321 
61820 33159 74842 91689 68879 90789 50476 3991 48602 68418 
58532 77037 64913 73995 21872 29184 5722 23488 9554 52922 
71408 42518 95646 37723 20194 14068 17758 1780 62036 5527 
97614 27626 60029 48846 16128 19353 1224 40606 2969 80110 
48468 58399 64403 7436 659 80893 85433 56168 93327 71512 
45262 92077 31840 40516 77286 41945 24951 61002 10090 16253 
46422 96645 2168 83169 36438 26886 24290 98142 10272 52784 
71211 27138 3412 42141 52653 34608 81989 37176 72373 64510 
91483 81664 43044 74133 58224 11883 88592 40148 74387 22305 
17442 5580 13832 67292 52086 4037 37478 50255 84414 51513 
39831 38428 22943 71252 16124 40829 4754 45626 74502 90460 
30468 2176 24734 49498 31638 93298 90527 27788 26302 67692 
58358 37337 51973 75073 35081 34141 87975 65495 56749 96521 
14102 73800 31694 86881 22263 7811 9419 79293 65762 98441 
50903 53641 71014 29905 72153 38053 28772 69508 30605 37573 
70992 8801 25217 9042 84275 11674 57593 44679 32011 88278 
24331 66773 47561 97517 15012 23968 11505 31919 36865 13183 
69726 38365 2198 65280 49148 53838 32875 23073 13996 11627 
93018 79640 43108 24244 46771 44077 24812 44409 94008 15579 
66562 31234 41185 29522 40823 49767 56985 57079 71120 57048 
3166 67330 68997 23350 68325 5504 27045 18296 18740 52943 
5040 50344 28743 10693 8572 45668 65708 36329 45873 18397 
33511 68919 4813 73275 97262 76800 98720 12183 1421 21096 
76209 91263 3715 21095 72216 24117 23939 29225 67137 96720 
61653 12462 72463 94522 35987 27306 78775 51953 84908 43270 
48865 4486 79748 81245 54539 31489 84466 37056 997 29979 
40993 30770 25334 40674 35855 8365 49845 56793 67153 219 
48017 48085 57037 90078 92170 40385 67422 96937 94229 92859 
47060 75204 56956 38741 98193 65580 28924 42965 109 67792 
59845 93845 79379 62741 9950 31459 27746 8500 1470 33922 
21741 15223 33812 5704 45852 45183 85535 38622 10505 5409 
82679 45507 23971 13316 62499 35529 90734 14884 35744 75606 
12384 13874 98528 21828 32965 48178 26921 60674 18557 48028 
21266 88049 27641 36252 94057 12199 39938 84338 3056 27216 
19602 52946 26459 68712 56633 60548 30484 29218 31897 358 
53720 82916 2186 16453 43895 71848 47255 72776 53047 96317 
11039 46437 1457 39012 59508 96266 58419 57364 29376 83285 
82524 15095 73115 3356 4195 56010 49622 81735 69617 92352 
83508 47728 92322 98336 3243 54794 53673 87426 38631 91415 
1545 93622 27944 39312 28924 37469 6399 22817 5487 52750 
18644 14122 58020 115 81955 13344 7215 57161 29275 79818 
53945 68356 92926 4484 88449 77064 47332 51999 80182 84657 
19831 82431 14750 87820 72024 20668 19602 86844 10200 88930 
32159 20918 81472 96113 59974 47684 78731 45021 19805 67398 
40231 10574 66765 55181 96567 12706 754 43486 59123 96390 
79390 65237 98182 9761 23990 74271 75087 76969 85779 45151 
1793 40268 66146 71722 29700 92296 4420 39307 96369 91251 
34991 60192 74362 44180 98475 12667 52544 94472 91542 51105 
95802 36479 88961 79726 28245 17276 95313 71792 63598 76824 
17983 66696 81241 75263 55224 20364 46046 87473 79965 23975 
51127 88739 46116 5367 96116 3643 16021 96942 79159 33688 
77646 76882 65688 17064 97632 95357 59170 36144 43632 93854 
20244 55815 86679 49558 86785 14171 27105 94811 16944 53739 
78930 99608 10397 95883 2684 78091 21078 57444 58923 51430 
76350 68785 37785 48848 7854 30179 8602 79105 87279 43005 
53106 59273 87841 51480 25913 15273 85719 30017 86046 8567 
66937 43126 13633 75071 79681 74797 90680 6365 21054 95821 
46699 14212 4245 59955 72376 93147 74138 95214 45071 7194 
45371 69028 78775 30641 49078 5067 62631 21857 41693 84816 
61454 31361 40633 94963 10860 62939 95301 16648 52311 71020 
4271 63544 8119 63175 11898 52991 1961 37811 45438 62380 
43008 53960 95302 16259 88383 75958 88593 63166 5473 39967 
89234 26184 8465 69400 37169 43169 57522 30316 29992 85245 
88217 10808 66246 83620 20878 70864 35727 40851 36014 67160 
88249 76474 25612 80972 37105 15869 11563 92281 21844 43251 
17541 51330 66583 34249 38376 25180 28256 76256 4116 24242 
51146 79115 66014 90146 91492 49938 40912 46237 66611 52913 
44198 52747 83468 27834 79667 44453 8923 60911 8698 98425 
67935 50153 87669 44714 41034 5748 64497 54029 44102 29840 
48304 95405 7787 94833 4454 46088 84586 61792 18749 54480 
55622 49369 8882 68139 50165 37547 86613 5971 83620 58778 
51244 6166 91440 25056 37200 27255 41773 28168 47310 67500 
31011 43250 89704 23614 25484 14514 62098 61164 95575 20432 
44790 71784 78985 43241 12176 26712 60182 54125 98770 88982 
50220 77119 65121 94193 2473 56377 16534 86026 45151 67173 
36287 88152 13528 8644 40699 75972 86028 76555 23233 63373 
78156 16097 27802 5157 4122 27491 18338 70963 21838 24064 
48395 62415 48820 56093 14426 39817 25481 36178 61672 28162 
72993 92139 15618 69361 10851 48936 28010 57695 91275 13950 
22707 60652 91431 51732 32713 5384 47387 73318 82375 37978 
50494 70469 20575 75133 59386 55989 74262 63550 86928 27469 
14021 51487 34417 59739 42137 82807 5702 23518 5843 35888 
46730 14218 70217 55591 65386 92167 77347 94128 86956 99090 
4703 35791 63525 72603 89390 37888 72896 89861 59541 69808 
2270 13257 60397 86850 93073 22932 58211 89227 86209 71716 
24632 39478 12423 10351 57090 14304 8244 98524 33993 91101 
95659 50600 64043 77777 90946 88034 7161 24952 93030 19695 
78135 75712 90612 7367 9440 30377 81792 81910 22368 3820 
40754 94684 73048 79089 53796 89869 11134 90262 24582 26578 
71290 27023 9850 20806 51818 30145 93656 45210 89790 47078 
3402 370 52317 54604 23889 18278 55327 14614 40511 87937 
93392 70906 50107 48165 8883 25473 80000 85765 23677 40522 
39038 53866 77942 19911 78648 57198 55740 22686 9028 1636 
5951 94953 7694 10222 26118 30966 55669 50758 39464 2920 
76652 24790 11700 20405 78939 543 4394 12966 80188 60150 
38880 2138 65182 5090 38942 25891 80229 34624 34465 5192 
72488 27583 37084 95681 38705 45956 20114 12606 34177 62407 
24957 60608 4681 69204 28715 89278 64498 56683 10076 70497 
16086 80480 30021 90408 60421 39676 52048 4806 45602 33338 
24890 32863 6755 6027 37203 98126 25524 9619 69281 14946 
78515 17929 35102 58397 75541 54075 1269 83 38689 1384 
80073 41457 42384 67044 35598 33331 31028 98743 18670 45549 
3821 46302 11078 46499 20149 49001 2406 13041 84533 41435 
3252 36740 60621 65869 14953 19774 43825 32427 89843 29910 
80583 8438 90289 54774 10058 52832 19835 47900 76169 8947 
11095 601 36712 79179 29925 92245 60798 46839 95764 89289 
70294 50812 57002 69699 8655 29106 23968 42566 51419 69925 
58563 10375 80260 60949 78517 19377 2594 25366 35946 20289 
16838 18705 30732 33451 78995 65057 65495 28948 71487 53399 
15069 30262 90134 36151 60163 94527 96247 32472 72738 99442 
71029 1480 42503 43972 84024 23654 20660 33120 52922 59462 
49853 73156 12074 89200 33515 96578 65068 35009 80093 93760 
24055 68008 87234 83128 89557 99499 73119 20985 49863 29920 
44431 44708 60895 52692 91135 60623 23779 72295 79918 28645 
10065 814 72947 61605 41045 17968 46262 53471 62357 47530 
65141 61882 61286 2763 11745 27568 61236 4792 58271 62544 
68542 80745 60392 61787 26487 51113 88649 31751 44134 29850 
72323 62048 92231 24240 71148 33698 11976 91601 57676 82016 
54445 8284 57537 4928 47724 89758 40924 43517 32562 70494 
92418 28964 45980 64306 25804 28695 35103 69768 8231 78221 
95040 31935 79124 7727 63164 84491 21385 26493 63906 33108 
69166 44007 85044 17591 8577 5460 67914 91907 14387 34367 
28975 20414 30600 66485 88577 72670 5531 87032 50389 96144 
94008 53407 4753 23540 90944 12724 42769 89151 91272 6100 
37827 12664 87483 35443 61451 81115 13331 2326 19167 83129 
60740 16214 54155 63958 40562 93923 90030 36074 6453 32927 
72412 86849 1052 79871 46938 74747 72679 85966 76677 9324 
32331 49706 12907 9757 21394 68932 61840 40937 97689 3492 
35211 24641 35953 90755 66311 41352 44574 24751 58434 37528 
6395 98923 6641 94907 7955 92876 58906 65011 56713 90845 
1208 69011 61298 90652 57243 78211 85014 71547 84453 60960 
22258 46112 38766 66650 34169 48677 45409 12820 50510 26904 
43965 98215 97579 79452 94966 60575 53438 83911 81553 4540 
57127 94466 56331 6547 13339 40588 40946 91851 39620 74007 
82058 50496 21983 21801 98025 53955 29468 93372 64315 91480 
15105 88446 29312 77431 99656 50578 51849 20460 90620 35726 
68543 74487 64480 2043 67612 29516 30600 31161 72240 35572 
39454 54200 29181 22570 42750 52991 26651 2303 32346 4776 
2997 39254 47928 86370 58986 54537 53967 32142 93773 82050 
65581 74275 9957 17827 27316 55274 33261 92671 48248 57603 
31989 25022 20387 50206 69536 28317 92401 29602 67428 74603 
91476 87978 10605 27437 36785 99683 21339 96187 14625 91151 
84383 89313 73266 65893 84865 97600 52611 75727 64125 29002 
83019 11498 61186 70505 29299 5450 35826 89817 16823 6835 
34021 10313 26409 31969 67109 43422 49422 81665 37171 16207 
30335 54805 90977 16970 28681 11124 25173 7662 96206 39560 
56717 33391 20898 11791 89814 87670 67598 76058 88179 49150 
91088 27185 36444 39576 2169 98317 21660 58439 82702 69500 
3826 88613 80616 73761 77201 8988 25076 76305 35361 36462 
99540 26583 96475 98701 60572 82833 67921 19588 49397 63696 
51940 19340 61085 27740 55595 69080 71077 76014 77939 74602 
71602 14773 15001 68987 88765 60497 43122 98263 93811 94747 
12867 19678 43925 53019 65193 19813 80665 78032 23795 23731 
77799 82668 45411 60580 1885 16533 67025 27273 72748 70149 
3208 73894 94872 30954 18919 49459 1532 47559 3265 86939 
11780 76306 71229 11296 94513 372 97495 96950 54457 5324 
51005 93987 97988 25580 8658 44069 92144 6938 84399 55308 
35790 60657 83037 31259 47426 60573 60092 92972 9447 80259 
6816 40745 10345 36182 9582 39636 48969 26691 66115 50399 
11388 41894 70477 37013 71244 83026 54321 62767 99574 6989 
10371 16096 25227 25522 86385 88618 8015 76974 61337 66182 
41149 74723 35533 38048 49985 33416 63478 67736 23324 86374 
5679 22211 99331 21085 65030 13928 60864 31197 55230 64163 
93840 21006 7791 74501 84323 48072 48004 55378 44384 71867 
34396 48449 70814 1673 80427 2752 78476 43079 91926 47630 
40650 31807 56154 90847 87853 87313 48293 47740 93663 24589 
89563 88640 17181 24251 93970 9851 38039 20948 27799 79059 
46035 84134 25799 73662 27083 69940 46967 78826 98122 7795 
79661 75125 49747 82926 28452 98357 51930 39458 44844 83217 
92809 17315 88327 18150 40957 4694 42509 54243 87814 43893 
53161 52717 29898 32590 21882 55644 44003 23076 44275 99164 
98460 1004 94747 11309 48280 15825 26381 57668 35723 7217 
33849 34312 8831 96638 5986 53013 47536 44894 78078 94300 
49552 44011 16762 67393 9188 87187 96275 26587 32166 78969 
52349 33144 23617 83379 30912 11863 77688 26730 78902 50956 
30559 46013 67054 3967 6719 98622 15373 89837 17335 83699 
16039 12998 75574 70166 96874 65262 27938 75798 75444 67548 
148 57460 22136 4669 12313 86534 29117 10770 68403 33560 
7934 91149 97014 43718 72747 66073 37003 86755 36486 63407 
90896 78261 73768 47842 63670 343 35290 11956 6722 53654 
67484 3358 9421 148 50049 8524 59493 20328 68432 30942 
36457 74299 31685 44008 17360 82860 974 5459 6498 13518 
92975 70330 39582 9189 32159 89102 42450 57997 52104 84115 
80518 63347 57035 13377 68562 26873 70618 26787 36643 41782 
64347 89947 37691 90644 64716 6108 79277 33264 81721 54191 
91141 9630 3144 36334 12990 42690 83118 7052 35114 95640 
98166 36619 46189 92877 25089 64261 29986 4643 13025 87012 
38709 60753 3294 68938 55368 55041 17937 44905 46990 26577 
23211 82443 88691 93107 75983 41676 24305 74092 58420 68251 
52220 11320 42692 31453 13304 35652 57983 44426 53150 78771 
53625 47566 71642 59674 77047 69065 52688 50948 87798 69936 
8178 41679 39077 53353 555 27437 87974 44851 6712 54884 
24561 50332 42378 1070 36528 81672 27846 39609 96580 80401 
32228 98152 56063 10594 12339 64816 4808 71482 5555 41821 
76154 33999 52474 44683 37541 62505 99024 57740 71820 76931 
80754 13160 64133 12493 99731 53881 48892 74669 92022 38219 
32880 8025 8630 58914 53173 41758 59391 91380 78352 51933 
9938 69290 6622 48328 324 70947 14125 65673 85503 22097 
54881 5468 54208 16826 50993 65136 7415 5913 47047 72682 
44523 86778 7748 37474 78227 44482 43065 85028 71582 41860 
33231 82512 49099 89453 97409 78683 8594 62873 86108 7627 
15930 31163 28038 59839 32896 2970 9556 65764 99639 73262 
36370 70401 51394 62279 40286 48109 64315 7462 9454 56947 
23792 55234 3046 73429 46113 60357 95842 88870 64963 55820 
58067 69550 84352 73835 53113 16650 31956 21446 31726 44522 
25073 32217 55259 57233 62013 43729 78720 22936 21007 14864 
23281 94124 83861 92173 32404 5835 49777 61810 71012 44651 
24599 66781 5456 96211 86833 51775 52060 30687 22747 43808 
5759 24513 70503 24281 59972 51578 91610 8120 330 34021 
98702 95583 77316 2349 24974 93350 45849 97298 48701 11733 
61188 33545 75183 5642 23797 10616 33773 12057 21167 36734 
89334 78087 8904 17768 42777 60206 99660 1021 55100 45212 
95162 89780 42456 49396 35205 43640 73146 84971 62581 3499 
35203 31756 2692 88544 24457 5813 14017 81247 31989 7160 
49616 5989 68611 70427 87592 16322 85157 63448 36179 83897 
94816 54014 40498 85987 973 3502 22423 50956 45081 7710 
41608 16597 97894 70873 84675 64400 167 20701 13396 32807 
97544 42396 99233 96950 42948 54268 19071 88684 4493 86520 
69562 13262 74856 91516 17329 7348 28366 43020 2615 84618 
57740 62366 51251 77616 78211 52411 83521 1466 84649 67 
64687 8369 88070 61190 93665 49744 18168 17579 7949 68712 
29392 61933 70720 7580 53907 33016 44759 40582 40569 4145 
68551 52112 93361 73195 34165 53244 13948 1651 97438 47133 
5645 37445 12529 56347 4975 61493 60272 22867 2047 84743 
6067 1205 24878 25847 88805 99716 96065 26450 5477 79449 
17104 3066 23941 22816 87018 17286 25903 31994 48239 89344 
35579 16345 12725 40773 83258 46919 53316 28553 57167 62112 
15130 52784 59856 10963 17864 50838 94729 6437 1842 47112 
84121 43437 14035 68681 86964 55097 28246 59022 51007 16712 
35230 42466 37975 47439 50048 21698 39626 10452 50916 51266 
69884 78485 90600 46087 97380 962 98780 91179 88525 42495 
68103 75708 45269 59075 70752 91709 21265 67452 93942 59075 
30375 86856 25417 48185 15474 89821 41710 4509 31682 40835 
29935 89473 71257 92372 50697 85386 88847 37827 3596 52213 
32047 18994 97055 63821 91672 13082 85145 77334 68734 83783 
24521 23653 28678 45274 23822 57189 80941 56421 75392 9908 
22177 4594 99142 73892 82982 22141 26909 96763 27858 99125 
55511 70100 16274 83519 51098 57691 64195 66450 60445 32692 
76601 73468 71407 22485 41340 78780 30063 49287 45286 54822 
15317 93257 86567 12035 14471 73357 27009 15278 66885 42778 
28076 35064 24958 69992 37523 96292 56152 92487 80245 87788 
56108 35800 70405 45690 56968 10898 67498 57456 41803 26046 
48479 30721 98285 668 45844 2517 28148 60412 23340 53993 
43936 47813 8573 74092 33440 86354 70419 63076 52602 56272 
80686 54503 82727 95489 62911 898 43380 33212 28046 60757 
42307 90986 41495 35221 64808 40075 91817 20808 28876 27663 
53862 11181 71246 99838 32134 48306 76797 2513 69459 53148 
97439 26038 59214 11491 90701 49711 72297 22866 60308 21043 
71243 98891 94773 3852 55311 70497 35334 72248 70885 31741 
92656 82056 80335 54394 32879 32292 25189 62441 52821 94757 
91154 30445 80167 48025 22229 59872 57854 12898 85921 13740 
35463 76888 50750 69363 40643 77219 51654 87656 66728 14177 
58504 29203 84414 99846 84648 22065 31268 91319 59580 23185 
55656 4590 15473 80664 19410 73817 88836 95358 18234 32059 
47370 48239 58445 97898 32936 31564 44812 70831 92507 41447 
28557 92169 50194 45258 21976 86281 19567 32560 10347 52183 
79786 17162 84791 75533 622 93148 93921 75063 7258 2718 
98786 72505 20289 70332 47911 86569 45994 57590 47025 73552 
30609 88576 12213 81389 5060 73794 77630 77490 8742 64441 
81606 93797 39600 61813 67137 14625 33867 19130 80499 70578 
63831 94079 788 88540 37512 87505 18867 99925 63651 15825 
54000 92550 31333 58386 3617 86127 18621 79644 52782 95136 
79533 10668 27413 49600 32620 42065 33254 8906 48007 40592 
43240 64778 72316 19681 2066 21765 95453 69136 64563 89647 
97747 29245 98123 83922 36665 9277 17872 87214 66333 65751 
37834 91699 31874 2311 69942 32968 47104 75358 71623 5544 
21314 43232 31776 9248 44455 709 18556 24786 79523 22712 
16358 70933 31003 31771 18881 5715 11980 12417 68066 5290 
20004 80531 16081 56075 67655 39692 17035 77342 85707 90141 
20163 572 30045 65577 93852 50227 52186 96457 53488 6437 
2487 59434 51149 86410 17082 62730 32307 46793 59134 33567 
18423 22883 62451 41648 94339 48105 77819 3066 89171 10817 
11278 18508 32890 73924 52471 35083 22619 73763 65493 37167 
82736 95614 6235 28612 67527 2155 22352 39691 85183 83253 
32815 52886 72975 9818 81832 66447 48544 23916 31486 34513 
79471 59472 17415 30733 49420 79875 70512 24743 14941 51504 
58006 29559 67707 24859 30701 90568 67795 62489 82365 1980 
60775 27670 20160 10726 79595 39566 11845 88943 76457 1524 
35953 14290 15773 2222 66968 93375 13017 58230 31368 11196 
29506 33339 14367 71103 7985 48478 41488 87253 81620 13685 
88898 59807 65802 21740 75856 87248 490 32767 31594 8432 
37661 11649 2162 2587 14911 81560 78945 9475 83106 19743 
84192 91146 5003 83554 99151 53865 6803 48198 69473 69996 
87591 67294 28381 92627 40009 96087 18111 64626 17997 55597 
74773 18802 88092 74003 4643 3375 22836 9168 16192 87415 
26662 38684 99894 35569 67351 11975 91398 66260 80096 80019 
81954 38923 49838 96757 99952 77880 39234 85047 79598 55790 
68914 27001 20488 84886 96390 17611 87108 51435 14556 52949 
55959 46589 50533 25808 44045 15762 55238 66474 79396 24064 
91032 16613 17169 96180 70664 53688 31803 13071 13975 68429 
35003 60964 17467 22146 36898 42395 67612 87592 89619 1552 
36024 66407 2853 28149 25152 62744 38370 33772 29048 13353 
91306 50158 46491 70461 67825 134 46965 86121 32124 57591 
36487 95224 42408 7794 85799 1800 10468 39745 12221 22027 
66642 63103 62247 8391 34122 2365 31893 85654 81206 87999 
42126 91494 8119 34908 91530 34042 4927 69282 24565 80135 
3701 74480 30099 88760 1972 98202 29078 97675 300 63528 
2505 89746 40128 41751 64585 41459 38022 44855 39494 85224 
77930 62443 5735 86944 74347 66732 18371 9084 72061 36583 
65897 16531 45669 83002 43353 99726 20896 18011 521 48460 
94556 60465 14465 37887 71901 79576 67230 15405 82746 40546 
5619 55793 19517 48145 82275 27831 80039 72157 46665 13475 
98409 78708 65904 23211 4332 13429 83227 48057 24747 67445 
25918 18634 76051 731 29443 68049 20074 64195 25127 1844 
56549 72414 31770 53582 592 96335 6722 16620 68010 70672 
17753 8880 9446 4908 72362 97329 69771 34210 40024 86137 
4372 1256 98615 94373 83826 74566 7025 29064 77541 90263 
37059 50569 53031 28779 84669 91041 13825 21767 66885 92190 
88179 56036 76692 62306 77873 24620 71160 17668 28417 91968 
95312 1134 52574 94261 884 92669 91639 59506 70378 79013 
77008 52692 41618 24139 69504 49098 49403 98920 37490 17497 
64971 22477 57957 64089 23067 59129 78348 38038 17432 30500 
62990 80560 55812 43736 42086 90459 62227 41523 71300 36736 
28271 66727 96651 77210 39220 81402 65105 70874 98356 4390 
22434 65507 63380 70137 18205 81295 94573 17238 99925 63656 
97068 89202 85330 4848 44851 93752 82126 75418 63222 88998 
5624 16558 12862 68398 76532 87593 48714 43094 37145 2491 
10953 74360 70641 17031 64321 70338 95389 1670 39914 14647 
51727 27077 92308 49101 36397 7810 10973 10925 47125 18547 
66140 97558 26291 81855 23865 91034 69421 91458 39442 33599 
11992 96109 34168 10527 192 3236 88368 3785 30372 26335 
45971 2014 62935 54154 61934 88981 11616 63237 95618 49655 
62651 94660 95077 7907 72598 17520 93504 1772 98965 36292 
30255 17174 19726 60113 22019 87228 96718 35227 12323 87597 
51314 76473 37735 64714 68079 70489 71772 64170 17482 96057 
52931 93399 43264 33103 3250 22638 92640 71971 81361 98562 
94220 38767 96158 60026 21180 32006 72298 47918 3707 76938 
281 27886 53864 53204 85670 36988 72629 94576 31485 77165 
33068 54591 33407 89196 58053 34099 14753 25974 85585 15382 
1550 41247 86195 46372 10208 64779 37377 43884 11915 25110 
32199 63187 43699 41773 644 85009 80304 80499 43884 17554 
81489 25117 8324 38358 246 71382 87113 43345 48341 2395 
97833 36299 55478 27776 85832 61122 53078 42858 11101 66019 
65768 54962 98579 25141 6671 9961 63592 56654 92102 4078 
78257 76028 73208 54042 20628 22846 63816 68885 83116 1192 
37163 68894 63017 4898 90025 67110 429 36105 63359 13301 
48656 63276 77184 19108 6525 24784 24175 16802 38099 96621 
87879 93104 84870 84848 21651 84804 52763 73047 60214 83273 
67983 96855 50788 53469 60304 18777 8295 17074 49986 38873 
25116 34958 34651 33030 60307 11883 81480 66117 25842 35640 
63334 80622 12691 65462 76489 29741 20065 96188 58329 62753 
90751 94355 78032 3457 96961 71418 32382 80882 97297 77635 
32741 76786 75243 28564 82749 56561 45441 40392 68945 43891 
79417 40076 91168 22479 40650 24578 54941 45363 50690 43521 
69231 18589 93219 2002 9713 1155 61665 85204 49363 72396 
43718 63098 26872 48469 21518 94792 93910 20494 70507 24377 
85305 47450 7170 12508 4289 79794 460 61235 16575 48514 
97719 38355 82652 3594 68930 36838 6705 64767 27172 10124 
21168 47144 10854 34997 72442 10401 18948 54377 81799 33211 
55056 20064 92417 53434 9615 44650 87337 8214 33466 87913 
61521 64795 76158 36018 3328 4265 63037 98736 18033 39988 
88523 41408 76084 77252 25521 47766 47627 4726 42541 66167 
65486 64986 40400 89020 23080 93012 25439 68022 72120 23515 
26547 78980 4241 96349 13721 48063 52155 81944 76851 1966 
18384 76226 69813 52530 5983 73026 34600 53884 92492 28053 
20138 25490 16813 15146 2572 38350 49903 10055 47795 74334 
3215 55938 62872 63333 19394 43304 16360 87992 88141 64953 
6340 95522 82253 44585 24258 80545 8081 59169 48554 84071 
27035 15165 53914 16602 44099 86732 91939 78740 53108 77555 
31721 95108 36141 64777 87495 49803 37857 56988 19145 18239 
63255 41739 36464 77324 60619 61706 8722 33390 23371 45986 
39671 89112 16730 53614 97117 34832 4529 13534 26357 75472 
5305 55736 61379 22055 99058 87570 16354 81942 34288 12122 
53438 85076 69272 80750 86904 56234 26215 47876 76421 46423 
56428 47427 51184 1422 79881 52776 64883 13619 90005 89538 
3618 64705 72061 83126 17216 94055 40191 7389 45384 77639 
97741 36257 30598 53 8976 95843 42619 53886 55491 28727 
51452 94814 24532 9958 22611 29961 9062 52779 13917 99107 
65073 55896 86794 28072 75104 63470 41569 29925 44178 12584 
48697 23964 37339 87761 80289 60324 81504 30057 99577 19271 
13822 99140 28854 6562 23203 13066 20898 5449 62707 68600 
42938 24737 63460 50110 97390 43555 20131 68063 14884 66848 
86349 53461 71350 95287 58551 26954 97455 61024 65927 88192 
42738 42949 77656 59337 90899 22372 36954 1520 78268 89423 
623 82190 97898 78475 66063 4278 5837 18196 72389 8010 
63147 32696 16880 43843 38334 44215 19619 35917 88049 41130 
61381 80520 49959 73913 94321 96840 23572 86659 61303 32790 
70658 69081 57530 77454 95629 51939 8305 14079 77159 88154 
12102 47245 59445 22829 18457 99506 94705 81277 16957 9433 
96198 61312 3418 97185 48023 33793 49258 86465 67384 7358 
46301 8126 70418 89545 15253 42006 31204 74920 20265 20665 
63677 18710 53702 13226 44419 65119 75722 17922 98223 57383 
35976 80462 76974 27780 34695 63116 65666 16799 64386 15730 
51775 5112 21929 84999 20718 30719 35614 77800 64974 71803 
93850 59844 30414 62374 20934 28128 74804 96751 71362 47636 
44760 90423 22209 34732 8970 43029 48938 1224 38664 91987 
1433 8573 24617 2574 38236 99121 93909 19609 16855 81507 
32139 30555 19009 65409 13338 17196 68292 44815 34759 94716 
82657 78759 41261 25645 68426 54324 30904 5907 12517 70902 
77706 86331 73264 28801 30071 87618 99799 82557 42216 45177 
4384 2567 9403 17384 5760 65807 2881 53799 44995 76408 
28447 14310 23367 10715 92653 71879 80033 41381 28666 8159 
37272 36884 9511 45177 7141 42174 93927 50131 14841 94730 
28934 34430 12855 6517 41023 12898 58710 76782 93187 11992 
96480 26650 83545 30830 88885 13809 55001 56327 15337 46911 
82800 66744 31393 58564 80927 4556 84858 78036 34939 10753 
13347 2168 31695 59912 78622 26443 3701 48841 62467 10366 
49281 35293 22780 50421 62391 26675 76554 23624 463 78764 
63391 5826 53784 98814 46786 24389 91570 756 73806 27556 
77203 84780 87187 31527 88387 72408 41748 42603 8927 89470 
30695 56896 32538 81624 62040 8009 23 42677 47302 59648 
94161 44374 66085 25615 91092 37681 33466 60983 46465 68114 
81186 78253 6701 9269 31883 47640 25826 4333 56697 64309 
31709 84576 24227 37459 82574 36264 3539 55991 67836 94004 
49354 6585 64734 76645 45241 50245 53507 33330 28681 74907 
21515 4484 7157 46767 23819 15867 22890 20682 25357 64647 
78190 13639 52461 96719 47734 58743 68062 40782 19886 38238 
33571 88721 27221 27443 78998 4474 51806 21668 72389 44480 
55280 80 3632 17100 743 4203 80076 41630 32017 6429 
79331 60358 77105 32675 77265 83052 85760 50892 13960 80456 
60231 76862 3150 49354 94663 72463 14778 60404 65777 204 
17274 62875 1390 83190 19600 36586 54744 67199 92208 36318 
42078 73361 10916 427 2500 43496 11944 469 77441 95187 
30766 78744 70080 99383 77084 85665 38016 95596 97065 49619 
38100 9758 35939 38243 82499 43501 23564 39100 76360 79757 
46200 93468 41235 55239 30576 15573 47271 4598 15155 13484 
7322 12715 58096 71805 98584 53322 35821 3766 5504 65194 
29091 37431 97957 86937 47039 54969 85039 53109 91426 62628 
7576 85620 82562 88247 63183 44254 76136 91044 78584 72462 
14736 35473 63658 35572 73676 83096 83887 15317 63521 53543 
49000 84330 61256 78145 47111 39229 98350 53724 42610 45935 
60981 23393 30183 96021 79920 48655 61619 65110 74411 50200 
81977 21998 61985 50754 23697 8623 772 6951 26022 92827 
82457 57526 9367 21354 87801 53488 14743 68778 17585 44364 
81709 37594 73666 52083 87797 53007 53314 31812 79229 60879 
23161 85649 81097 49816 68389 87361 75695 32890 51575 75884 
77788 53433 93140 41826 13069 88396 17300 77636 9975 92129 
8998 74857 86815 11191 52555 57563 85986 9633 6838 58359 
62415 89034 49202 53520 45128 57932 8956 87789 13253 35127 
89413 42406 39217 2896 17842 70795 59147 19344 3867 23262 
30917 2369 11055 56756 9833 31460 55502 70519 68367 42414 
55534 85415 19400 76230 32183 13652 23127 17544 89511 40006 
66450 98309 1071 97206 81221 10497 24307 52498 48655 60788 
87150 53724 1348 66922 86187 96267 777 15971 94830 98121 
49499 62579 85385 57332 45704 63587 17031 80350 76916 70734 
99781 68396 27190 1701 35219 16570 87417 7403 83992 27510 
80635 79386 30315 67104 35793 62460 3931 10545 29665 71283 
71912 21873 5830 77714 29543 65694 25840 35937 99746 22508 
4737 81405 36534 2752 94482 2869 11411 83828 36076 12079 
90048 45719 16015 47137 40244 3049 67086 21944 12062 74723 
21040 73140 91710 83469 77329 2442 32169 38502 97151 99937 
32617 19968 92126 58869 16602 34689 27460 46615 27439 67907 
76350 72043 39339 20597 93961 96233 5512 75992 18745 31101 
20180 98658 19510 35463 88366 11839 56794 42651 59182 58283 
9685 16706 62522 25209 6249 16151 67826 43119 14382 90506 
2853 75848 20975 40225 32377 29136 811 24146 82183 98476 
98197 81067 61405 72143 24212 59403 39738 43014 611 29381 
31030 53037 51602 76484 83511 10775 21892 13441 34205 37771 
56207 46575 77271 92993 78975 55152 33259 84809 17556 6525 
594 3044 45375 73986 78105 63209 46985 2400 98018 22338 
94219 52105 70113 63468 72951 56807 42463 27451 24334 54709 
59931 4915 42888 39621 37476 2672 35983 77048 35136 71967 
5124 97321 58632 11235 18521 51811 85289 37937 12373 22086 
68228 499 59539 32806 89519 84809 87363 47916 15379 91236 
15463 58323 3660 28809 8151 14443 23084 64756 35486 78906 
9464 62258 53499 63190 35817 30182 88641 82221 43436 64357 
64984 74205 49986 22842 82010 13532 53473 41411 52182 9233 
76242 60274 9936 11897 2289 13837 83774 95844 95471 69934 
63117 71829 82163 16323 7258 50725 15317 46959 99322 48992 
322 15911 29362 70662 39259 92630 59840 80108 58710 19450 
55632 49113 66587 57925 44103 59209 48936 9789 52604 70445 
68782 54364 60666 77929 82866 22161 54688 19221 16781 12221 
63329 21500 41836 86038 91940 14624 53776 87975 69413 34452 
85806 1455 5938 85153 93169 53086 58030 87874 96852 46459 
13650 12168 55272 41504 64583 15670 13780 47772 65773 89862 
23375 69520 31608 40002 90344 73587 77261 50764 23967 17742 
8937 95158 55210 15424 315 16651 31985 83771 6181 81796 
4690 39174 66174 74868 10909 92921 76595 41629 62713 32036 
14146 87480 71101 94920 573 48465 22680 13820 64397 83944 
91274 87210 87565 29682 56553 43887 46987 21141 89789 86110 
61386 13872 76579 94014 34594 16113 97070 64840 24094 7037 
81057 92074 9853 491 61239 17318 79347 14249 62907 12947 
76197 40790 51664 30651 12560 34598 53803 40251 57890 79809 
17172 48999 25535 42597 3944 2595 76349 56991 11546 51595 
32521 35702 49261 24940 42944 44672 71611 69257 15159 88682 
95218 64407 33556 35157 81042 44289 93074 8436 34896 37925 
42945 95599 11830 57684 40387 6403 32672 9366 90448 95135 
82945 85700 80147 4264 9660 65868 90699 51958 9099 54225 
57259 4661 43676 99816 51962 77317 51662 11580 76435 5947 
45689 14027 63206 66109 16995 33831 49654 72842 5068 49462 
43386 44336 67235 36082 8764 18484 42702 70090 43164 3661 
4102 30175 3757 73385 17881 30727 10487 13895 4966 14029 
98964 27355 61156 83855 37652 19693 4956 71743 69689 5754 
48970 85443 50522 69458 384 77014 31108 47640 65315 80196 
68565 89894 96268 60465 31008 76934 65609 79699 15628 38746 
95097 75219 7988 25716 16403 51696 69160 95774 28000 93084 
76970 30868 50140 32638 52947 57125 47417 52014 38156 46614 
25180 9596 33237 1023 6942 43177 50081 68268 23628 14764 
39095 89502 81608 51246 5363 1255 77350 58255 420 13649 
49359 92159 38667 28439 1953 88069 33250 57546 62349 77180 
24531 77390 73688 35345 5404 25466 52059 49030 80850 80348 
63427 76594 36506 10835 11281 50975 54770 92371 97211 6122 
68774 5380 79497 48807 38620 56963 63065 10586 32521 73760 
50332 21439 91961 94846 82231 45443 66058 55287 18499 45033 
18033 98901 12717 454 28757 49433 9206 28805 34351 13944 
9140 28643 49680 81273 98063 66388 69403 14745 39301 20925 
66119 63271 98151 66423 9662 1032 76793 66067 43360 78900 
80374 60080 5217 38775 44682 34311 65798 6449 62294 19072 
82380 29783 90064 28409 47714 89743 49984 57510 32970 67640 
3972 94348 35004 30816 12653 90117 19426 3403 95999 3327 
43709 79315 91797 17661 96991 78402 85339 38901 8655 95802 
22738 17936 33480 5646 64079 29773 80154 33735 31260 74654 
52968 79488 37494 713 60200 15849 37102 41384 99526 76904 
24008 7114 18977 77715 10527 97552 60653 34327 84158 62192 
30991 27700 86504 68789 3908 29055 60690 44318 33466 69023 
19588 90363 40341 94129 89467 7923 18956 81284 12810 23616 
84457 87165 83092 25361 42797 42452 65204 48647 1673 92277 
25333 6681 62758 74240 87674 560 51999 42057 2295 87339 
1217 40377 61846 80829 11442 31883 96788 78538 15879 1040 
8513 25805 94252 3468 8228 9653 76096 18423 64468 76132 
61942 41692 65695 78575 84981 20221 71399 13120 84953 97709 
67520 72183 11696 38036 1268 85828 77213 52943 68928 36942 
4505 61742 5588 9520 94477 64340 19990 22583 90810 64922 
77087 19910 63281 11820 23901 45906 85787 95915 38992 46149 
79218 63466 55053 86975 82181 63249 10141 39728 94072 12156 
75551 96512 87746 88188 74466 56392 23278 4597 37004 24790 
49563 61311 53462 25229 14812 26566 14958 162 55256 95178 
20883 41344 98474 17791 52572 45061 84482 7950 15282 49538 
98435 93426 84369 74335 51907 92412 45707 44405 29806 89872 
30661 11634 24291 83301 13240 42745 71125 13481 90289 83968 
70764 81051 74930 94864 95458 44559 49711 87144 84998 6157 
89041 56985 81180 35186 6807 32907 34363 90157 73328 64247 
61261 38628 52354 85580 59507 26605 74054 92299 84863 54645 
97673 87114 25784 63740 6092 75509 59257 64055 32453 15816 
21074 73517 7356 69078 60613 30395 52400 54853 88650 9872 
62479 43023 97868 63921 15297 52739 10794 8758 79262 24546 
83511 19435 32051 53922 37818 24400 81281 19567 75375 1913 
59358 64421 84580 38446 2451 96471 3901 17485 32572 11723 
43088 59940 9002 29596 79466 94967 70884 79351 31720 92704 
46498 8446 94239 82569 6737 48776 91284 80596 56338 28606 
74724 76724 49179 77376 30910 31249 99444 35422 54756 22184 
15035 78783 58574 92520 68865 1950 62567 19415 74154 97000 
28686 86923 4465 27423 55286 55249 74850 41402 47206 88009 
5470 73379 24697 74056 9659 86328 42879 38517 79681 29354 
95067 82924 36686 34945 72483 99647 27154 74485 85315 48368 
85492 71927 53562 28951 18219 77606 66716 10498 58758 87130 
79246 6032 59109 22685 74317 5141 3006 62797 92295 16026 
53625 27099 35776 67258 72531 89935 96527 93350 8831 17826 
5919 12994 32832 86530 87342 61733 83697 49714 1233 52157 
2525 30279 8302 66632 42343 89100 58208 70204 35268 13023 
20151 1184 924 28562 42357 39025 93932 20971 51731 22143 
82567 88196 19002 89933 36496 81643 83594 22804 84066 56291 
58902 62304 61288 2466 33509 27505 27365 88849 40051 56764 
94125 6831 98254 73480 48394 75214 2042 56721 25081 21364 
22637 39881 22442 79931 91828 35761 33411 14258 81484 78820 
89790 13466 61546 68493 55398 97129 66707 46028 13854 36203 
97988 72405 1978 28444 43884 21201 77380 99727 45837 603 
95512 20906 22975 71364 55369 83719 86253 1711 65914 1493 
74710 85430 98757 32085 92877 94627 65399 62302 88921 56184 
90418 56442 12117 71880 71914 62342 43505 49243 63881 18165 
68336 89038 98347 9517 29928 61392 46370 68489 2309 53414 
32563 40406 71367 58408 83127 39030 41951 2723 51772 84064 
97334 39061 98497 38430 35109 20947 77213 16461 65278 9734 
89241 72257 18594 35050 85137 9630 48169 92942 89591 83104 
1853 91223 8464 15348 21631 53404 33429 19676 50657 7627 
87699 68623 65610 28643 68524 65623 88885 83416 29268 78738 
88306 52787 80276 85361 91203 22543 23595 54684 4064 52637 
17288 29260 43092 22592 32240 74255 33598 28018 94718 66504 
15410 13181 99198 18476 54773 89667 50994 17830 33476 74167 
84942 4532 62637 79649 58459 51784 93460 99006 10487 30951 
94927 23453 7187 41165 96939 82339 20820 67016 75557 37896 
91987 15705 47026 57944 2973 30774 56599 30643 51 62154 
50674 64366 31915 32595 67439 22384 25197 25955 27251 22933 
70007 98976 72533 33838 82554 27812 21600 68863 98170 99741 
4723 75104 28466 50702 31169 22045 90574 42477 6641 67190 
75247 61987 75103 88703 1643 1935 79865 83936 29066 60355 
8930 58166 89866 77798 8787 57713 21116 72592 78933 66164 
72164 24017 31208 51769 70973 394 45888 78506 11475 83505 
38498 9513 56135 93490 37675 65769 38286 58665 68330 20082 
62419 60297 82209 72257 3312 2552 20999 48933 87897 18961 
1737 23459 56017 18849 77765 1779 46451 64554 78542 63937 
8043 23587 5835 93549 67802 85589 82071 30252 9461 34432 
930 91941 81190 94612 47022 78228 7114 84921 48307 90474 
77041 90375 60924 33803 68354 28462 39784 38959 23412 53968 
12843 93185 71574 85282 89674 65667 31624 14446 22850 35208 
24863 66292 91297 6169 54021 77669 21675 85393 49175 32934 
42487 43552 62629 73875 40111 19308 22389 57273 31027 62731 
12449 2939 79671 28267 60852 54734 3553 70858 32561 43453 
87276 48094 59469 20357 38600 82062 27791 2010 38871 41239 
93495 94433 33617 74728 87924 212 75745 91078 27692 40513 
96006 52457 71321 40299 46323 93085 83526 21735 53967 11970 
90294 81536 46389 31021 82845 48404 31061 59045 71141 16469 
84146 71494 82378 42985 89891 54273 1598 81834 26034 80282 
39303 33414 57535 34664 95900 56832 158 15193 65611 21550 
36340 77516 57014 24857 3742 49749 93681 76416 2315 98237 
30949 30005 99261 14591 60017 15678 99563 56107 15844 7733 
29122 30791 24964 27689 60128 96073 85770 6843 59352 9438 
47523 51330 49809 35879 61457 40519 81254 26263 19784 48809 
47879 98934 43089 82394 18870 29024 52299 47648 65292 34087 
35813 6710 50578 64717 81541 5737 84776 21387 18756 88411 
45729 46893 64335 15267 80804 66515 12295 75562 97133 93553 
77890 30000 26859 29616 87209 75237 59327 20459 63352 34224 
66275 71187 22881 25932 77665 524 18600 75622 50583 39150 
87080 99360 43002 9636 21997 43281 79279 72272 81785 55267 
33172 37445 12160 91507 69237 29644 31947 13845 31576 56448 
77240 67021 37938 86801 34712 52439 1359 36613 16592 43456 
40238 43122 93976 79595 31170 57989 90047 46925 64434 99839 
36774 84848 82169 1682 4928 81396 16007 60200 58649 41642 
68319 33597 21804 34007 43128 96672 72810 60503 1628 75030 
50618 952 29323 36375 29972 16186 95641 41263 90789 72469 
28043 34014 47822 98643 75102 72089 83940 62130 13569 36935 
76082 65636 20630 44868 64754 59567 84501 98177 62072 51821 
36681 79714 10184 21452 33296 36446 32762 41679 22079 96067 
68349 7756 5660 72303 16241 41996 90051 7065 98764 74414 
62785 28326 49174 94788 97500 61460 1164 73492 41257 21714 
36769 49848 92084 36358 37625 54846 80316 97222 76524 61257 
30357 4479 28681 66287 14532 32274 88880 57 14470 70417 
86198 88070 33769 24615 62981 36104 817 85389 73274 34630 
48821 4789 54565 83384 11391 76131 46157 74478 67728 12527 
57129 7465 66010 3109 32264 8799 41027 53253 23530 59996 
42857 35268 77700 9340 11032 61512 31616 56722 12470 20624 
1626 89125 37272 81194 9605 41421 89226 92026 54404 97466 
89227 1786 65105 74733 12750 64980 52282 74205 67930 87274 
34271 6964 57003 14543 26485 67919 57327 3851 5606 87362 
77865 18299 86638 86833 210 19503 66912 69176 16563 33322 
17407 4516 94733 16998 79973 88247 26865 68525 23807 83112 
88968 88320 95311 28129 24300 17524 23881 88160 30060 12752 
49943 31382 28012 58672 7029 97611 58659 28102 87861 73688 
64316 372 68445 70923 59830 61234 25028 53191 92068 21230 
78200 90849 37741 26535 29723 74180 17484 88210 55873 79949 
10033 53045 24211 59568 91967 60111 37808 56594 15276 19022 
37479 23885 57924 16982 64254 70031 67206 93793 79790 42235 
53894 50649 84996 99910 67913 55904 53538 33979 63820 35881 
79324 69336 96477 60444 17115 8047 17088 33942 92157 17286 
58316 91655 42675 85047 92011 76210 70882 35377 76094 3088 
27427 67861 97751 80685 57507 7449 27741 37514 20900 90984 
52459 80825 23738 91680 86609 50596 89934 65715 74257 74823 
94270 45896 88739 58033 61115 76919 24786 67399 28714 89423 
52765 88545 78532 71668 78231 15179 39798 34073 5351 25349 
25825 92235 85257 32323 36923 38502 79595 8398 96908 83357 
52657 12129 90034 64854 62033 24845 61534 22956 68984 27061 
29205 172 90915 31219 99919 91608 11815 59921 97755 18695 
81769 22321 87994 63010 25894 34374 72095 28808 30893 16728 
32086 60620 81344 55236 88985 98546 13623 96826 8956 33910 
40989 26493 3683 97445 29713 79654 87462 51169 12966 44161 
73748 45761 19715 91471 59597 24943 10691 96258 95175 28712 
6902 67780 84170 39232 7679 26161 2548 34939 98996 80664 
90166 25877 44481 76798 85428 65595 64549 31323 31689 79248 
99860 31930 82785 6761 1907 43005 60317 61489 86975 63672 
26610 42502 3142 69905 79978 58969 2540 57990 5794 40242 
42824 55623 77546 58730 37669 9144 29481 52559 25537 78288 
86710 59268 67217 19709 18112 11550 5723 83485 7879 77864 
89370 53254 88800 34592 45950 58816 75445 54200 89577 23621 
19203 60598 44116 21096 16058 32212 57000 58347 21697 864 
82661 99911 68463 94653 84030 80520 29203 75328 64762 96015 
32717 92053 57845 1646 94834 83864 98077 48463 4748 6524 
19862 90606 35895 71271 36598 80058 54374 31603 62378 22808 
99004 23982 33263 62848 89235 68827 70426 83741 42073 57136 
23632 45329 43501 58390 94254 92720 50759 31020 42339 50848 
16461 59365 2385 46495 83711 18405 42992 99133 77580 64007 
81195 53758 47258 48090 72737 13689 97730 43455 53637 11451 
95442 6637 97822 23589 68970 76749 4103 46762 60607 45887 
8720 21746 35706 43443 6268 67898 21306 77264 22433 81297 
26990 7345 80716 75005 45212 95651 5786 11732 15293 18312 
46431 67491 9662 33687 17283 97226 26849 61402 63840 22174 
97658 94574 14501 55046 52883 2182 13398 51422 78216 43113 
30410 51351 36811 68720 88331 95957 78721 67433 27802 69104 
32451 22294 25161 66707 48926 62542 4863 14880 5748 37627 
6071 15531 40536 5083 46145 59098 2166 99071 9311 90027 
4041 74863 18761 37742 32003 42468 31178 47783 35593 60492 
45185 94285 77844 87946 84546 12941 48241 34131 63346 75752 
88929 18002 72782 25361 55162 43589 4580 84272 64901 28413 
10296 63970 11966 2242 17504 72566 64887 42989 53065 83409 
74516 1004 67984 51915 51056 69570 60810 70161 39031 41637 
18972 4769 39594 54910 3940 48240 18463 87212 12430 38919 
75263 79105 52767 48098 84357 7875 11246 18736 58661 49964 
37606 83125 68643 18794 86246 56139 64376 83360 66785 25853 
74417 93220 98302 33899 33647 42879 26809 33513 89000 52944 
92640 16927 5540 27337 93142 6315 76161 97776 39060 82938 
49295 1504 13891 74451 76661 7269 86307 47884 33739 16387 
18888 20275 91421 13136 18519 80710 99822 25238 96077 26939 
36403 43378 26009 15897 75252 21943 58781 73341 20623 20107 
27376 69910 27220 75593 14719 37673 29898 14366 65512 17518 
13257 43020 89822 15441 86685 20298 24232 75475 81257 56385 
31649 12326 1122 75505 79001 71540 22224 30058 75026 78616 
54640 37363 6212 86339 61173 64615 78234 58489 94402 73555 
1204 86226 9810 17562 30531 33562 6288 95441 47343 70224 
15743 63298 88212 51787 10964 91981 14368 99504 15095 49634 
92951 31453 45861 26505 85584 77026 8817 52155 93717 834 
1502 40134 76006 80535 77510 14380 44727 71115 77943 41061 
59566 11647 11953 82265 69318 78312 90025 51622 7567 35501 
35209 7744 12491 4747 14829 82860 53746 34001 29832 79780 
59183 68453 51709 56630 33 19933 41350 53317 59643 17542 
16657 5190 164 35360 91261 82084 71415 21247 91522 58717 
63173 86188 49510 26051 28238 73410 43913 88988 87948 85714 
98298 67234 98376 32640 41887 38211 37858 65412 70097 43202 
62638 25801 6622 73909 97329 20817 45989 40869 96360 71759 
6781 10449 56642 45452 39343 82443 29377 92227 55287 9145 
27261 31493 59175 36277 89568 37269 65188 34766 83179 94636 
90440 71109 62832 87031 22718 86192 60950 12692 97512 11003 
33304 17369 29148 11106 58086 3533 73347 56824 3138 63213 
73145 91427 12773 90728 84848 24766 9016 38915 18477 43349 
9627 75958 12969 53229 49281 28781 98321 2713 24881 48616 
54503 72294 2151 41948 42591 43216 19250 70735 7458 8971 
89587 48512 10670 41915 1668 64509 45748 56156 9583 46986 
2265 99194 3538 54273 62678 67578 72930 74957 82904 38736 
99013 80621 47392 57382 90358 14903 40452 92956 1188 88115 
34029 96770 66900 91964 75639 84992 94907 21347 56019 57551 
65829 68939 47880 90301 36849 23341 10030 22988 12082 20341 
18834 13107 44303 38980 1269 38716 92419 87341 39469 84677 
13823 82392 34402 11071 75139 55713 39410 66802 38921 18810 
9806 52407 90490 30533 63195 51900 46774 2651 20145 90180 
93969 47016 30175 64804 92656 50316 61221 83399 81072 4955 
58393 4555 3552 18334 51811 706 50658 58128 51585 20786 
10958 45218 90244 44117 99951 13816 21296 55641 21603 85961 
97952 59873 31359 49763 77408 63554 55913 70309 46673 96647 
58173 66275 72200 2350 44136 24357 58543 67273 49936 21288 
16291 67678 99274 49084 40597 14312 81538 86372 80937 44051 
73143 18169 92154 51907 33373 94312 99251 6510 67673 25583 
19127 3741 38280 35108 92283 38831 32792 81646 97831 25142 
69197 29097 50360 82744 97470 75207 91425 73744 67989 13834 
89797 97834 24147 74987 56863 58763 63658 91798 23418 30630 
72544 21003 63545 26312 88787 86270 66448 72813 52335 16856 
41961 75912 21402 19988 90689 95712 35625 82851 73032 38509 
46632 38377 48389 1343 68310 86589 82607 83863 98566 40717 
64916 33068 18783 1239 66838 5992 16893 89169 33257 81416 
99982 71107 92343 50304 86421 19688 30397 31028 72875 89712 
32395 35712 26489 92865 53575 93457 21088 36049 7082 17993 
32817 61261 7938 81855 69109 94869 46735 40701 89990 53086 
73286 88993 371 96463 72144 40924 4320 66629 22732 18422 
31940 47695 63593 88808 60426 53938 5869 25760 1585 53542 
88049 99040 2636 10103 34723 68480 6242 37573 33666 46663 
82510 40132 39749 23542 74432 32349 15541 63774 51579 95595 
26350 42213 22837 67135 98946 75781 64826 9244 36598 2668 
7145 38492 95971 17789 69974 91082 47575 77389 74790 10437 
60017 70919 27382 17763 98568 34825 48500 48940 62053 86053 
28132 35962 45380 5025 59229 72832 74359 3671 68777 46176 
37219 17589 49577 46547 37793 19486 43951 9990 1566 65608 
41122 81911 39867 38748 99037 29980 53774 41785 41808 94652 
54911 22065 28573 22515 87597 41994 7612 85874 29446 41407 
39544 19613 80882 9404 84400 11596 34793 12965 80855 79723 
8056 1168 49844 47802 40065 29958 6691 53293 53239 28647 
47922 12557 8230 31651 18373 51861 40777 13985 25170 78486 
25585 21499 13574 49716 93509 53408 39774 62118 61149 92658 
97167 31482 72998 41093 58270 18318 65633 37062 90312 82584 
33764 63537 53308 85536 47127 70938 99420 91552 14392 14309 
80096 80811 53208 5518 40019 24131 46555 39362 54868 15649 
20092 92803 47478 10930 24103 13352 3648 41844 16189 39867 
9933 9021 35860 21625 93357 31251 96468 34230 88067 5429 
69051 54646 93413 75825 48281 40629 24255 95788 56885 67968 
32432 67902 94790 7834 8140 98451 32859 89624 1528 94123 
98452 56293 87473 54586 54503 63678 79941 57993 23196 34135 
69848 26579 97872 77493 75137 73865 41366 97458 31851 54030 
6705 94524 62452 29052 39356 12118 33745 90525 3267 14229 
47336 5427 10343 15332 75604 59633 81085 39457 70469 50655 
41423 6782 2877 95130 4985 3584 97109 66961 86478 6819 
50070 75497 45649 61557 80448 11227 2493 85367 42470 34769 
64989 51551 40207 44204 33172 93080 63479 69857 8886 76960 
29388 90423 52557 99241 38226 60522 63702 82713 36575 8971 
23233 55691 11712 33182 70580 84235 50994 81083 38313 76541 
21674 35022 54795 80375 91981 24311 75613 43938 11128 36362 
71059 25949 39514 14703 63351 71354 52117 3012 88901 86496 
39969 6582 36720 67527 96745 54540 123 3391 35020 68796 
88160 81769 82173 6132 44172 46972 59971 46962 84449 27649 
91289 70380 20819 38135 30831 86634 57164 46481 61160 24614 
95720 31955 91898 22707 93657 53081 70674 45331 5668 34191 
80749 57439 71683 24538 51455 10115 69889 46542 56016 35071 
92128 14965 47642 13960 98678 39567 86156 1797 98924 49996 
16106 12882 22750 5364 98667 31264 20958 61215 29881 24019 
71377 93757 7285 19011 39280 68208 65745 3644 28841 50765 
79252 48030 38075 7455 11097 80029 99613 56547 77296 90561 
40919 72493 95195 93544 77768 16450 68594 2527 58239 86268 
14464 72589 77697 20969 46436 52936 10601 19915 86994 48734 
90564 71194 41519 83341 21969 83230 99928 67115 96903 89653 
12475 90335 53742 57395 36732 64966 39492 11357 17041 26767 
17690 51693 29799 75040 66965 42001 24667 7503 59758 75788 
58786 60233 61010 81267 67361 58574 32418 94674 3222 13619 
10996 92357 54445 47838 65904 75550 78827 83886 50164 80005 
85095 50545 4465 93652 41452 87948 3275 12087 99257 5846 
49917 1138 68481 7517 75251 7195 1387 80288 19918 54363 
40947 43475 24164 20017 62311 16895 73469 13903 52490 90495 
55735 53883 55349 96900 14403 35599 36689 97009 54373 8282 
5662 36383 55192 59325 34256 65307 90056 80591 68140 98819 
64022 29401 67727 45901 73272 78619 89768 45920 70486 68709 
35897 52281 5805 57374 68890 12391 36240 39105 57365 33392 
42531 51354 59339 234 53406 15662 43470 44802 91376 13008 
86821 37080 64409 34061 1835 52192 31534 23585 63152 10755 
45657 8800 36342 56861 62679 11214 41077 20061 73177 2215 
90744 31911 33795 34712 86751 93109 78607 66275 39707 51794 
34283 59775 16436 96286 27735 17334 50470 91693 68584 33734 
68927 52455 16744 15776 64771 80777 10420 57900 5641 99235 
57468 11907 2395 98329 93959 30003 94298 32546 92204 76478 
52151 24587 30137 97979 92539 99349 19216 93492 6432 99091 
59334 647 33430 90381 15970 89542 61247 20703 94980 25462 
27123 82011 41435 57171 30461 36387 89069 56043 68316 88848 
59316 76862 89923 78030 75835 10053 23321 38429 61925 87816 
17049 60209 6182 10502 52180 80307 68456 46160 38410 44127 
56903 98222 97429 89476 90101 15994 91326 75558 83224 17248 
15205 97599 93927 40100 254 39674 99088 22267 78798 78263 
62837 89169 9586 75274 458 53186 42457 59643 97369 20001 
34629 73127 43838 22324 64686 11966 6667 71701 30494 1539 
11397 74258 70486 27408 44741 87727 75912 33423 56728 7999 
49051 36417 28672 46543 40426 99035 77265 91163 67013 75108 
95060 74550 62542 33433 29096 31206 79038 3337 38044 49701 
22526 29081 94166 64258 91374 22913 56815 94110 95201 21293 
25588 95216 64031 52221 91814 41442 2369 6310 20635 65137 
34073 71471 10108 4112 20391 54420 25861 78374 23077 4742 
96488 84203 62109 51241 33738 64239 46157 61780 29731 88148 
68938 18133 60802 55599 30170 35883 24520 99146 35384 82922 
32905 35877 90035 80794 85742 97584 77360 38104 67317 57139 
96068 35572 72431 93254 18139 82769 1569 54906 41236 28712 
83075 27790 898 27782 15492 17114 33900 57801 26405 32232 
83149 88967 45529 87606 10358 87911 1612 98389 82503 13862 
41241 53773 78906 20627 83729 83959 25368 18419 81755 86145 
53889 28542 1775 16526 92841 56032 4666 85907 34229 13529 
78781 33211 42114 61149 80653 88452 90559 33941 9941 88128 
55822 83708 64463 43540 90663 80995 46287 76060 92885 71246 
12985 31302 50454 2453 3717 21363 32127 48547 79746 57177 
50358 15226 46800 90947 23191 48813 93445 4527 15151 87364 
83081 33935 37380 84380 57466 65225 35947 14309 37832 93015 
49776 59714 72058 49320 64690 6093 64775 94909 45989 45584 
63102 77196 39598 98572 95359 47073 24522 90358 4351 7352 
54247 63829 73256 66532 70889 34246 86263 17803 57543 34360 
32444 70983 70603 16688 30366 62663 70230 71654 13588 20588 
70906 83750 49677 90285 13789 35664 73257 23219 55325 18776 
70237 10526 50534 97351 34707 47454 30878 22616 82087 31066 
78170 64188 15212 24365 84518 75287 13893 13924 78881 38368 
82508 19937 92286 77893 3599 53467 55652 94885 3566 11899 
64623 87124 78782 1921 41357 63514 28713 31133 37345 57108 
92843 96631 56964 15890 25751 32839 57023 42967 28496 58333 
46163 14716 83824 58267 39313 31853 27172 43830 60674 55691 
35086 92921 77984 21032 94210 5889 2170 47150 85802 28226 
46708 94265 31714 2464 58469 14200 50845 9111 77144 21776 
23870 63892 33004 80057 58879 97242 88340 85887 59117 83934 
44343 62754 32714 58795 68144 91670 62378 83199 95727 45860 
56502 53100 53559 76167 66349 82007 41822 29392 22750 16444 
59568 17475 80463 18601 45804 84631 36377 45695 93958 9370 
27145 18100 25859 53707 45249 80275 71424 48382 81973 99962 
22955 38875 31214 7355 48776 15839 8234 14172 95278 921 
33914 52887 42440 64879 51363 83098 12724 91447 23198 23464 
57927 84382 13496 10711 31463 47812 53939 58928 687 69694 
97155 594 95727 98323 2289 63535 92489 15296 48795 32397 
5141 93396 92882 45542 74910 29620 39035 3625 5699 59799 
73455 39383 58615 47531 35131 31495 71297 8111 91232 7330 
25021 6648 50132 60263 5913 50924 67487 65065 75577 36682 
84799 59116 99732 79039 51973 85099 78772 95698 71158 57173 
52889 27225 79370 13291 23191 48130 83344 35780 69907 28460 
96553 8938 42571 12299 8776 39738 83499 30375 11801 75431 
27096 5725 24023 17016 90761 53532 34387 74949 26889 45098 
28180 22750 86103 76797 35122 19557 22662 13730 33273 67887 
6365 71897 2349 19846 71607 70519 40704 88778 36708 54339 
32989 72523 43591 62553 87009 70353 73846 83434 76093 53205 
24637 38106 76149 86405 99035 5921 7524 54307 49732 1003 
43446 92199 12573 57688 64460 65336 75811 27004 97435 26327 
11941 13056 48813 3477 46757 40255 50463 52567 9818 71786 
83937 41369 72049 64068 13626 10729 63623 14023 74401 50087 
17233 30141 72645 45676 33141 48872 49734 83392 49678 56571 
44889 53025 84652 76702 89800 35427 91314 2670 7760 747 
19702 34331 26593 79251 63748 57800 8354 30954 667 56750 
60746 93969 85102 34105 52232 58238 59844 72073 37788 66524 
56953 37683 87099 11529 50363 91998 40943 9847 66190 8294 
93844 90156 6152 17564 61789 77602 57942 59524 22733 76904 
32981 91702 69790 2143 15290 89566 60798 90558 4522 82972 
70061 36366 74018 70564 39168 86062 26353 45535 67232 68464 
42521 4616 96428 75994 22962 2768 58195 18055 58311 87706 
58971 163 28791 32704 60990 96147 18613 4076 60775 16074 
99080 8192 69625 50965 33547 26383 28840 46448 17198 11137 
61021 41998 42004 84595 72471 15414 72787 43796 6309 71232 
57528 48041 37645 14204 54432 37354 35880 74060 57023 97827 
56163 79108 13533 19829 52512 40945 19284 21714 63859 33392 
31123 15524 69190 17394 61182 77607 60565 96383 11116 99914 
74802 84303 92039 9874 60962 3378 43664 3126 3102 73834 
6873 43844 76627 60396 39657 28091 49155 82467 45787 26031 
97442 74892 30879 23465 94841 56443 47159 42148 77542 86804 
71675 46993 46810 60659 10998 78899 91322 31974 46407 13028 
83935 11597 89986 29614 26166 4256 38476 37843 33760 46281 
73090 32197 86451 86246 42802 21551 92216 4265 38304 1994 
93067 72952 35362 2473 98366 90989 94373 57230 39989 91702 
80070 55474 50859 99894 15482 19105 50860 7842 59943 33883 
3994 99493 99400 2325 9512 62685 86124 90966 80770 66172 
80024 64762 83843 48136 12192 20210 45372 76987 33138 83330 
18484 55908 36396 55298 76035 71268 45313 25213 94774 49937 
81432 48181 1294 5495 1101 69406 7137 53970 21646 18302 
91031 18357 12383 77939 61358 73222 57654 57773 7382 76575 
47327 19183 70838 16303 49145 91859 17222 87383 57528 20963 
23794 44046 69313 63841 39742 40445 34577 79135 48892 20867 
77655 42920 89943 67827 88149 34485 42444 32465 30883 92729 
82188 75032 46027 19670 93915 71639 42830 75333 52244 73423 
72254 10194 47522 34487 35426 20189 9896 42329 59861 15387 
42523 80370 95143 75123 51491 81718 40026 38369 63998 55657 
61958 42518 89340 4871 91095 70486 79171 37341 36554 34200 
55213 109 65843 15114 88326 85646 95257 69259 18478 36426 
24280 22159 32189 84190 22206 39615 9850 32574 11727 49782 
68258 67182 78946 33892 35688 2250 98913 53615 25167 95807 
2253 76941 22065 99984 34711 81323 99324 18 44296 8554 
72464 69776 64154 43197 9218 49320 90781 79468 20956 65515 
77779 65332 68410 96833 77460 67876 15375 39747 56811 27649 
7006 64159 93495 50147 35969 60120 46155 83606 28294 18276 
23438 30234 69516 428 83292 22500 1419 11118 72675 34043 
11625 51390 81894 59931 72230 36225 51102 47509 18833 71633 
72116 41805 5136 46813 91272 54938 67388 31174 5646 98634 
26659 57570 69995 57212 83844 42652 77884 69348 65654 44754 
85168 66218 37794 75446 73193 31883 58436 73326 20895 13943 
14798 3253 92028 89137 29126 29815 81921 61619 23267 31288 
13248 24903 42195 398 90400 48879 96759 79906 77212 71261 
5957 45459 98372 6300 24582 19220 55259 81509 11094 99753 
56727 95626 28167 47053 31236 84400 8606 84815 4609 4077 
24884 29168 99841 17070 69846 40199 38316 2739 33286 75646 
57659 35824 4664 94066 80384 48238 4213 9782 59100 63592 
25275 78065 21446 24655 51387 42843 36939 78823 36730 70756 
53032 70728 37361 93837 40082 64573 31981 75821 38287 3592 
22159 71502 77306 99676 5933 62094 10370 65857 19856 76158 
21132 87508 94100 58054 41421 38533 91306 1374 49233 96215 
52185 84694 68055 77348 14809 17712 57490 4022 63607 8065 
2153 65358 22932 56340 27255 81153 66630 39366 96557 69462 
9397 5291 90411 17098 78175 78568 4907 36588 27349 13335 
22678 87809 13660 20038 1548 46817 65804 27992 34081 75672 
63380 3010 61818 14598 24212 55439 23764 66080 74434 46589 
76286 83756 92294 51613 94298 78089 28798 87703 47328 54629 
6491 38596 73659 19236 52481 48435 59913 78560 939 740 
17087 16132 8133 70512 96355 39823 9264 83071 1457 89143 
86209 82640 59479 42756 57250 9429 23672 83505 91920 16948 
24172 35502 6460 69543 73086 90849 69162 21469 78670 86400 
54261 55799 24685 7480 53000 67595 88483 60298 99462 20997 
98604 36168 87940 50113 7190 80220 72906 67634 82181 17250 
82677 23454 94576 31369 1336 31583 2881 68278 18742 10788 
56857 60705 19946 76590 44234 53558 27391 4116 99226 30005 
78072 59775 51527 16434 45546 56943 80221 79286 77084 36884 
49954 3100 32302 62421 64907 34261 18031 17101 43012 2757 
85382 67976 11884 24356 73866 99307 19318 92925 2794 28042 
3945 68210 68165 48399 32961 33814 37651 40186 39628 57361 
89306 97083 56046 39616 23162 32826 18013 79923 14210 2383 
9861 83629 83992 39274 2726 60359 10198 91021 20945 38478 
30631 25517 29199 21600 60366 75732 19354 79539 21119 73314 
28097 90222 72804 42472 56873 83341 92153 15275 52902 27617 
58608 61703 14470 21998 80622 34441 63143 98956 53932 80564 
41820 88647 34968 86333 33996 383 1457 34287 8850 24713 
65582 42504 24798 93579 79864 94777 23315 60004 32395 17802 
70535 4097 49017 5812 42150 49033 39367 1414 83183 97747 
59182 58720 52950 63690 34460 20347 30176 43888 25584 87455 
68842 44152 78721 48395 96130 53962 40952 55600 35500 73571 
71729 10262 26399 17747 39454 41751 36710 15965 95204 90079 
49183 28730 32828 79794 47039 27574 76883 51813 7820 27858 
37706 84292 22945 58144 55575 42699 81134 10794 73891 57357 
89717 76876 3274 44208 45166 47829 60478 22094 7172 37546 
77763 6550 67542 387 28980 50921 4151 93196 22717 56126 
4174 57157 37504 48062 89367 8738 85776 33352 95392 48908 
43609 74542 16973 90302 13046 56727 51253 59273 73465 21115 
64578 32240 54790 77002 90132 59309 5400 51813 58815 810 
77915 82947 34792 60105 38992 20461 57261 74397 57005 57411 
3354 67598 67930 90453 62676 23161 68757 90315 20210 31342 
52495 7741 68831 56624 48556 56667 7002 97560 99783 40487 
65622 94386 2956 25782 86042 90686 58204 39474 12065 97169 
26125 30171 53371 44402 19143 37761 74251 22942 65480 14828 
98471 79780 40832 47253 47323 70985 1398 46314 88070 36324 
10017 53133 33692 39587 80080 32597 75170 68165 92803 39436 
10165 31807 11888 72272 42660 27735 56831 23475 22513 89963 
20045 14586 63283 91211 54381 92161 67319 22843 35586 10229 
21690 91378 33671 73177 59441 14846 68072 38658 37730 39229 
58822 16507 44360 76837 14678 73602 30323 95134 87810 25481 
47526 46242 3815 93910 61079 6788 3637 33155 65266 30662 
51634 83646 19606 94657 34168 96746 19222 2241 74578 17405 
65497 46855 44867 46848 29211 87013 45887 54802 2826 27781 
20784 5573 93002 59331 8211 93599 27281 64014 95448 71930 
92012 51019 13637 20101 4632 94705 50900 89153 42218 54734 
25616 29508 35847 88545 1436 33978 33804 95326 4204 63935 
86504 35982 53514 83462 75293 42252 20946 27029 50147 4041 
49367 33639 84005 69608 89340 13000 21282 88995 74395 4700 
88365 38052 70657 81177 15149 58157 17136 39337 21821 31121 
75612 63465 35053 44440 47279 57100 30752 80607 75269 94873 
72460 79029 14064 87208 99454 41311 75605 10281 50547 51478 
24302 50525 37727 12516 26662 40443 40650 51498 49824 73805 
69710 27388 42384 35920 32986 21635 47263 35448 74034 11131 
91659 50633 525 6419 90981 5215 42037 44464 31122 12647 
44299 79626 41963 57220 90369 61900 75870 98795 86078 87832 
46282 64358 26493 62593 34022 42069 50414 90576 98395 92745 
74259 68608 70597 53159 51716 38370 63254 41931 37196 17593 
52755 17218 68811 40095 14260 55631 68114 46526 87817 98855 
79625 72024 98832 56341 75916 87840 14752 57079 4617 54206 
80321 45311 73188 16879 65329 65010 65107 92322 57793 2700 
46787 20924 51766 24699 66961 37653 33417 18176 80082 90297 
24935 72241 29484 81513 70673 34905 74362 81591 21373 25366 
83755 35533 78035 74682 14532 81670 10801 10571 16250 20435 
23208 99971 12664 2040 72445 73969 70559 6189 93608 59286 
89921 87998 49400 79624 80261 53931 28653 96274 16327 18664 
19805 71218 54293 12093 65584 7931 47411 43239 60260 12273 
95095 31094 37290 48143 45805 64686 67878 260 98708 48774 
3475 25969 81344 21707 83581 94444 14678 8542 10565 91137 
56499 11986 5089 80876 29798 99535 17209 75776 15537 52722 
37898 94500 2604 61802 56007 8784 22529 38332 84052 24340 
25041 51872 24425 83537 26990 53442 38773 84734 19167 50210 
50488 23013 72959 1909 25031 11395 67678 40930 6956 30699 
44254 55909 49540 87044 52439 44655 75200 47174 4693 25028 
30532 48673 50613 9500 56042 44471 59755 72642 2880 74749 
60094 21912 95270 27934 62218 10417 34545 8887 97917 93750 
52587 27132 59227 12994 77553 14289 29211 82694 25427 90418 
57863 64997 62360 77676 8928 97368 68791 66786 50583 83148 
29023 7113 32885 97439 78991 18476 9716 36039 97855 46825 
12388 93707 42805 26609 60391 62408 93297 64204 62933 9709 
26242 29203 3769 9471 89103 21108 17394 54710 62255 95730 
19347 57982 64976 80674 76803 59896 37748 43631 71838 42582 
35407 87671 24658 31042 71659 83564 34978 53591 46372 70228 
14503 19686 84493 57865 40746 98611 65801 85082 91467 13718 
65074 72903 18942 26394 38453 30697 5384 74017 74548 93960 
66790 21214 36835 45027 33959 65178 60620 8652 79533 68496 
99083 78505 55760 62832 94322 8916 74170 25472 27430 94076 
57612 20982 9600 85378 34776 19647 20941 46973 8709 99196 
92719 27510 92782 66816 82458 15820 28451 4467 78328 16241 
48519 65617 44549 97068 53200 67596 46163 9461 53194 88454 
61799 88668 82100 19448 66298 49346 21441 90702 16441 48414 
31385 168 35397 15033 26197 14074 2036 73523 25415 17389 
6127 7932 40176 8796 85202 97467 64007 91480 75983 41131 
32377 22373 87531 93337 84035 4827 1982 42823 20826 88869 
54616 50220 32420 27269 64087 83506 98012 48814 50482 87958 
62194 85129 78193 14444 65448 40177 5106 87736 63734 79350 
39750 49142 9991 222 83378 65011 84538 18367 87119 83698 
21986 25350 5002 95016 21958 78004 89156 20096 26434 38491 
59251 8887 47012 10630 66815 62849 73455 89134 99334 23075 
33276 64998 66072 47894 7828 14992 51548 37227 38871 41125 
70410 24577 8633 98576 15375 16113 831 4404 39340 84547 
93254 3394 6967 55253 18909 25956 24280 42043 550 50325 
61005 69690 48185 16998 61798 40780 42273 48731 30730 16095 
42684 88875 80560 32470 60767 28804 62567 47079 79184 20389 
41423 47611 33099 52802 17726 76817 93470 99587 81052 4507 
94156 60485 85191 97439 14765 69144 70191 9431 17004 45311 
79611 76913 24137 33683 17090 1808 3925 14464 36179 53994 
90616 27111 31438 1800 27758 72539 10280 76169 26085 88996 
45899 46495 59553 45342 30548 25105 17625 17115 7155 99063 
13944 85021 20463 385 65916 83964 8703 8656 85338 59398 
31154 4891 96088 71258 45224 94155 60977 30061 26838 19423 
41396 95430 43686 78666 67878 19617 1205 22544 70428 9423 
83187 82252 22114 53555 37446 38093 10839 2727 5800 5621 
55950 85813 51748 98616 3790 97503 2461 91779 23603 12888 
60679 52690 69387 76361 90476 73561 40826 58157 37704 23196 
65078 99924 81422 11575 16075 47619 69185 94455 48953 7443 
18971 34302 35889 48366 27369 70436 83740 76245 80749 65424 
83028 86781 61371 73155 92872 76557 51261 16429 42173 50274 
87695 56854 75175 95307 77892 86711 74100 12781 8895 97342 
57538 52064 98618 81774 3204 78320 36866 84732 35073 61213 
7129 42067 70164 48315 65715 85105 67245 915 85625 54343 
91919 54464 91722 15133 85264 25715 37621 25772 12572 3919 
69792 74882 10226 3246 89796 31458 10790 54042 67822 85825 
11453 13749 1024 99819 95924 30482 81454 71067 26201 70489 
74913 14374 64592 34567 95735 76945 25424 72428 31041 70262 
44228 48555 19620 13124 42538 221 24857 28604 44055 15855 
66317 21684 86545 20351 91170 41944 33043 11747 43692 59044 
56205 73826 53300 27243 20257 83544 9208 84787 96615 23766 
55945 63702 18218 94208 88012 25539 51817 17006 41498 47579 
24823 51180 94528 69396 88603 53114 78879 95674 83377 34156 
27405 89737 41767 81099 43954 78196 58913 47186 76396 84801 
21558 19186 31884 54955 72688 17519 77175 96479 33455 92832 
22886 17279 27751 31347 65766 93346 76637 29606 9304 71633 
85199 94287 76753 25612 87465 6261 64636 56131 31568 18453 
72308 17789 26619 30655 65706 89237 31381 58710 49509 97592 
84797 27123 88669 37480 41894 78306 98686 5084 18967 56388 
9164 31518 16651 48843 83065 89324 26930 35905 45872 88119 
63631 61186 2766 88071 9112 13981 676 30068 32441 94423 
7222 14926 8593 33704 87551 69847 50964 23260 42763 59940 
81959 147 23611 44128 41415 85345 74148 1513 39331 76622 
56304 63056 66045 75704 24732 72605 93708 15724 19929 31721 
25021 72177 29067 60258 78477 70173 66284 23211 76785 2814 
56778 94873 44687 9267 63013 22039 35938 13071 32274 2883 
74714 47773 68219 24367 37050 67671 93149 48609 46648 35213 
75784 75827 54624 61316 42723 43347 37265 66772 82629 75588 
28478 73642 81149 39804 6286 43140 47051 90532 98365 85079 
85252 5083 54009 30540 83026 53651 29414 88223 15857 58578 
92602 8255 24212 31314 46690 67537 52350 37537 42235 73741 
14409 84995 36922 64990 50947 6283 11364 82854 27916 63877 
39607 43417 91641 16048 36319 60637 56660 18044 75841 57744 
5977 74064 54292 26818 44698 21638 63075 42071 284 34541 
45261 70438 44793 89318 67717 82653 64764 7816 42642 29626 
67112 32892 72527 59187 61137 21954 77036 70127 15936 90090 
94636 54475 62292 3099 74501 35767 49692 33776 94756 83318 
85086 40470 78150 99809 95123 79343 93567 81348 90440 65010 
86551 4671 75007 37257 17032 81799 68716 12689 66337 61955 
49561 14910 52966 22511 48802 91828 1358 34428 44089 7599 
79875 44206 72803 5212 69062 64925 37817 33085 7177 15989 
10216 65961 34867 69078 22162 9610 27807 98772 51179 17950 
34205 82839 17116 21526 69135 56508 47875 48282 8717 9427 
58449 28387 9411 37792 20171 11167 64526 59546 94218 26609 
79554 41295 66459 89454 6790 53117 75424 89633 99350 34042 
14572 11208 65152 12013 50827 62420 75848 35027 63640 51373 
71812 94619 70501 54060 28865 49770 2294 57344 85340 12217 
56550 12521 87050 30290 92289 23584 85041 83414 65225 51789 
78988 51417 39217 87695 45642 5252 24933 35544 58640 1843 
21984 3470 64499 58517 70739 53547 70974 78543 74213 733 
3442 82232 93582 74247 9665 54046 30075 5311 90514 48416 
16653 17646 93985 58482 80282 4531 43836 40093 80714 49856 
15751 11804 17979 14555 85784 18559 36893 17535 32123 748 
3671 58456 5167 39897 39361 24267 72936 58484 94823 73611 
4235 74747 9261 63365 91669 68164 37 73301 13429 90358 
68698 45134 68877 48814 93865 52534 18517 77787 33987 82184 
86871 38498 54764 69393 71508 53563 20831 78771 31454 74547 
47015 56389 88924 59912 2599 68752 6665 78991 13524 92948 
4469 40945 12054 73857 56386 60361 70187 14431 3529 93704 
56163 52838 80723 2898 95237 76070 97856 9951 39272 15777 
19747 49851 1659 83564 94531 88710 50814 17265 78940 54772 
17478 84112 46940 49325 10493 48633 81863 54062 21951 90164 
56436 11175 68447 51002 30061 8763 12896 1017 5267 35588 
39741 60532 34231 21004 84769 42976 73026 33237 29807 97768 
43118 61265 67067 20265 58123 9387 47055 5591 85371 53692 
11464 60343 10710 63991 64982 49251 71335 40030 51775 44937 
5549 84426 3708 83692 84027 2855 36763 71841 7128 78293 
77372 93715 80992 53224 8148 13056 75361 11369 46860 91802 
95966 50515 39203 91175 56560 13367 87080 83745 64448 45977 
74273 30358 88686 39473 3335 34217 14 99243 43528 58000 
84965 79558 27587 52148 43536 96408 13999 54004 39646 40169 
7669 1570 61009 8372 241 45220 353 33226 1718 77940 
78616 94190 64487 74401 57431 56377 78334 66412 56848 83192 
34792 22316 3978 71017 92838 31114 96192 52930 21422 94885 
57250 36842 81705 98383 16915 52990 45875 48558 61097 86477 
1086 2461 72048 83068 62799 8585 83719 27203 66399 87412 
76353 67598 47259 52629 61286 10045 74437 19477 57167 15653 
5393 94451 1934 20748 32264 83842 21796 31857 3944 12870 
92584 79810 28450 79067 15655 63843 42619 24622 21118 73134 
83468 85985 93058 49198 45122 53387 28921 21571 35582 35158 
6558 79457 75606 97119 45505 96784 44339 5082 84900 3469 
42161 80651 39295 8904 57889 27502 25821 85732 53322 61392 
8797 93594 41828 43859 19794 82711 72444 77967 85955 12153 
17715 56267 80684 44566 99679 43592 63419 86005 48456 72759 
57043 73491 81004 5405 80429 14911 8956 47510 6226 74558 
70013 4943 98626 18760 99239 73515 16497 99337 51593 90751 
91396 15713 58627 44246 17816 31268 45483 38158 67612 2363 
29609 84825 14706 58593 44667 71389 60466 26279 86802 40788 
56903 77841 47730 57996 82351 33399 758 49320 54175 44740 
10282 52413 13565 38810 1455 9975 61637 39788 29818 45234 
26181 23394 20021 59296 90592 73497 38973 73929 58606 16929 
70851 23431 81530 48509 86987 6598 35556 40582 4144 67402 
25533 24713 12637 69161 60653 15428 9397 80428 35696 32237 
80429 1874 9236 31979 77581 85069 70237 9467 46290 13699 
84866 82540 49903 97135 89134 50499 28167 31453 40927 41432 
47093 34898 43402 1271 28196 43489 69909 59424 82071 951 
91035 67015 79651 90608 34060 3957 92687 47391 95402 72165 
96155 69611 11085 6088 52502 19820 23520 27682 28263 49682 
74050 40714 61957 97054 486 40142 28447 97959 6003 39245 
99092 40343 67621 15291 6108 39435 63402 96800 15869 9751 
742 54553 54583 42335 23567 32373 76505 18591 77361 69402 
11241 164 26668 79678 10145 4528 60433 3342 50156 18714 
82473 77803 3597 52940 58254 26407 7608 56292 14543 46220 
12119 915 2609 95062 9286 52609 67048 9908 25047 16903 
54338 52299 84975 25427 41597 39379 25703 44391 65132 29432 
32045 11899 22166 92666 49728 55031 19318 62477 55479 11001 
50236 42458 41019 99029 11947 52188 44328 66640 11417 68836 
37744 43556 12658 16598 6200 15231 43349 10185 77401 81956 
45462 89483 27233 38248 69690 63290 13391 86294 3486 65548 
64762 44268 20528 53993 58507 32860 94228 98828 71198 65036 
10465 15845 1381 71190 81410 71705 24613 44873 149 5921 
66519 55174 76079 40167 49032 78499 84054 26988 74201 62955 
98213 14085 12384 84092 29996 12889 24166 91304 34989 26244 
73959 21365 1312 46616 88341 77726 17104 41430 46068 53231 
34812 60473 61823 29356 78807 68908 34210 18795 84456 28751 
89951 15702 56171 50134 82377 54826 19630 80266 52108 66970 
66933 81926 56739 74412 61463 67835 60000 28443 1406 35181 
80135 66483 66442 18739 55539 93273 97231 97915 79664 99744 
95443 87843 41951 86165 42801 95681 2486 820 28472 11901 
85565 83217 10060 17010 61778 74032 44452 67824 6790 59501 
81771 51356 89213 14453 35904 83535 59954 86826 93302 98259 
87697 45923 87028 92713 97051 21386 21 14790 87814 55484 
64745 19793 96826 90829 37203 35462 565 82721 54889 36918 
97447 61588 63575 66597 42743 32371 69661 23467 89308 6145 
43372 75732 89669 83283 172 79040 58578 21236 26041 62211 
75161 63169 33026 59718 96354 54990 84713 6532 48107 59392 
2789 61742 22404 52753 28739 53895 3123 75471 99520 15945 
57586 83773 36497 68638 96941 12624 37660 68040 4133 99987 
73532 14458 21391 48228 41537 92796 31029 84661 1710 92363 
8532 99308 76409 76086 43036 99971 31822 6243 63507 78984 
19180 31272 55315 48606 47334 90130 13767 90970 33091 44513 
53394 41095 55359 15530 30601 5891 94856 92916 27667 19616 
99138 53147 16784 44964 69347 90352 98959 63114 47384 98327 
62583 96446 76862 45160 69375 420 39530 78511 27733 60946 
31073 56844 91323 98961 7841 7475 8773 9632 10262 19501 
42205 70513 84293 1909 49824 8043 44453 29275 67902 74694 
88161 37861 17213 72146 91672 53321 32054 68112 22205 39573 
52151 97687 47095 38951 88479 91504 78305 77813 27237 29275 
83275 97255 66994 42664 26296 64375 9826 7326 62558 30360 
89479 19992 3306 90476 42375 19491 62649 40524 81113 93281 
17183 44388 47499 51113 76644 4757 37119 98532 84962 26769 
33801 39986 31176 94658 67026 37667 7034 78979 99224 36383 
53743 67526 25068 98751 5553 92684 29523 81073 58081 9840 
16070 86711 66353 15165 28787 29128 2440 97235 93145 87150 
51425 49222 7087 2535 74892 76543 27294 28068 39147 96857 
93026 72173 44375 69220 48749 79899 44057 48550 932 12124 
84369 22261 65632 40883 594 39327 47438 8821 69091 22946 
14351 37165 77856 70804 29433 32216 15351 13084 3732 99114 
86412 31031 97054 68200 55477 43829 61960 3244 89727 36409 
66167 15108 93383 88220 71140 59219 61794 82602 11100 70927 
42966 32227 38528 24673 96862 11804 28582 33320 39017 51004 
63286 81526 68828 99871 26446 48848 98764 43510 80607 14003 
26180 45605 47502 43562 93221 17892 85011 66969 4545 30718 
62205 59766 77727 89813 99757 78666 84891 56092 54102 37492 
64867 27708 45475 9670 93691 90992 94385 45606 53433 27529 
98833 68399 73513 85546 87272 32717 43114 90637 57646 74916 
72432 65756 99346 48778 79808 87864 12116 84296 22039 73078 
33738 81790 53956 48157 69820 99612 71945 48170 75880 6569 
87678 73453 7070 18944 39053 96457 64229 14093 16695 31287 
66868 91893 27406 57091 57594 89580 70105 16525 17047 19676 
60979 13865 49824 15973 98156 7936 32319 93079 69062 91790 
75057 3353 89754 64258 41287 74438 44593 13153 65925 44939 
299 11842 72134 4970 13051 30323 68309 97434 80520 77011 
26869 46245 16270 56918 71930 809 20091 97284 85262 55255 
5043 40218 50574 20215 62317 53800 90218 18466 22867 1266 
69417 65830 7686 82607 51266 97573 25783 94892 33796 98551 
90127 48714 42958 16707 64360 77052 75032 42538 35346 17450 
33705 4157 19951 22832 97502 43426 26391 65184 7881 8947 
61205 2972 95024 84830 83368 6525 62026 22310 91075 25583 
60005 59008 23469 34546 12099 74391 77986 87195 94232 5321 
48496 67728 71694 61448 57498 83472 32673 82714 50169 44905 
17540 49273 8758 16672 12442 26163 84625 24844 65821 46187 
88990 8123 7418 46838 83330 64780 50323 73696 42586 94931 
4508 11813 44053 7544 62527 46840 17621 84280 27448 75167 
89138 8707 46041 53844 3670 86236 49351 63430 96098 9565 
71291 23510 12232 59056 98 93658 77903 89750 29886 48958 
21906 96836 8195 15422 8481 70657 67483 65645 85855 18218 
31426 28817 36898 85038 51114 42469 69686 10066 9912 69973 
49594 69166 48901 45062 31809 80526 71358 76555 75507 8659 
75812 63569 75977 75023 22093 98676 68117 49260 98978 52232 
36728 32773 15967 24273 98121 73227 85078 47594 54005 88514 
70924 97378 47865 8417 47354 47035 82250 21846 54317 85322 
86030 71840 34950 50169 44768 659 6715 89576 18480 42647 
67476 22663 46720 70025 72495 2334 24584 85369 12957 12742 
20435 3626 71075 24653 55488 61206 46170 89141 27202 43335 
33167 22453 61376 51390 15971 57495 88310 41200 69804 96057 
44082 95588 70674 76844 15767 93879 88723 74680 71774 11736 
12480 19542 67056 15628 27229 37844 66157 39659 77701 40341 
66729 70593 90148 19566 84329 64878 73019 9130 4811 7879 
97344 62535 73211 12978 93627 12727 96638 70126 21610 69088 
24299 48008 74141 80444 1197 88455 3483 41369 53506 12130 
45179 93114 6303 96708 9452 86516 59370 78735 65646 44754 
3423 84566 80663 22354 48556 6818 83215 24614 94932 64366 
86036 79188 12175 86218 41206 9846 26537 84092 83996 86811 
11231 81690 40829 83652 55045 70993 82376 13096 51170 83425 
73405 64240 73298 49727 31153 43643 82051 9170 91662 66939 
57753 9623 13489 98294 29067 36701 20522 34855 75876 6537 
40160 45818 71138 91283 67882 37203 92954 88231 51287 43624 
62514 69093 55847 47395 50757 3585 80271 77857 83619 46692 
49497 59413 56238 69801 49922 12677 72222 40609 91514 55212 
45534 17776 25063 44567 68749 54733 91459 73608 3742 81382 
73017 93302 61464 27898 32652 44907 99479 66429 48464 34884 
81545 84215 58127 65524 70258 54213 55685 90242 91784 44503 
33925 23431 26487 39920 82994 5521 3103 95177 50950 27106 
51057 27118 66223 21169 58166 59040 88780 45640 30376 47537 
34420 80900 93110 91916 22608 3289 63589 75882 82332 9900 
77706 71421 34539 79382 22416 24201 99808 71272 33432 60902 
35189 83073 69428 58400 78679 67833 77163 45623 54664 7642 
23544 99967 42172 36546 90123 50977 46045 63299 90695 85944 
55751 46915 47298 17045 58380 988 58760 52604 55953 38876 
600 9508 14639 92166 20806 2779 38099 19439 39351 94208 
62687 3362 6248 23943 86823 91709 46343 71704 24500 29106 
57176 73712 14532 89255 74162 38942 99592 28118 97376 85416 
26533 18093 89248 4004 90580 74223 74183 34975 25026 73138 
25755 87897 26929 65439 83991 48807 28885 57973 68043 44336 
35607 40486 8441 46801 41045 86712 15737 49145 57664 22342 
71062 79213 75645 55164 49295 3685 73605 63486 75159 73548 
25349 89602 24502 25892 5182 33553 25861 23905 43334 26923 
28981 71817 17253 40864 84553 52699 97593 60023 20152 21572 
83219 74346 17964 1579 54616 43496 65381 78855 5057 87154 
74615 76803 86843 447 25672 92993 11527 65753 79187 62228 
41563 26557 967 77156 88895 60958 21864 84366 10065 84451 
39245 93729 59393 11237 87233 34563 76726 47377 76675 97866 
71816 63116 87078 96067 28164 49994 73873 85006 54635 83670 
45823 13120 64082 30349 1280 37888 30179 11427 44087 54826 
82587 47964 86682 6768 89323 14644 82549 3923 67895 25752 
78568 14670 98874 60331 3556 40524 38912 2626 37169 4845 
30474 5224 65739 5925 14925 75354 83617 2429 27859 97580 
45749 6160 30297 33123 63422 54671 61808 38841 62121 84350 
83164 8444 10228 54100 31288 4046 62289 70495 37743 51783 
16649 64669 40356 75759 31734 6404 91084 2277 81672 13851 
43471 62842 8738 53087 84426 36950 83130 5696 79984 21938 
96860 18017 32100 21629 32583 4571 10400 32152 32270 42650 
6898 70905 4088 34622 87610 22251 193 69308 47469 48172 
9015 22267 54709 37934 11230 95927 1934 92887 97644 52130 
1579 67329 44974 94269 11567 38651 10209 50787 64916 966 
75450 60831 30568 20665 27742 35921 24427 31869 31147 3917 
73714 86513 23053 70748 10151 8103 93289 98521 54182 79845 
78806 78645 60801 166 10143 24211 14717 76631 4035 70413 
43540 99258 10005 32525 65585 74502 70332 95189 37719 89764 
30100 87000 32090 12531 88235 49534 9508 13126 33092 52132 
48945 98497 69399 13689 98963 45855 8752 13602 38415 49039 
20460 15447 83966 83283 6879 18053 97838 33216 10929 42698 
3390 74048 40732 4123 37637 8755 52911 3393 1356 78313 
28878 29656 33871 2346 50320 89359 10208 71374 19072 6315 
57764 98405 78588 14371 11188 67281 58841 50373 73405 21063 
81437 72304 59233 11698 28419 57464 43572 35951 56123 4454 
45279 27090 42471 98645 56864 50240 31584 75926 66920 3826 
59183 91692 87676 30841 68468 68305 44853 7508 87714 15215 
79872 82364 17408 30632 81151 40696 44202 98126 15813 43881 
97038 97484 39038 28288 30288 30299 14693 4739 92390 72718 
48524 92076 72893 13607 36024 5289 67378 31199 91841 32861 
2618 3714 30550 14269 86907 27952 65112 2740 77168 62750 
98522 53184 56520 14547 42216 45395 54152 75755 56957 57459 
9989 17239 27402 79642 69226 94171 59542 27863 47256 62351 
49785 10347 99969 43423 29440 10220 41900 10890 28844 70278 
38229 9799 92083 53749 17386 24123 1693 30892 37711 73444 
64072 63601 98042 74354 97700 8030 68279 35496 75160 15682 
12550 8352 91100 10686 47064 83652 29917 10889 32341 47894 
51900 68588 65657 10377 80782 40806 58739 7397 53341 81034 
75557 58151 51174 22140 66567 48798 17082 62583 20899 77743 
21501 7626 18778 26802 62538 57367 74782 17491 52396 60594 
2838 61874 59367 35656 37597 72068 57645 55061 90563 34544 
76809 6477 91338 68306 15032 13684 87403 39899 19818 50342 
21711 72143 49958 55280 34230 47942 54627 46516 57779 46827 
86416 98249 19757 3168 14445 80409 17728 82392 74191 24514 
57498 12220 75200 46997 3359 20583 5244 79034 19750 50697 
7094 16521 3513 42504 6513 4883 34233 89242 87016 94327 
17879 46637 34278 17357 85884 52927 93038 66239 73442 74342 
21748 40747 76825 59721 69986 53379 53379 37061 34997 89740 
60856 13289 20477 66466 71683 14650 77024 75251 68963 62832 
35511 80511 73259 84343 76528 33119 9410 79535 16523 27483 
62820 11725 86301 80882 94943 16472 20752 74389 19574 94284 
77600 28428 87970 65178 75871 45392 40908 70566 40242 28976 
79284 77191 10706 77741 78510 20267 31821 31677 93119 29681 
9986 34891 95012 51245 1001 78325 12716 76360 41608 77229 
74777 38045 6110 66650 22115 72924 27293 69396 16564 94251 
72968 93930 91661 71552 13881 74783 42752 3720 91453 26537 
3380 22628 94806 22801 42820 22246 42776 77431 33024 29625 
68428 50795 97163 86710 77488 5076 40539 30512 38069 72940 
96988 18569 30240 98242 81421 45338 71978 53367 62401 71311 
88736 96482 42976 54184 46884 71021 82627 57721 44778 2549 
33020 79211 22683 40205 26796 95129 21269 97212 47850 88148 
36809 55770 3907 78336 79804 86199 73332 45141 60871 2261 
71986 96062 64151 38665 45507 34557 13070 39293 28994 21477 
18399 81681 57407 22719 98422 16309 9084 14438 54286 43729 
21297 41514 63129 28573 11945 70257 18523 71209 33667 63025 
74735 19543 67922 14583 19937 30172 55581 12132 51154 89315 
51008 28394 29560 64586 14409 30323 84347 56994 75035 83067 
22489 65363 49135 13649 52931 31222 15726 47258 55966 21273 
56120 61998 80386 59519 59329 85241 87518 77149 30511 70011 
57107 6302 70589 49641 55188 37440 68474 15978 40044 25748 
86474 59514 91832 28322 32324 83882 31177 25283 33331 31453 
39811 8038 56149 83245 39233 47436 42623 59301 43727 16619 
23959 98340 66766 77358 98585 52672 37491 48307 44243 33505 
21448 7820 8872 58498 17322 38623 51760 60595 6666 59622 
33975 68410 77932 41264 76570 57005 27147 94078 85101 95129 
36338 53030 51415 98335 83396 54932 65972 48721 11574 35940 
53586 20570 55376 42985 85941 54867 6736 11657 17460 95950 
53478 70398 92282 53135 67192 1655 41893 51630 12896 33685 
84874 53047 67657 65167 33775 16618 66550 24430 23727 21660 
19644 64754 64666 56403 30531 98379 59442 3470 73256 84512 
84911 31099 221 88428 88156 73022 35208 39100 87576 93905 
79648 2514 91190 49598 69044 50181 93885 63463 3139 98174 
53641 8127 71397 46397 63944 73070 15552 39186 5854 22673 
82836 34149 46017 70776 61040 686 96221 8358 44378 35997 
1970 70292 6924 92980 84049 95983 75569 77800 19875 87189 
78124 45220 90338 1052 67217 56037 44990 97227 82730 58015 
25113 92734 48659 72246 23499 12615 13726 5222 78334 77608 
62448 58588 47699 74809 59842 6875 39804 23400 60418 19768 
85408 45492 87471 25310 48378 28018 9440 45387 94266 19112 
8062 78225 77347 64789 27685 32245 36427 86759 90535 63603 
92702 79170 53513 62169 80283 17632 1509 45671 96694 52107 
84070 29398 18740 12165 7086 92846 55026 81953 80403 47854 
38110 81799 72894 17832 95260 84628 9323 34882 80355 8952 
1964 66518 43006 89686 18086 65554 2475 36295 38866 71033 
47423 40407 27069 54721 53472 21127 7528 32979 57609 32265 
84137 7790 37578 77223 71273 74788 89797 3389 92356 39003 
74354 98586 54860 73837 12860 7555 11205 40393 53442 6512 
25962 82736 4823 39629 9767 56409 41507 62586 90110 49229 
83391 53771 43043 74955 69820 64809 57439 67109 35485 1327 
31728 74402 64857 96814 10599 85306 22362 33129 76904 38269 
28576 31354 69742 75212 28831 57259 45477 31614 74685 77822 
18030 17757 45237 77510 28447 84710 4950 9387 32800 16460 
8804 96810 18863 98230 20054 8371 41565 51740 13303 66505 
2991 21774 16166 55461 75133 82702 14166 97139 36502 82833 
39374 66036 16378 43777 72105 92954 46335 46686 27479 90191 
54989 84376 84283 1167 65250 32919 62667 98121 18126 16404 
22131 66274 22744 26141 60787 72850 32663 99636 71644 41348 
72378 41680 9302 10330 97473 52571 18685 63912 93442 29011 
74752 12116 65477 59754 72865 43516 73000 2853 68247 61744 
96315 21056 41519 38132 1957 48425 61479 93695 54621 2080 
23089 50207 39058 19710 30774 50034 46276 91179 77776 79854 
66760 97797 45935 27291 71080 84320 49078 26131 19137 37825 
43099 73161 21091 74498 16970 44063 81268 14802 2882 30126 
56942 8177 59574 73026 26076 5016 93869 71644 25985 75823 
32867 48110 44914 31925 12838 53058 31382 41372 89402 41972 
22189 4042 28309 2643 99302 36601 63172 6180 66536 22328 
452 48799 84682 61224 20970 46415 68506 9151 10428 78326 
19866 4425 33237 81863 19230 37634 92740 56203 60496 72637 
2829 89341 84589 5824 57351 49518 48805 88998 10909 42946 
18206 97179 6062 21712 62833 6468 98349 61509 72300 12852 
72225 40162 82062 51384 44326 86746 75694 2796 57450 45077 
59829 68707 73200 43152 15807 18436 78609 76698 45375 2311 
67574 1881 15032 11004 67935 24579 36452 67460 71711 36805 
6992 69494 63998 11199 39358 5564 51574 30214 80226 84531 
38902 4513 18085 13135 25858 12 36389 29844 58321 90872 
97812 74590 87662 35913 91989 57210 97815 85879 21474 65739 
93697 21613 78536 67174 70162 27053 4072 92246 2309 56267 
18808 78072 92554 24749 54721 45696 88163 78289 46751 31666 
95753 62311 89252 25578 69509 83571 13173 91029 84055 90380 
39243 24790 17202 27135 5587 84674 9917 59821 93934 25700 
56564 6953 40946 89658 77445 25147 65799 35222 83764 98368 
25611 11870 6263 90343 72015 11500 76667 72309 11864 45998 
38397 75618 71231 49799 18578 60858 10513 77324 49632 3358 
70447 87688 3490 37024 74447 23577 38279 86890 3545 28849 
74484 13080 47979 62070 65406 70649 43894 10338 112 7889 
52159 53636 11 66426 64190 6077 28705 59391 13666 89443 
17497 11648 53036 68770 37583 21297 43407 78710 59569 12922 
98486 60946 24099 985 1630 19420 95899 77147 91672 29134 
18117 1415 69033 72887 71649 18451 41417 89752 89472 37580 
86535 10824 96298 87603 61379 17936 38939 29179 1043 99471 
62242 59020 19263 5751 79713 71395 77925 943 89648 5519 
96789 78639 48761 49589 17526 77095 85117 31117 40607 7960 
88238 22979 40479 9497 37939 77848 13206 24052 34823 53598 
13274 2854 5402 62591 70931 72226 12462 80854 39230 94607 
36604 37044 69742 358 61261 21693 30918 48917 34113 76425 
26881 73182 93995 99364 30570 60600 94130 18061 64356 79629 
30738 98426 15204 65978 84569 95827 56593 23859 2219 20627 
20427 66620 79551 27275 84609 45169 39231 48894 49594 94463 
25036 62854 30573 68841 52343 43469 2633 97700 33193 62228 
38222 22651 37596 71248 49041 13196 17024 36200 88668 22184 
21815 87321 98539 30359 32153 41074 60944 96402 70001 91481 
97777 65319 76990 53348 58629 56601 55987 20960 51866 45053 
46903 4205 57874 78398 35494 26815 58945 30682 23694 99423 
10385 47043 56786 41128 15806 2911 69963 90539 38363 6568 
28130 22380 97739 7725 96375 30979 5224 94415 10398 43035 
49503 45284 79868 50550 97522 35735 35278 30887 10837 19078 
71043 70327 70322 25507 65245 95073 52645 79540 41108 16821 
3648 48308 17298 34649 35336 98671 85944 25923 97046 11177 
15640 93473 67032 22648 63993 67953 63885 78117 9750 80041 
16108 55503 81695 22800 19006 55529 74551 291 49599 77335 
13780 97489 61953 50420 37538 17631 22089 84399 10272 13893 
86512 81257 93537 98127 32163 45177 12813 37565 54883 85352 
35293 30979 6214 22486 62179 43370 63253 13299 17408 44398 
19852 33382 9003 49982 61 94538 50705 49662 27437 83724 
88463 41480 56789 33550 95034 40775 92674 62599 49176 11418 
77237 59009 68292 23799 27012 57081 93358 4230 20823 29539 
37528 62114 71180 22947 62202 77339 50228 16821 91295 2039 
55604 92006 10566 99052 85701 60473 83778 30919 99988 57603 
26746 52553 14210 93551 43370 6149 19013 65530 50688 66499 
80421 89496 42207 17343 40480 59406 61632 37067 97543 40726 
77644 69449 32510 78942 44803 9490 90880 5640 18009 3154 
3577 30732 53652 54825 45354 66834 58671 81963 93609 19352 
37049 20417 68862 91122 51446 93990 88103 76197 84541 8491 
57908 2411 11481 90420 47660 74355 15688 88568 24743 19645 
70431 25157 62225 66434 23684 64858 62989 16842 48819 69515 
74896 50196 29594 76288 83906 85202 88892 88662 83713 59594 
2769 56477 41821 83510 62021 17880 17981 37189 7861 66528 
28632 47800 24757 55298 83581 79909 95852 92924 21260 8983 
37430 80100 48858 95117 56610 24353 1489 95095 14673 10735 
93262 11964 91869 9472 65186 11126 89168 32118 32977 31732 
69544 69898 65717 15287 51930 53895 68252 48246 47532 52880 
37894 8346 17305 63062 72360 34946 77201 67555 93964 80641 
28726 14994 71759 52347 32736 34036 71265 94060 53082 77004 
84104 84160 3427 34516 17470 83772 70126 4727 91118 61236 
45090 45940 1499 14802 61179 82209 42137 66614 45063 54310 
22610 97968 41994 3454 36034 64999 44442 9497 25084 50358 
21028 34589 35459 66122 41381 3328 54353 18566 17585 33647 
69140 37791 83952 27786 37163 8159 38140 3302 71533 5414 
86533 27690 58019 65093 94541 21907 73802 79713 64364 720 
97074 70710 22092 30630 96609 94737 60686 22925 1360 24853 
19780 66257 26380 58647 37845 92274 57207 80930 28284 46628 
57285 70292 29897 54224 45120 12734 6367 12433 51076 37288 
27924 3384 85027 91275 14484 96296 80770 10581 33279 85371 
70778 93353 40358 4700 47032 35357 18609 35210 95774 80154 
58876 21467 21792 78239 26901 93335 70919 26141 1120 98808 
97393 67452 97972 58641 32207 35509 43708 84516 39334 63543 
21782 2794 27727 94787 30263 23696 47799 32303 16325 75860 
92288 63879 86299 39052 10910 31847 31241 35263 22106 94210 
