Test Results: (Input Size = 20000)
================================================
Bubble Sort : Time: 617.509500 ms
8 11 12 14 15 18 21 23 27 30 
33 37 38 46 51 53 57 61 63 67 
80 82 83 98 98 108 109 109 110 110 
112 114 115 117 123 134 143 147 148 148 
149 158 162 163 164 164 166 167 167 168 
172 172 180 192 193 195 204 210 211 212 
219 221 221 222 234 241 241 246 246 254 
254 256 260 276 281 284 291 298 299 300 
305 315 321 321 322 324 330 330 340 343 
343 350 353 358 358 368 370 371 372 372 
383 384 385 387 394 395 398 420 420 426 
427 428 429 435 439 447 452 454 458 460 
463 468 469 469 469 472 486 490 491 491 
495 497 499 502 509 513 521 524 525 540 
543 550 554 555 555 559 560 565 569 572 
573 578 592 594 594 594 600 601 603 606 
609 611 622 623 627 630 636 644 647 655 
659 659 667 668 676 686 686 687 698 706 
707 709 713 720 731 733 739 740 742 742 
743 747 748 754 756 758 763 772 777 788 
790 809 810 811 814 815 817 820 831 834 
864 884 898 898 915 915 921 924 930 932 
939 943 951 952 962 966 967 969 973 974 
983 985 985 988 988 997 1001 1003 1003 1004 
1004 1004 1017 1020 1021 1023 1024 1032 1032 1040 
1043 1052 1052 1070 1071 1081 1084 1086 1096 1101 
1107 1109 1120 1122 1131 1134 1138 1155 1164 1167 
1168 1184 1188 1191 1192 1197 1198 1204 1204 1205 
1205 1208 1217 1219 1222 1224 1224 1233 1239 1247 
1248 1252 1255 1256 1257 1266 1268 1269 1269 1271 
1280 1283 1285 1290 1294 1305 1312 1315 1320 1327 
1336 1343 1346 1348 1356 1358 1359 1360 1374 1381 
1384 1387 1390 1398 1402 1406 1406 1409 1411 1414 
1415 1419 1421 1422 1433 1435 1436 1455 1455 1457 
1457 1457 1457 1462 1466 1470 1478 1480 1482 1489 
1493 1499 1499 1502 1504 1506 1509 1513 1520 1524 
1528 1532 1538 1539 1545 1548 1550 1552 1566 1569 
1570 1573 1577 1579 1579 1585 1588 1592 1598 1607 
1612 1626 1628 1630 1636 1643 1646 1651 1655 1656 
1659 1659 1668 1670 1673 1673 1682 1689 1692 1693 
1701 1710 1711 1718 1720 1734 1737 1756 1762 1772 
1775 1778 1779 1780 1786 1793 1797 1800 1800 1808 
1819 1835 1842 1843 1844 1853 1874 1881 1885 1907 
1909 1909 1913 1921 1934 1934 1935 1937 1938 1947 
1950 1953 1957 1961 1964 1966 1968 1970 1972 1972 
1978 1980 1982 1994 2002 2010 2014 2036 2037 2039 
2040 2042 2043 2047 2061 2066 2076 2080 2085 2104 
2128 2131 2138 2141 2143 2151 2153 2155 2159 2162 
2166 2168 2168 2169 2170 2176 2180 2182 2186 2198 
2215 2219 2222 2236 2241 2242 2250 2253 2257 2261 
2265 2270 2273 2276 2277 2287 2289 2289 2294 2295 
2303 2309 2309 2311 2311 2315 2316 2325 2326 2334 
2341 2342 2346 2349 2349 2350 2352 2357 2358 2361 
2363 2365 2366 2366 2368 2369 2369 2374 2383 2385 
2395 2395 2400 2406 2411 2414 2422 2426 2429 2440 
2442 2451 2453 2461 2461 2464 2465 2466 2473 2473 
2475 2484 2486 2487 2491 2493 2500 2505 2513 2514 
2517 2525 2527 2535 2538 2540 2548 2549 2552 2555 
2567 2572 2572 2574 2586 2587 2588 2594 2595 2599 
2604 2608 2609 2615 2618 2626 2633 2636 2640 2643 
2644 2649 2651 2652 2663 2667 2668 2670 2672 2683 
2683 2684 2692 2697 2700 2713 2718 2723 2724 2726 
2727 2735 2739 2740 2752 2752 2757 2763 2766 2768 
2769 2779 2789 2794 2794 2796 2814 2826 2826 2829 
2838 2853 2853 2853 2854 2855 2863 2869 2871 2877 
2880 2881 2881 2882 2883 2895 2896 2898 2901 2911 
2919 2920 2930 2939 2949 2953 2954 2956 2956 2969 
2970 2972 2973 2984 2984 2991 2997 3006 3010 3011 
3012 3028 3038 3044 3046 3049 3056 3065 3066 3066 
3080 3087 3088 3098 3099 3100 3102 3103 3109 3114 
3123 3123 3126 3135 3138 3139 3142 3144 3150 3154 
3166 3168 3171 3174 3204 3206 3208 3209 3215 3222 
3223 3230 3236 3243 3244 3246 3250 3252 3253 3265 
3267 3274 3275 3277 3289 3294 3298 3302 3306 3312 
3323 3327 3328 3328 3335 3337 3342 3348 3353 3354 
3356 3358 3358 3359 3362 3363 3375 3378 3380 3384 
3389 3390 3391 3392 3393 3394 3396 3402 3403 3412 
3413 3417 3418 3423 3427 3442 3450 3454 3457 3468 
3468 3469 3470 3470 3475 3477 3483 3486 3490 3492 
3497 3497 3499 3501 3502 3513 3529 3531 3533 3538 
3539 3545 3548 3552 3553 3556 3566 3573 3577 3584 
3585 3591 3592 3594 3596 3596 3597 3599 3617 3618 
3624 3625 3625 3626 3632 3637 3643 3644 3648 3648 
3660 3661 3663 3667 3670 3671 3671 3683 3685 3699 
3701 3701 3701 3707 3708 3714 3715 3717 3720 3723 
3727 3732 3741 3742 3742 3748 3757 3759 3762 3766 
3769 3785 3790 3801 3805 3815 3820 3821 3826 3826 
3830 3835 3851 3852 3867 3900 3901 3907 3908 3917 
3918 3919 3923 3925 3931 3934 3940 3944 3944 3945 
3957 3967 3972 3978 3991 3994 4004 4022 4023 4035 
4037 4037 4039 4041 4041 4042 4046 4059 4064 4070 
4072 4076 4077 4078 4088 4092 4093 4097 4101 4102 
4103 4112 4114 4116 4116 4122 4123 4123 4133 4144 
4145 4151 4152 4157 4160 4165 4170 4171 4174 4190 
4195 4203 4204 4205 4211 4212 4213 4230 4235 4238 
4238 4241 4245 4251 4255 4256 4264 4265 4265 4267 
4271 4278 4289 4311 4320 4332 4333 4345 4351 4352 
4362 4368 4372 4384 4390 4394 4397 4399 4404 4420 
4420 4420 4425 4430 4446 4454 4454 4465 4465 4467 
4469 4474 4479 4484 4484 4486 4493 4493 4505 4507 
4508 4509 4513 4516 4516 4522 4525 4527 4528 4529 
4531 4532 4534 4535 4540 4545 4555 4555 4556 4568 
4571 4580 4590 4594 4597 4598 4609 4611 4615 4616 
4617 4632 4643 4643 4661 4664 4666 4669 4671 4681 
4690 4693 4694 4695 4700 4700 4700 4703 4722 4723 
4726 4727 4737 4739 4739 4742 4747 4748 4753 4754 
4755 4757 4762 4769 4773 4776 4789 4790 4792 4806 
4808 4811 4813 4817 4823 4827 4833 4834 4845 4848 
4863 4865 4871 4877 4883 4886 4891 4898 4907 4907 
4908 4915 4927 4928 4928 4942 4943 4950 4955 4956 
4966 4970 4972 4973 4975 4985 4991 5002 5003 5012 
5016 5022 5025 5040 5040 5043 5056 5057 5060 5067 
5068 5070 5076 5082 5083 5083 5084 5089 5090 5097 
5106 5112 5124 5134 5136 5141 5141 5141 5157 5167 
5175 5182 5183 5190 5192 5200 5207 5212 5212 5215 
5217 5222 5224 5224 5244 5249 5252 5267 5289 5290 
5291 5296 5303 5305 5310 5311 5321 5324 5338 5351 
5351 5363 5364 5367 5380 5384 5384 5393 5400 5402 
5404 5405 5409 5414 5427 5429 5449 5450 5456 5459 
5460 5462 5468 5470 5473 5477 5483 5487 5495 5497 
5504 5504 5512 5518 5519 5521 5523 5527 5527 5531 
5540 5541 5544 5549 5550 5553 5555 5564 5564 5573 
5576 5580 5587 5588 5591 5603 5606 5606 5619 5619 
5621 5624 5636 5640 5641 5642 5645 5645 5646 5646 
5660 5662 5668 5670 5671 5679 5681 5688 5696 5699 
5702 5704 5715 5722 5723 5724 5725 5732 5735 5737 
5748 5748 5751 5754 5759 5760 5786 5794 5800 5805 
5812 5813 5824 5826 5830 5835 5835 5837 5843 5846 
5854 5869 5879 5889 5891 5907 5909 5913 5913 5917 
5919 5921 5921 5925 5933 5938 5941 5941 5946 5947 
5948 5951 5955 5957 5964 5970 5971 5977 5977 5983 
5986 5987 5989 5992 6003 6003 6016 6024 6027 6032 
6062 6067 6071 6077 6083 6088 6089 6092 6093 6100 
6108 6108 6110 6122 6127 6132 6144 6145 6149 6152 
6157 6160 6166 6169 6180 6181 6182 6186 6189 6189 
6200 6212 6214 6226 6235 6242 6243 6248 6249 6261 
6263 6268 6269 6269 6283 6286 6286 6288 6300 6302 
6303 6309 6310 6315 6315 6319 6333 6340 6345 6354 
6365 6365 6367 6395 6395 6397 6399 6399 6403 6404 
6419 6429 6432 6437 6437 6446 6447 6447 6449 6453 
6460 6468 6477 6491 6492 6498 6510 6512 6513 6517 
6524 6525 6525 6525 6525 6529 6532 6537 6542 6543 
6546 6547 6550 6558 6562 6568 6569 6569 6582 6585 
6598 6601 6622 6622 6622 6624 6636 6637 6641 6641 
6648 6665 6666 6667 6671 6681 6683 6685 6691 6701 
6705 6705 6710 6712 6715 6715 6719 6722 6722 6736 
6737 6743 6755 6761 6762 6768 6771 6781 6782 6788 
6790 6790 6803 6804 6807 6810 6816 6818 6819 6823 
6831 6835 6838 6843 6848 6862 6869 6871 6873 6875 
6879 6879 6898 6898 6902 6907 6924 6938 6942 6951 
6953 6956 6964 6964 6967 6989 6989 6992 7002 7003 
7006 7007 7016 7018 7025 7025 7029 7034 7037 7046 
7052 7058 7064 7065 7070 7081 7082 7084 7086 7087 
7094 7113 7114 7114 7126 7128 7129 7137 7141 7145 
7148 7150 7154 7155 7157 7160 7161 7168 7170 7172 
7177 7187 7190 7194 7195 7203 7215 7217 7222 7226 
7227 7235 7258 7258 7269 7269 7276 7281 7285 7293 
7315 7322 7326 7330 7330 7333 7334 7345 7348 7352 
7355 7356 7358 7367 7379 7382 7384 7389 7397 7403 
7406 7415 7415 7416 7418 7436 7443 7443 7449 7455 
7458 7462 7465 7467 7475 7480 7503 7508 7517 7524 
7528 7544 7555 7567 7570 7576 7580 7587 7589 7599 
7608 7612 7626 7627 7627 7642 7642 7662 7667 7669 
7679 7686 7694 7710 7725 7725 7727 7733 7735 7741 
7744 7748 7756 7760 7775 7775 7787 7790 7791 7794 
7795 7799 7801 7810 7811 7816 7820 7820 7820 7828 
7834 7841 7842 7854 7861 7866 7875 7875 7878 7879 
7879 7881 7889 7889 7907 7916 7923 7931 7932 7934 
7936 7938 7949 7950 7955 7960 7970 7973 7980 7985 
7988 7999 8002 8009 8010 8015 8025 8028 8030 8038 
8039 8043 8043 8047 8056 8062 8065 8077 8081 8085 
8103 8111 8119 8119 8120 8123 8126 8127 8133 8140 
8141 8142 8148 8151 8155 8159 8159 8161 8177 8178 
8192 8195 8204 8211 8214 8228 8230 8231 8234 8244 
8255 8255 8282 8284 8285 8294 8295 8302 8305 8324 
8346 8352 8354 8358 8362 8363 8365 8365 8369 8371 
8372 8372 8391 8398 8415 8417 8432 8436 8438 8441 
8444 8446 8450 8464 8465 8481 8489 8491 8496 8496 
8500 8513 8524 8532 8542 8543 8548 8549 8554 8562 
8567 8572 8573 8573 8577 8585 8586 8593 8594 8594 
8602 8606 8623 8630 8632 8633 8634 8644 8652 8655 
8655 8656 8658 8659 8665 8693 8698 8703 8707 8708 
8709 8717 8720 8722 8729 8737 8738 8738 8739 8742 
8752 8755 8758 8758 8763 8764 8773 8776 8784 8787 
8792 8796 8797 8799 8800 8801 8804 8812 8816 8817 
8821 8826 8829 8831 8831 8839 8840 8841 8850 8863 
8872 8880 8882 8883 8886 8887 8887 8892 8895 8904 
8904 8906 8916 8923 8927 8928 8928 8930 8937 8938 
8947 8947 8952 8956 8956 8956 8962 8965 8970 8971 
8971 8976 8983 8987 8988 8989 8989 8998 9002 9003 
9008 9015 9016 9021 9021 9025 9028 9030 9039 9042 
9055 9059 9062 9081 9084 9084 9099 9104 9107 9111 
9112 9116 9130 9132 9138 9140 9144 9145 9147 9151 
9161 9164 9168 9170 9177 9182 9188 9189 9204 9206 
9208 9213 9218 9233 9236 9244 9248 9254 9256 9261 
9264 9267 9269 9277 9286 9302 9302 9304 9311 9323 
9324 9332 9334 9340 9366 9366 9367 9370 9380 9387 
9387 9396 9397 9397 9403 9404 9410 9411 9413 9419 
9421 9423 9427 9429 9431 9433 9438 9440 9440 9446 
9447 9452 9454 9461 9461 9464 9467 9471 9472 9475 
9479 9489 9490 9492 9497 9497 9500 9508 9508 9511 
9512 9513 9517 9520 9522 9554 9556 9556 9565 9582 
9583 9586 9587 9596 9598 9600 9605 9610 9615 9618 
9619 9623 9627 9630 9630 9632 9633 9636 9643 9653 
9659 9660 9662 9662 9665 9669 9670 9685 9709 9713 
9716 9716 9733 9734 9735 9747 9749 9750 9751 9757 
9758 9761 9767 9768 9777 9782 9789 9799 9801 9803 
9806 9810 9818 9818 9826 9827 9833 9838 9840 9846 
9847 9850 9850 9851 9853 9861 9872 9874 9890 9896 
9900 9908 9908 9912 9917 9933 9936 9938 9941 9950 
9951 9957 9958 9961 9966 9968 9975 9975 9986 9988 
9989 9990 9991 10005 10017 10030 10033 10045 10053 10055 
10058 10060 10065 10065 10066 10067 10069 10076 10076 10077 
10082 10090 10099 10103 10106 10108 10115 10124 10141 10143 
10145 10151 10165 10184 10185 10194 10197 10198 10200 10208 
10208 10209 10216 10220 10222 10226 10228 10229 10231 10257 
10262 10262 10272 10272 10277 10280 10281 10282 10293 10296 
10313 10330 10338 10343 10345 10347 10347 10351 10357 10358 
10363 10366 10370 10371 10373 10375 10377 10383 10385 10397 
10398 10400 10401 10415 10417 10420 10428 10437 10449 10450 
10451 10452 10465 10468 10487 10487 10493 10497 10498 10500 
10502 10505 10513 10516 10516 10526 10527 10527 10534 10539 
10545 10550 10558 10565 10565 10566 10571 10574 10581 10586 
10594 10598 10599 10601 10604 10605 10605 10616 10630 10656 
10668 10670 10674 10683 10686 10686 10691 10693 10702 10706 
10710 10711 10715 10726 10728 10729 10735 10735 10748 10753 
10753 10755 10770 10770 10775 10777 10788 10790 10790 10791 
10794 10794 10794 10796 10801 10808 10815 10817 10824 10826 
10827 10835 10837 10838 10839 10850 10851 10854 10860 10889 
10890 10898 10909 10909 10910 10915 10916 10925 10929 10930 
10953 10958 10963 10964 10973 10990 10996 10998 11001 11001 
11003 11004 11006 11032 11039 11055 11064 11071 11078 11085 
11094 11095 11097 11100 11101 11101 11106 11114 11116 11118 
11121 11124 11126 11128 11131 11134 11137 11137 11166 11167 
11175 11175 11177 11181 11186 11188 11191 11195 11196 11199 
11205 11205 11207 11208 11214 11227 11230 11231 11233 11235 
11237 11241 11246 11246 11250 11278 11281 11296 11299 11306 
11309 11313 11320 11338 11354 11357 11364 11365 11367 11369 
11373 11379 11388 11391 11395 11397 11411 11417 11418 11427 
11439 11442 11451 11453 11464 11464 11475 11481 11491 11498 
11500 11504 11505 11505 11527 11529 11533 11540 11546 11549 
11550 11562 11563 11567 11567 11573 11574 11575 11580 11596 
11597 11602 11613 11616 11624 11625 11627 11634 11647 11647 
11647 11648 11649 11649 11657 11662 11671 11674 11677 11680 
11682 11696 11698 11700 11712 11716 11721 11723 11725 11727 
11729 11729 11732 11733 11736 11743 11745 11747 11779 11780 
11791 11801 11804 11804 11813 11813 11815 11820 11829 11830 
11839 11842 11845 11846 11855 11863 11864 11870 11883 11883 
11884 11885 11888 11897 11898 11899 11899 11899 11901 11907 
11915 11916 11928 11938 11941 11944 11944 11945 11947 11953 
11954 11956 11956 11964 11966 11966 11970 11975 11976 11976 
11980 11986 11992 11992 12013 12015 12035 12054 12057 12062 
12065 12074 12077 12079 12082 12087 12093 12099 12102 12105 
12116 12116 12117 12118 12119 12122 12124 12129 12130 12132 
12142 12147 12153 12156 12160 12165 12168 12172 12175 12176 
12183 12192 12194 12198 12199 12213 12217 12218 12220 12221 
12221 12232 12236 12248 12273 12275 12287 12295 12299 12306 
12313 12314 12319 12323 12326 12339 12342 12373 12383 12384 
12384 12388 12391 12417 12423 12428 12430 12433 12440 12442 
12449 12451 12457 12462 12462 12470 12472 12475 12480 12489 
12491 12493 12498 12499 12508 12516 12517 12521 12527 12529 
12531 12550 12554 12557 12560 12562 12572 12572 12573 12584 
12606 12615 12618 12624 12637 12647 12653 12658 12659 12664 
12664 12665 12667 12677 12683 12689 12691 12692 12706 12715 
12716 12717 12718 12724 12724 12725 12727 12734 12742 12750 
12752 12755 12770 12773 12779 12781 12790 12797 12807 12808 
12810 12810 12813 12816 12820 12823 12838 12843 12852 12855 
12860 12861 12862 12864 12867 12870 12872 12882 12883 12883 
12887 12888 12889 12896 12896 12898 12898 12907 12907 12922 
12941 12947 12957 12965 12966 12966 12969 12978 12985 12990 
12994 12994 12998 13000 13008 13014 13017 13023 13025 13028 
13041 13042 13046 13046 13051 13052 13056 13056 13066 13069 
13070 13071 13071 13080 13080 13082 13084 13090 13096 13099 
13107 13115 13117 13120 13120 13124 13125 13126 13126 13135 
13136 13153 13160 13173 13181 13183 13196 13206 13226 13229 
13240 13248 13253 13253 13254 13257 13257 13262 13274 13289 
13291 13299 13301 13303 13304 13308 13316 13318 13331 13335 
13338 13339 13344 13347 13352 13353 13367 13377 13391 13395 
13396 13398 13429 13429 13441 13463 13466 13468 13475 13481 
13484 13489 13496 13496 13500 13502 13518 13524 13528 13529 
13532 13533 13534 13565 13569 13569 13569 13574 13580 13588 
13602 13607 13618 13619 13619 13619 13623 13626 13633 13637 
13639 13649 13649 13650 13652 13654 13660 13661 13666 13684 
13685 13689 13689 13699 13718 13718 13721 13724 13726 13730 
13740 13749 13760 13763 13767 13774 13777 13780 13780 13789 
13799 13809 13816 13816 13820 13822 13823 13825 13832 13834 
13837 13845 13851 13851 13854 13862 13863 13864 13864 13865 
13872 13873 13874 13876 13881 13891 13893 13893 13895 13903 
13917 13924 13925 13928 13931 13943 13944 13944 13948 13950 
13960 13960 13968 13975 13981 13985 13996 13999 14003 14017 
14021 14023 14026 14027 14029 14035 14037 14047 14064 14068 
14074 14079 14085 14093 14102 14113 14122 14125 14146 14166 
14171 14172 14177 14185 14190 14198 14200 14204 14210 14210 
14212 14214 14218 14229 14240 14248 14249 14258 14260 14269 
14277 14289 14290 14304 14309 14309 14310 14312 14351 14358 
14366 14367 14368 14371 14374 14380 14382 14387 14392 14400 
14403 14407 14409 14409 14412 14426 14426 14431 14438 14443 
14443 14444 14445 14446 14453 14458 14462 14464 14464 14464 
14465 14470 14470 14471 14484 14486 14501 14502 14503 14514 
14532 14532 14532 14535 14543 14543 14547 14549 14555 14556 
14564 14571 14572 14583 14586 14590 14591 14598 14598 14603 
14605 14614 14624 14625 14625 14627 14639 14644 14647 14650 
14670 14670 14673 14678 14678 14688 14693 14701 14703 14706 
14716 14716 14717 14719 14736 14743 14745 14750 14751 14752 
14753 14759 14762 14764 14765 14773 14778 14779 14790 14798 
14802 14802 14802 14809 14812 14828 14829 14841 14846 14858 
14859 14864 14870 14873 14880 14884 14884 14890 14903 14910 
14911 14911 14924 14925 14926 14941 14946 14948 14953 14958 
14961 14962 14965 14965 14966 14968 14970 14989 14992 14994 
14995 15001 15002 15005 15007 15012 15031 15032 15032 15033 
15035 15062 15069 15092 15095 15095 15102 15105 15108 15108 
15114 15130 15130 15133 15138 15138 15146 15149 15151 15151 
15155 15155 15159 15165 15165 15179 15180 15193 15204 15205 
15212 15215 15223 15226 15231 15235 15253 15255 15257 15267 
15270 15273 15275 15276 15278 15280 15282 15287 15290 15291 
15293 15293 15296 15297 15317 15317 15317 15320 15332 15332 
15337 15337 15340 15348 15351 15373 15375 15375 15379 15381 
15382 15387 15395 15405 15410 15414 15415 15419 15422 15424 
15428 15436 15441 15447 15453 15463 15469 15473 15474 15482 
15492 15502 15515 15523 15524 15530 15531 15535 15537 15541 
15552 15566 15573 15575 15579 15584 15585 15618 15628 15628 
15628 15634 15640 15644 15649 15653 15655 15662 15670 15678 
15682 15688 15702 15705 15713 15721 15724 15726 15730 15731 
15737 15739 15743 15751 15762 15762 15767 15773 15776 15777 
15779 15789 15806 15807 15813 15816 15820 15825 15825 15826 
15839 15844 15845 15849 15855 15857 15867 15869 15869 15879 
15885 15886 15890 15897 15909 15911 15917 15919 15930 15934 
15936 15945 15963 15965 15967 15970 15971 15971 15973 15978 
15989 15990 15994 15996 15997 16007 16007 16015 16018 16021 
16021 16025 16026 16039 16041 16041 16048 16049 16058 16060 
16067 16070 16074 16075 16081 16085 16086 16095 16096 16097 
16100 16106 16108 16111 16113 16113 16124 16125 16127 16128 
16132 16144 16148 16151 16152 16154 16166 16167 16169 16175 
16185 16186 16189 16192 16197 16207 16208 16214 16234 16241 
16241 16250 16253 16259 16270 16274 16277 16291 16303 16309 
16321 16322 16323 16325 16327 16327 16345 16354 16358 16360 
16365 16369 16372 16377 16378 16382 16387 16403 16404 16408 
16429 16434 16436 16441 16444 16450 16453 16456 16458 16460 
16461 16461 16469 16472 16472 16475 16488 16497 16497 16505 
16507 16517 16521 16523 16525 16526 16528 16531 16533 16534 
16545 16550 16554 16558 16563 16564 16570 16575 16592 16595 
16597 16598 16602 16602 16613 16618 16619 16620 16639 16639 
16648 16649 16650 16651 16651 16653 16657 16658 16672 16688 
16690 16695 16706 16706 16707 16712 16717 16722 16728 16730 
16744 16760 16760 16762 16777 16777 16781 16784 16799 16802 
16813 16821 16821 16823 16826 16826 16838 16842 16855 16856 
16875 16879 16880 16887 16893 16895 16903 16905 16908 16915 
16927 16929 16944 16948 16955 16956 16957 16964 16970 16970 
16973 16974 16982 16995 16998 16998 17004 17006 17010 17016 
17024 17031 17031 17032 17035 17041 17045 17047 17049 17060 
17064 17070 17074 17082 17082 17087 17088 17090 17098 17100 
17101 17104 17104 17107 17114 17115 17115 17116 17130 17136 
17158 17162 17169 17172 17174 17181 17183 17196 17198 17202 
17204 17209 17212 17213 17216 17218 17222 17223 17233 17233 
17238 17239 17248 17250 17253 17265 17274 17276 17279 17283 
17286 17286 17288 17298 17300 17300 17303 17305 17315 17318 
17322 17325 17329 17334 17335 17343 17349 17357 17358 17360 
17369 17383 17384 17386 17389 17394 17394 17402 17405 17407 
17408 17408 17408 17415 17415 17432 17432 17438 17442 17443 
17450 17460 17467 17470 17475 17475 17478 17482 17484 17485 
17491 17497 17497 17502 17504 17518 17519 17520 17520 17524 
17526 17535 17540 17541 17542 17544 17551 17554 17556 17562 
17564 17570 17579 17584 17585 17585 17586 17589 17591 17593 
17600 17601 17611 17621 17625 17628 17631 17632 17646 17650 
17661 17664 17668 17675 17686 17690 17696 17712 17715 17718 
17718 17726 17728 17742 17747 17753 17757 17758 17763 17766 
17768 17776 17779 17789 17789 17791 17802 17803 17816 17826 
17827 17828 17830 17830 17832 17839 17839 17841 17842 17864 
17872 17879 17880 17880 17881 17883 17892 17910 17922 17929 
17933 17936 17936 17937 17950 17964 17964 17968 17968 17971 
17972 17979 17981 17983 17993 17997 18002 18009 18011 18013 
18017 18019 18024 18030 18031 18033 18033 18044 18050 18053 
18055 18061 18085 18086 18093 18098 18100 18111 18112 18117 
18122 18126 18133 18139 18146 18148 18150 18152 18163 18165 
18168 18169 18170 18176 18179 18194 18196 18201 18205 18206 
18218 18218 18219 18220 18234 18239 18241 18276 18278 18296 
18299 18302 18312 18318 18334 18338 18347 18357 18367 18371 
18373 18384 18397 18399 18405 18419 18422 18423 18423 18432 
18436 18451 18453 18457 18459 18463 18466 18472 18476 18476 
18476 18477 18478 18480 18484 18484 18499 18508 18517 18519 
18521 18523 18536 18547 18556 18557 18559 18566 18569 18573 
18578 18585 18589 18591 18594 18600 18601 18609 18613 18621 
18634 18642 18644 18644 18664 18670 18681 18685 18695 18705 
18710 18710 18714 18736 18739 18740 18740 18742 18743 18743 
18745 18749 18752 18756 18760 18761 18771 18776 18777 18778 
18780 18781 18783 18794 18795 18796 18796 18802 18808 18810 
18833 18833 18834 18838 18844 18849 18849 18863 18867 18869 
18870 18875 18878 18881 18888 18889 18909 18913 18919 18934 
18942 18944 18948 18956 18961 18967 18971 18972 18977 18977 
18994 19002 19006 19009 19011 19013 19022 19071 19072 19072 
19078 19098 19105 19108 19108 19112 19127 19130 19137 19143 
19145 19145 19153 19167 19167 19168 19178 19180 19183 19186 
19193 19203 19216 19219 19220 19221 19222 19228 19230 19236 
19239 19244 19250 19253 19263 19263 19271 19271 19281 19284 
19289 19293 19308 19318 19318 19340 19341 19344 19347 19352 
19352 19353 19354 19357 19370 19377 19392 19394 19400 19410 
19415 19415 19420 19423 19426 19435 19439 19448 19448 19450 
19477 19486 19491 19501 19503 19503 19510 19517 19542 19543 
19547 19557 19566 19567 19567 19570 19574 19583 19587 19588 
19588 19596 19600 19602 19602 19606 19609 19610 19613 19616 
19617 19619 19620 19630 19644 19645 19647 19670 19676 19676 
19676 19678 19681 19686 19688 19693 19695 19702 19706 19709 
19710 19715 19722 19726 19743 19747 19750 19754 19757 19768 
19774 19780 19784 19793 19794 19805 19805 19813 19816 19818 
19820 19829 19831 19832 19835 19846 19852 19856 19858 19860 
19862 19866 19875 19876 19886 19895 19910 19911 19915 19917 
19918 19929 19931 19933 19936 19937 19937 19946 19946 19951 
19968 19988 19989 19990 19992 20001 20002 20004 20017 20021 
20031 20038 20045 20046 20054 20061 20064 20065 20073 20074 
20077 20082 20091 20092 20096 20101 20101 20103 20107 20112 
20114 20131 20138 20145 20149 20151 20152 20152 20160 20161 
20163 20171 20180 20185 20189 20194 20196 20210 20210 20215 
20221 20224 20225 20239 20241 20244 20257 20265 20265 20267 
20275 20287 20289 20289 20298 20328 20331 20341 20342 20347 
20351 20355 20357 20364 20387 20389 20391 20405 20411 20414 
20417 20427 20429 20430 20432 20435 20435 20458 20459 20460 
20460 20461 20463 20467 20477 20488 20494 20496 20513 20522 
20528 20538 20543 20546 20561 20570 20574 20575 20583 20586 
20588 20593 20597 20623 20624 20627 20627 20628 20630 20630 
20635 20652 20660 20665 20665 20666 20668 20682 20701 20703 
20712 20718 20748 20751 20752 20752 20759 20784 20786 20806 
20806 20806 20808 20815 20817 20819 20820 20823 20826 20831 
20847 20852 20866 20867 20878 20883 20895 20896 20898 20898 
20899 20900 20900 20906 20918 20924 20925 20934 20941 20945 
20946 20947 20948 20953 20956 20958 20960 20960 20963 20968 
20969 20970 20971 20975 20982 20985 20985 20997 20999 21003 
21004 21006 21006 21007 21008 21010 21014 21024 21028 21032 
21035 21040 21043 21054 21056 21060 21061 21063 21074 21078 
21085 21088 21091 21095 21096 21096 21101 21106 21108 21115 
21116 21118 21119 21127 21132 21141 21167 21168 21169 21180 
21201 21214 21230 21236 21237 21247 21258 21260 21265 21266 
21269 21270 21273 21282 21288 21293 21296 21297 21297 21306 
21314 21320 21323 21337 21339 21346 21347 21354 21357 21358 
21363 21364 21365 21373 21374 21385 21386 21387 21387 21391 
21394 21402 21407 21422 21429 21432 21439 21441 21443 21443 
21446 21446 21448 21452 21462 21467 21469 21474 21477 21478 
21498 21499 21500 21501 21504 21507 21515 21518 21522 21526 
21537 21548 21548 21550 21551 21556 21557 21558 21563 21567 
21571 21572 21580 21586 21600 21600 21603 21605 21608 21608 
21610 21613 21619 21625 21629 21631 21635 21638 21646 21651 
21653 21660 21660 21668 21674 21675 21684 21690 21693 21697 
21698 21707 21711 21712 21714 21714 21720 21735 21740 21741 
21746 21748 21765 21767 21774 21776 21782 21792 21796 21801 
21804 21815 21819 21821 21828 21833 21838 21843 21844 21846 
21848 21850 21857 21864 21870 21872 21873 21873 21882 21892 
21906 21907 21912 21913 21915 21929 21933 21935 21938 21943 
21944 21951 21954 21958 21963 21963 21969 21976 21983 21984 
21986 21997 21998 21998 22002 22007 22019 22025 22027 22039 
22039 22045 22047 22049 22055 22063 22065 22065 22065 22068 
22070 22079 22086 22089 22092 22093 22094 22097 22106 22114 
22115 22126 22131 22136 22137 22140 22141 22141 22143 22146 
22159 22159 22161 22162 22166 22174 22177 22184 22184 22189 
22198 22205 22206 22209 22211 22217 22224 22229 22246 22251 
22258 22260 22261 22263 22267 22267 22285 22294 22294 22305 
22305 22310 22316 22321 22324 22328 22338 22342 22347 22352 
22354 22362 22362 22365 22368 22372 22373 22375 22380 22384 
22389 22393 22404 22416 22423 22433 22434 22442 22447 22453 
22465 22470 22477 22479 22485 22486 22489 22500 22508 22511 
22513 22515 22523 22523 22526 22529 22530 22543 22544 22568 
22570 22577 22583 22592 22608 22610 22611 22611 22615 22616 
22617 22619 22623 22628 22637 22638 22640 22647 22648 22651 
22662 22663 22670 22673 22674 22678 22680 22683 22685 22686 
22687 22698 22707 22707 22709 22712 22717 22718 22718 22719 
22732 22733 22733 22738 22744 22747 22750 22750 22750 22780 
22783 22785 22800 22801 22804 22808 22815 22816 22817 22829 
22832 22832 22836 22837 22842 22843 22846 22850 22850 22853 
22866 22866 22867 22867 22881 22883 22886 22890 22894 22904 
22912 22913 22925 22932 22932 22933 22936 22942 22943 22945 
22946 22947 22951 22955 22956 22962 22975 22979 22988 23013 
23025 23051 23053 23063 23066 23067 23073 23075 23076 23077 
23078 23080 23084 23089 23091 23097 23104 23127 23139 23161 
23161 23162 23165 23185 23191 23191 23191 23196 23196 23198 
23203 23206 23207 23208 23211 23211 23211 23219 23221 23233 
23233 23260 23262 23267 23278 23281 23291 23293 23315 23321 
23324 23340 23341 23350 23367 23371 23375 23393 23394 23400 
23412 23418 23426 23431 23431 23438 23453 23454 23459 23464 
23465 23467 23469 23475 23488 23499 23500 23510 23515 23518 
23520 23523 23530 23540 23542 23544 23550 23564 23564 23567 
23572 23577 23580 23584 23585 23587 23589 23591 23595 23596 
23603 23611 23614 23616 23617 23620 23621 23624 23628 23632 
23653 23653 23654 23672 23677 23684 23694 23696 23696 23697 
23703 23707 23707 23727 23731 23738 23739 23753 23761 23764 
23766 23779 23784 23792 23794 23795 23797 23799 23807 23819 
23822 23834 23848 23859 23861 23863 23864 23865 23870 23881 
23885 23885 23889 23893 23901 23905 23916 23922 23926 23939 
23941 23943 23957 23958 23959 23964 23967 23967 23968 23968 
23971 23975 23979 23982 23990 24005 24008 24017 24017 24019 
24021 24023 24039 24052 24055 24064 24064 24077 24094 24099 
24103 24117 24123 24131 24132 24137 24139 24146 24147 24164 
24166 24168 24172 24172 24175 24175 24185 24190 24192 24201 
24211 24211 24212 24212 24212 24213 24227 24232 24240 24242 
24244 24251 24255 24258 24260 24267 24273 24276 24280 24280 
24281 24290 24291 24299 24300 24302 24305 24307 24309 24311 
24317 24331 24334 24340 24341 24353 24356 24357 24365 24367 
24367 24377 24387 24389 24400 24424 24425 24427 24430 24456 
24457 24457 24458 24487 24489 24497 24500 24502 24513 24514 
24517 24520 24521 24522 24531 24532 24538 24546 24549 24550 
24561 24565 24575 24577 24578 24579 24582 24582 24584 24587 
24589 24599 24613 24614 24614 24615 24617 24620 24620 24622 
24627 24632 24633 24637 24641 24646 24653 24655 24658 24663 
24665 24667 24673 24678 24684 24685 24697 24699 24713 24713 
24715 24720 24722 24732 24734 24737 24743 24743 24743 24747 
24749 24751 24753 24757 24766 24784 24786 24786 24788 24790 
24790 24790 24798 24799 24810 24812 24817 24823 24832 24841 
24844 24845 24853 24857 24857 24859 24863 24872 24876 24878 
24881 24884 24890 24903 24913 24919 24920 24927 24932 24933 
24935 24938 24940 24943 24951 24952 24957 24958 24964 24964 
24974 24983 24990 25002 25009 25012 25020 25021 25021 25022 
25024 25024 25026 25028 25028 25031 25036 25036 25041 25047 
25056 25063 25068 25069 25073 25076 25081 25084 25089 25093 
25099 25101 25105 25110 25113 25116 25117 25119 25127 25129 
25139 25141 25142 25147 25152 25155 25157 25161 25162 25167 
25170 25173 25180 25180 25189 25193 25197 25204 25209 25212 
25213 25217 25227 25229 25235 25238 25254 25259 25273 25275 
25283 25303 25304 25305 25310 25312 25333 25334 25348 25349 
25349 25350 25351 25357 25358 25361 25361 25366 25366 25368 
25412 25413 25415 25417 25421 25424 25427 25427 25439 25453 
25462 25466 25472 25473 25477 25481 25481 25484 25490 25491 
25494 25494 25504 25507 25513 25517 25521 25522 25522 25524 
25526 25533 25534 25535 25537 25539 25539 25542 25558 25567 
25575 25578 25580 25583 25583 25584 25585 25588 25597 25611 
25612 25612 25615 25616 25645 25671 25672 25700 25703 25709 
25715 25716 25739 25748 25751 25752 25755 25760 25772 25782 
25782 25783 25784 25788 25799 25801 25804 25805 25808 25821 
25825 25826 25830 25835 25840 25842 25847 25853 25856 25858 
25859 25861 25861 25877 25891 25891 25892 25894 25903 25913 
25913 25914 25918 25923 25932 25943 25949 25950 25955 25956 
25962 25966 25969 25970 25974 25985 25994 26009 26018 26022 
26031 26033 26034 26038 26041 26046 26051 26074 26076 26084 
26085 26089 26104 26106 26109 26111 26118 26125 26127 26129 
26131 26133 26141 26141 26161 26163 26166 26177 26180 26181 
26184 26187 26192 26197 26201 26202 26215 26235 26242 26242 
26244 26251 26261 26263 26279 26291 26296 26301 26302 26307 
26312 26327 26335 26339 26346 26350 26353 26357 26363 26380 
26381 26383 26391 26394 26399 26405 26407 26409 26434 26443 
26446 26449 26450 26459 26470 26473 26479 26482 26485 26487 
26487 26489 26493 26493 26493 26496 26503 26505 26533 26535 
26537 26537 26547 26553 26557 26561 26566 26577 26578 26579 
26583 26587 26591 26593 26605 26609 26609 26610 26616 26619 
26633 26643 26650 26651 26656 26659 26661 26662 26662 26668 
26668 26675 26691 26692 26700 26701 26712 26721 26730 26746 
26767 26769 26778 26787 26795 26796 26802 26809 26815 26818 
26836 26838 26843 26849 26859 26865 26869 26872 26873 26881 
26886 26889 26898 26901 26904 26909 26912 26921 26923 26929 
26930 26939 26954 26955 26969 26970 26981 26988 26990 26990 
26991 27001 27004 27009 27012 27012 27019 27023 27029 27032 
27035 27045 27045 27053 27061 27066 27069 27077 27079 27083 
27090 27096 27099 27105 27106 27111 27118 27121 27123 27123 
27132 27135 27138 27138 27145 27147 27147 27154 27154 27164 
27172 27172 27185 27187 27190 27190 27202 27203 27210 27216 
27220 27221 27225 27225 27228 27229 27233 27237 27243 27251 
27255 27255 27258 27261 27269 27270 27273 27275 27281 27291 
27293 27294 27294 27302 27306 27316 27332 27337 27349 27355 
27359 27365 27366 27369 27376 27377 27382 27388 27391 27400 
27402 27402 27405 27406 27408 27413 27423 27423 27425 27427 
27430 27437 27437 27437 27439 27439 27443 27448 27451 27452 
27452 27460 27469 27470 27479 27483 27491 27491 27502 27505 
27510 27510 27511 27529 27533 27556 27568 27574 27578 27580 
27583 27587 27617 27626 27641 27646 27649 27649 27653 27663 
27666 27667 27670 27682 27685 27689 27690 27692 27700 27708 
27727 27727 27733 27735 27735 27740 27741 27742 27746 27751 
27758 27761 27776 27780 27781 27781 27782 27786 27788 27789 
27790 27791 27799 27802 27802 27807 27812 27831 27834 27846 
27858 27858 27859 27863 27885 27886 27898 27916 27924 27926 
27929 27931 27934 27937 27938 27944 27952 27963 27978 27992 
27992 28000 28010 28012 28014 28014 28018 28018 28038 28042 
28043 28046 28046 28053 28065 28068 28072 28076 28091 28097 
28098 28102 28103 28104 28114 28118 28128 28129 28130 28132 
28142 28148 28149 28153 28162 28164 28167 28167 28168 28180 
28185 28196 28205 28213 28226 28227 28232 28238 28242 28245 
28246 28255 28256 28263 28267 28271 28284 28288 28294 28295 
28304 28309 28317 28322 28326 28366 28381 28381 28387 28394 
28395 28409 28411 28411 28413 28417 28419 28428 28430 28439 
28441 28443 28444 28447 28447 28447 28450 28451 28451 28452 
28460 28462 28466 28472 28478 28479 28482 28496 28512 28542 
28553 28554 28557 28562 28564 28567 28573 28573 28574 28576 
28582 28604 28606 28612 28627 28631 28632 28643 28643 28645 
28647 28649 28653 28661 28665 28666 28672 28675 28676 28678 
28681 28681 28681 28686 28695 28705 28712 28712 28713 28714 
28715 28724 28726 28727 28730 28739 28743 28751 28757 28772 
28779 28781 28784 28787 28791 28798 28801 28804 28805 28808 
28808 28809 28816 28817 28831 28834 28840 28841 28844 28844 
28849 28854 28865 28876 28878 28885 28910 28917 28919 28921 
28924 28924 28927 28934 28935 28948 28951 28959 28962 28964 
28967 28968 28975 28976 28980 28981 28989 28989 28994 29002 
29011 29023 29023 29024 29044 29048 29052 29055 29059 29064 
29066 29067 29067 29078 29081 29084 29088 29090 29091 29096 
29097 29106 29106 29117 29122 29126 29128 29134 29136 29139 
29139 29140 29148 29168 29176 29179 29180 29181 29184 29188 
29196 29199 29203 29203 29203 29203 29205 29211 29211 29218 
29225 29245 29248 29260 29268 29275 29275 29275 29299 29305 
29312 29321 29323 29325 29329 29354 29356 29362 29376 29377 
29381 29388 29392 29392 29392 29398 29401 29414 29420 29432 
29433 29434 29440 29443 29446 29458 29468 29481 29484 29496 
29496 29502 29506 29507 29508 29516 29517 29522 29523 29537 
29539 29543 29545 29554 29559 29560 29564 29594 29595 29596 
29602 29606 29608 29609 29614 29616 29620 29625 29626 29633 
29644 29656 29665 29681 29682 29689 29700 29713 29723 29728 
29731 29741 29773 29783 29796 29798 29799 29806 29807 29809 
29815 29818 29825 29832 29840 29844 29844 29850 29853 29874 
29881 29884 29886 29895 29896 29897 29898 29898 29905 29910 
29917 29919 29920 29925 29925 29928 29935 29939 29958 29961 
29968 29969 29972 29979 29980 29986 29989 29992 29996 30000 
30003 30005 30005 30017 30021 30045 30057 30058 30060 30061 
30061 30063 30068 30071 30075 30095 30099 30100 30126 30135 
30137 30141 30145 30170 30171 30172 30175 30175 30176 30179 
30179 30182 30183 30183 30214 30229 30234 30240 30252 30252 
30255 30256 30262 30263 30279 30280 30288 30290 30297 30299 
30315 30316 30323 30323 30323 30335 30349 30357 30358 30359 
30360 30366 30372 30375 30375 30376 30377 30391 30395 30397 
30410 30414 30444 30445 30450 30461 30465 30468 30473 30474 
30482 30484 30490 30492 30494 30500 30503 30511 30512 30529 
30531 30531 30531 30531 30532 30533 30536 30540 30541 30546 
30548 30550 30555 30559 30559 30563 30568 30570 30573 30576 
30591 30598 30600 30600 30601 30602 30605 30609 30614 30630 
30630 30631 30632 30641 30643 30651 30655 30661 30662 30668 
30682 30687 30689 30690 30691 30695 30697 30699 30701 30718 
30719 30721 30727 30730 30732 30732 30733 30738 30743 30747 
30752 30755 30760 30766 30767 30768 30770 30774 30774 30777 
30791 30792 30794 30797 30816 30828 30830 30831 30840 30841 
30868 30868 30878 30879 30883 30886 30887 30892 30893 30904 
30905 30910 30912 30917 30918 30919 30941 30942 30949 30951 
30954 30954 30966 30979 30979 30986 30991 31003 31008 31011 
31014 31017 31020 31021 31027 31028 31028 31029 31030 31031 
31041 31042 31061 31066 31073 31094 31099 31101 31104 31108 
31114 31117 31121 31122 31123 31133 31147 31153 31154 31159 
31161 31161 31163 31169 31170 31174 31176 31177 31178 31180 
31188 31197 31199 31200 31204 31206 31208 31214 31215 31216 
31219 31222 31234 31236 31241 31249 31251 31252 31259 31260 
31264 31265 31265 31268 31268 31272 31287 31288 31288 31302 
31306 31314 31320 31323 31333 31342 31342 31347 31354 31358 
31359 31361 31368 31369 31381 31382 31382 31385 31393 31399 
31410 31418 31426 31434 31438 31446 31453 31453 31453 31453 
31454 31458 31459 31460 31462 31463 31475 31482 31485 31486 
31489 31493 31495 31509 31518 31521 31527 31534 31564 31568 
31572 31576 31582 31583 31584 31594 31601 31603 31608 31614 
31616 31624 31638 31649 31651 31666 31677 31682 31685 31685 
31685 31689 31691 31694 31694 31695 31698 31709 31714 31720 
31721 31721 31722 31726 31728 31732 31734 31741 31743 31743 
31746 31751 31752 31756 31770 31771 31776 31801 31803 31805 
31807 31807 31809 31809 31812 31813 31816 31817 31817 31821 
31822 31840 31847 31851 31853 31856 31857 31866 31868 31869 
31874 31883 31883 31883 31884 31888 31893 31895 31895 31897 
31911 31915 31919 31922 31923 31925 31930 31935 31935 31940 
31947 31952 31955 31956 31969 31974 31979 31981 31985 31987 
31989 31989 31991 31994 32003 32006 32011 32017 32034 32036 
32040 32041 32045 32047 32047 32051 32051 32054 32059 32063 
32085 32086 32090 32100 32117 32118 32123 32124 32127 32134 
32139 32142 32152 32153 32155 32159 32159 32163 32165 32166 
32169 32183 32184 32189 32197 32199 32207 32207 32212 32212 
32216 32217 32226 32227 32228 32232 32237 32240 32240 32245 
32264 32264 32265 32267 32270 32274 32274 32274 32292 32299 
32302 32302 32303 32307 32319 32323 32324 32325 32331 32341 
32346 32349 32371 32373 32373 32377 32377 32382 32395 32395 
32397 32404 32407 32408 32418 32420 32427 32432 32441 32442 
32444 32450 32451 32453 32465 32470 32472 32477 32494 32510 
32521 32521 32525 32528 32538 32541 32546 32555 32560 32561 
32562 32563 32572 32574 32583 32590 32593 32595 32597 32617 
32620 32629 32630 32638 32640 32642 32647 32652 32654 32663 
32664 32672 32673 32675 32681 32689 32692 32693 32696 32704 
32713 32713 32714 32717 32717 32736 32741 32756 32762 32767 
32773 32776 32787 32790 32792 32800 32806 32807 32815 32817 
32826 32828 32832 32837 32839 32849 32859 32860 32861 32863 
32863 32867 32875 32879 32880 32885 32890 32890 32892 32896 
32905 32907 32908 32919 32927 32934 32936 32941 32948 32957 
32961 32964 32965 32968 32970 32977 32979 32981 32986 32989 
33004 33016 33018 33020 33024 33026 33030 33043 33044 33045 
33068 33068 33085 33086 33088 33091 33092 33092 33095 33099 
33103 33108 33119 33120 33123 33124 33125 33129 33138 33141 
33144 33155 33155 33158 33159 33166 33166 33167 33172 33172 
33182 33184 33193 33211 33211 33212 33216 33226 33231 33237 
33237 33237 33250 33254 33257 33259 33261 33263 33264 33273 
33276 33279 33286 33296 33304 33320 33322 33330 33331 33331 
33338 33339 33352 33362 33373 33382 33388 33390 33391 33392 
33392 33394 33395 33399 33407 33411 33414 33416 33417 33423 
33429 33430 33431 33432 33433 33433 33440 33451 33455 33466 
33466 33466 33476 33480 33492 33501 33505 33509 33511 33513 
33515 33545 33545 33545 33547 33550 33553 33556 33556 33560 
33562 33567 33571 33577 33589 33591 33592 33597 33598 33599 
33606 33617 33621 33639 33647 33647 33647 33654 33662 33663 
33666 33667 33671 33683 33685 33687 33688 33691 33692 33698 
33704 33705 33734 33735 33738 33738 33739 33745 33760 33760 
33764 33769 33772 33773 33775 33776 33785 33793 33795 33795 
33796 33801 33801 33803 33804 33806 33812 33814 33831 33833 
33835 33838 33847 33849 33867 33871 33882 33883 33885 33891 
33892 33899 33900 33901 33910 33914 33922 33925 33933 33935 
33941 33942 33959 33961 33975 33978 33979 33987 33989 33993 
33995 33996 33999 34001 34007 34014 34016 34021 34021 34022 
34025 34029 34036 34042 34042 34043 34043 34054 34060 34061 
34073 34073 34073 34078 34081 34087 34099 34105 34106 34113 
34122 34131 34135 34141 34146 34149 34156 34165 34168 34168 
34169 34176 34177 34178 34191 34200 34205 34205 34210 34210 
34213 34217 34218 34224 34229 34229 34230 34230 34231 34233 
34246 34249 34256 34261 34262 34269 34271 34278 34283 34287 
34288 34294 34302 34311 34312 34327 34331 34351 34360 34363 
34367 34374 34384 34387 34389 34396 34402 34410 34417 34420 
34420 34428 34430 34432 34441 34447 34452 34454 34460 34463 
34465 34470 34477 34485 34487 34501 34513 34516 34537 34539 
34541 34544 34545 34546 34547 34557 34563 34567 34577 34589 
34592 34594 34596 34598 34600 34608 34609 34610 34622 34624 
34629 34630 34649 34651 34664 34689 34695 34700 34707 34711 
34712 34712 34723 34732 34744 34745 34759 34766 34769 34776 
34787 34789 34792 34792 34793 34812 34819 34823 34825 34832 
34839 34854 34855 34867 34882 34883 34884 34885 34890 34891 
34896 34898 34905 34908 34918 34921 34924 34934 34939 34939 
34945 34946 34950 34958 34968 34975 34978 34989 34991 34997 
34997 35003 35004 35009 35020 35022 35027 35031 35038 35050 
35053 35056 35059 35064 35071 35073 35073 35081 35083 35086 
35102 35103 35108 35109 35114 35122 35125 35127 35130 35131 
35136 35141 35150 35157 35158 35181 35186 35189 35203 35205 
35208 35208 35209 35210 35211 35213 35219 35221 35222 35227 
35230 35263 35268 35268 35278 35280 35290 35290 35291 35293 
35293 35309 35311 35325 35334 35336 35345 35346 35353 35357 
35360 35361 35362 35377 35377 35377 35378 35381 35384 35397 
35403 35407 35412 35420 35422 35426 35427 35443 35448 35448 
35459 35462 35463 35463 35463 35466 35473 35473 35485 35486 
35487 35490 35494 35496 35500 35501 35502 35509 35510 35511 
35529 35533 35533 35535 35536 35544 35556 35569 35572 35572 
35572 35572 35578 35579 35582 35586 35588 35593 35598 35599 
35607 35608 35609 35614 35616 35625 35638 35640 35643 35650 
35651 35652 35656 35664 35672 35688 35696 35702 35706 35712 
35712 35723 35726 35727 35735 35744 35760 35760 35761 35767 
35776 35780 35790 35791 35793 35800 35800 35813 35813 35817 
35821 35822 35824 35826 35841 35847 35851 35855 35860 35867 
35877 35879 35880 35881 35883 35887 35888 35889 35895 35897 
35900 35904 35905 35913 35913 35917 35918 35920 35921 35937 
35938 35939 35940 35946 35947 35949 35951 35953 35953 35955 
35962 35969 35976 35982 35983 35987 35997 36005 36014 36018 
36024 36024 36026 36034 36039 36043 36049 36072 36074 36076 
36082 36090 36103 36104 36105 36112 36130 36131 36138 36140 
36141 36144 36151 36156 36168 36170 36178 36179 36179 36182 
36200 36203 36225 36234 36240 36240 36251 36252 36257 36264 
36277 36279 36287 36292 36295 36299 36316 36318 36319 36324 
36329 36332 36334 36336 36338 36340 36342 36355 36358 36362 
36366 36370 36375 36377 36383 36383 36383 36387 36389 36396 
36397 36397 36398 36403 36409 36417 36419 36426 36427 36430 
36438 36441 36444 36446 36452 36452 36457 36459 36462 36464 
36479 36486 36487 36496 36497 36502 36506 36516 36518 36528 
36534 36542 36543 36545 36546 36554 36567 36575 36583 36586 
36588 36598 36598 36601 36604 36613 36619 36643 36644 36648 
36658 36665 36681 36682 36686 36689 36697 36701 36708 36710 
36712 36716 36720 36728 36730 36732 36734 36736 36740 36745 
36763 36769 36774 36785 36797 36805 36809 36811 36835 36838 
36842 36849 36865 36866 36884 36884 36893 36898 36898 36906 
36918 36922 36923 36935 36939 36942 36950 36954 36972 36973 
36977 36982 36988 37003 37004 37004 37013 37024 37029 37029 
37044 37049 37050 37056 37059 37061 37062 37064 37067 37080 
37084 37102 37105 37106 37109 37115 37119 37134 37145 37163 
37163 37165 37167 37169 37169 37171 37176 37189 37196 37196 
37197 37200 37201 37203 37203 37203 37206 37215 37219 37225 
37227 37237 37242 37255 37257 37257 37260 37265 37269 37272 
37272 37288 37290 37315 37333 37337 37339 37341 37345 37346 
37354 37361 37363 37370 37377 37380 37404 37430 37431 37440 
37445 37445 37445 37446 37446 37459 37469 37473 37474 37476 
37478 37479 37480 37480 37481 37481 37490 37491 37492 37494 
37496 37499 37504 37512 37514 37515 37523 37523 37524 37526 
37528 37528 37537 37537 37538 37541 37546 37547 37565 37573 
37573 37578 37580 37583 37589 37594 37596 37597 37602 37606 
37621 37625 37627 37634 37637 37645 37649 37651 37652 37653 
37660 37661 37667 37669 37673 37675 37676 37681 37683 37691 
37696 37704 37706 37706 37711 37713 37713 37719 37723 37727 
37730 37731 37735 37741 37742 37743 37744 37748 37748 37761 
37771 37773 37785 37786 37788 37791 37792 37793 37794 37805 
37808 37811 37817 37818 37825 37827 37827 37831 37832 37834 
37843 37844 37845 37857 37858 37859 37860 37861 37874 37887 
37888 37888 37888 37889 37894 37896 37898 37916 37918 37925 
37934 37937 37938 37939 37951 37966 37975 37978 38016 38022 
38024 38036 38038 38039 38044 38045 38048 38052 38053 38069 
38075 38086 38093 38094 38099 38099 38100 38104 38106 38108 
38110 38132 38135 38140 38146 38156 38158 38167 38175 38175 
38211 38218 38219 38222 38226 38229 38236 38238 38243 38248 
38269 38270 38279 38280 38284 38285 38286 38287 38304 38313 
38314 38314 38316 38327 38332 38334 38350 38350 38354 38355 
38358 38363 38365 38368 38369 38370 38370 38376 38377 38390 
38397 38410 38415 38428 38429 38430 38436 38439 38446 38453 
38457 38465 38476 38478 38491 38492 38498 38498 38502 38502 
38509 38517 38528 38533 38537 38537 38555 38583 38596 38600 
38604 38608 38620 38622 38623 38628 38630 38631 38639 38651 
38652 38658 38660 38664 38665 38667 38673 38682 38684 38689 
38704 38705 38709 38716 38736 38736 38741 38745 38746 38748 
38750 38766 38767 38773 38775 38810 38823 38825 38825 38831 
38841 38848 38866 38869 38871 38871 38873 38875 38876 38880 
38882 38901 38902 38912 38915 38919 38921 38923 38939 38942 
38942 38951 38952 38959 38960 38973 38980 38992 38992 38994 
38998 39003 39012 39015 39017 39025 39030 39031 39035 39038 
39038 39052 39053 39055 39058 39060 39061 39077 39095 39100 
39100 39100 39105 39147 39150 39155 39168 39172 39173 39174 
39175 39186 39197 39203 39215 39217 39217 39220 39229 39229 
39230 39231 39232 39233 39234 39238 39243 39245 39245 39254 
39254 39259 39262 39272 39272 39274 39280 39290 39293 39295 
39301 39303 39307 39309 39312 39313 39327 39331 39334 39337 
39339 39340 39343 39351 39356 39358 39361 39361 39362 39366 
39367 39374 39379 39383 39397 39410 39419 39435 39436 39442 
39454 39454 39455 39456 39457 39458 39462 39464 39469 39473 
39474 39476 39478 39480 39488 39492 39494 39514 39530 39531 
39544 39560 39566 39567 39567 39573 39574 39576 39582 39587 
39590 39594 39598 39600 39607 39607 39609 39615 39616 39620 
39621 39626 39628 39629 39636 39646 39654 39657 39658 39659 
39671 39674 39676 39691 39692 39696 39698 39707 39710 39728 
39738 39738 39741 39742 39745 39747 39749 39750 39759 39774 
39778 39784 39788 39798 39804 39804 39811 39817 39823 39831 
39867 39867 39881 39897 39899 39914 39920 39925 39927 39929 
39938 39954 39960 39967 39969 39986 39988 39989 39995 40002 
40006 40009 40019 40024 40026 40030 40044 40047 40051 40065 
40074 40075 40076 40082 40093 40094 40095 40100 40111 40113 
40113 40117 40118 40128 40132 40134 40142 40144 40148 40148 
40150 40160 40162 40167 40169 40176 40177 40186 40191 40199 
40205 40207 40218 40218 40225 40230 40231 40233 40238 40242 
40242 40244 40251 40255 40268 40268 40272 40286 40299 40324 
40328 40329 40341 40341 40341 40343 40356 40358 40377 40385 
40387 40392 40393 40400 40405 40406 40407 40407 40423 40426 
40435 40439 40443 40445 40452 40455 40462 40470 40479 40480 
40486 40487 40498 40499 40511 40513 40516 40519 40522 40524 
40524 40536 40539 40542 40546 40562 40569 40582 40582 40582 
40588 40592 40597 40598 40604 40606 40606 40607 40609 40619 
40627 40629 40631 40633 40643 40650 40650 40650 40674 40689 
40696 40699 40701 40702 40704 40714 40717 40722 40726 40732 
40743 40745 40746 40747 40754 40770 40773 40773 40775 40777 
40780 40782 40788 40790 40806 40821 40823 40826 40829 40829 
40832 40835 40851 40864 40869 40876 40883 40908 40912 40919 
40924 40924 40927 40930 40937 40943 40945 40945 40946 40946 
40947 40952 40957 40970 40989 40992 40993 40998 41001 41019 
41023 41027 41034 41037 41040 41045 41045 41058 41061 41074 
41077 41093 41095 41108 41115 41122 41125 41128 41129 41130 
41131 41149 41165 41172 41177 41185 41198 41200 41206 41233 
41235 41236 41239 41240 41241 41247 41255 41257 41261 41263 
41264 41287 41295 41296 41311 41311 41326 41340 41344 41348 
41350 41352 41357 41366 41369 41369 41372 41381 41381 41384 
41395 41396 41399 41399 41402 41402 41404 41406 41407 41408 
41411 41415 41417 41421 41421 41423 41423 41430 41432 41435 
41435 41442 41447 41452 41457 41459 41463 41467 41474 41480 
41480 41481 41488 41495 41495 41496 41498 41504 41507 41508 
41510 41514 41519 41519 41523 41527 41537 41554 41563 41563 
41565 41565 41569 41591 41597 41603 41608 41608 41611 41615 
41618 41629 41629 41630 41637 41637 41638 41641 41642 41648 
41656 41676 41679 41679 41680 41684 41692 41693 41696 41710 
41739 41747 41748 41750 41751 41751 41754 41758 41760 41767 
41773 41773 41782 41785 41789 41803 41805 41805 41807 41808 
41815 41820 41821 41821 41822 41826 41828 41836 41844 41850 
41860 41876 41877 41880 41886 41887 41892 41893 41894 41894 
41900 41910 41915 41931 41939 41944 41944 41945 41948 41951 
41951 41961 41962 41963 41972 41978 41981 41994 41994 41996 
41998 42001 42004 42006 42009 42021 42037 42040 42043 42048 
42054 42057 42061 42065 42067 42069 42071 42073 42078 42084 
42086 42106 42114 42126 42136 42137 42137 42141 42148 42150 
42156 42159 42161 42170 42172 42173 42173 42174 42183 42191 
42195 42202 42205 42207 42213 42216 42216 42218 42224 42235 
42235 42241 42252 42255 42267 42273 42298 42302 42307 42318 
42329 42335 42335 42335 42339 42343 42347 42357 42357 42362 
42375 42378 42384 42384 42395 42396 42396 42406 42408 42414 
42415 42417 42436 42440 42444 42450 42452 42453 42456 42457 
42458 42462 42463 42466 42468 42469 42470 42471 42472 42477 
42481 42487 42488 42492 42495 42495 42502 42503 42504 42504 
42509 42512 42518 42518 42521 42523 42531 42534 42535 42538 
42538 42541 42558 42566 42571 42582 42586 42591 42592 42597 
42599 42603 42610 42619 42619 42623 42624 42642 42642 42645 
42647 42650 42651 42652 42660 42664 42675 42677 42684 42686 
42690 42692 42698 42699 42702 42723 42724 42733 42738 42743 
42745 42750 42752 42752 42753 42755 42756 42763 42769 42776 
42777 42778 42793 42797 42801 42802 42805 42820 42823 42824 
42830 42832 42843 42846 42850 42855 42857 42858 42865 42874 
42879 42879 42888 42892 42899 42920 42922 42927 42938 42944 
42945 42946 42948 42949 42958 42964 42965 42966 42967 42970 
42976 42976 42985 42985 42987 42989 42992 43001 43002 43005 
43005 43006 43008 43012 43014 43020 43020 43023 43024 43029 
43035 43036 43043 43044 43062 43065 43075 43079 43088 43089 
43092 43093 43094 43094 43099 43108 43110 43113 43114 43118 
43119 43122 43122 43126 43128 43140 43152 43160 43164 43169 
43177 43181 43189 43197 43202 43208 43216 43223 43230 43232 
43239 43240 43241 43248 43250 43251 43253 43264 43270 43281 
43281 43303 43304 43304 43310 43329 43334 43335 43345 43347 
43349 43349 43353 43360 43370 43370 43372 43378 43380 43386 
43402 43403 43404 43407 43410 43417 43422 43423 43426 43433 
43436 43437 43443 43446 43453 43455 43456 43469 43470 43471 
43475 43485 43486 43489 43496 43496 43501 43501 43505 43510 
43516 43517 43521 43523 43528 43534 43536 43540 43540 43552 
43555 43556 43562 43572 43580 43589 43591 43592 43609 43624 
43631 43632 43635 43640 43643 43660 43664 43668 43676 43686 
43692 43698 43699 43708 43709 43718 43718 43727 43729 43729 
43736 43777 43796 43808 43813 43825 43829 43830 43836 43838 
43843 43844 43854 43856 43859 43859 43881 43884 43884 43884 
43887 43888 43891 43893 43894 43895 43908 43911 43913 43915 
43925 43936 43938 43951 43954 43962 43965 43972 44003 44007 
44008 44011 44012 44045 44046 44051 44053 44054 44055 44057 
44062 44063 44069 44077 44082 44087 44089 44091 44097 44097 
44099 44099 44102 44103 44105 44116 44117 44127 44128 44134 
44136 44152 44161 44167 44168 44172 44178 44180 44188 44198 
44201 44202 44204 44206 44208 44213 44215 44228 44234 44243 
44246 44254 44254 44256 44268 44275 44282 44289 44291 44296 
44299 44303 44309 44318 44326 44328 44328 44336 44336 44336 
44339 44343 44359 44360 44364 44374 44375 44378 44384 44388 
44391 44391 44398 44402 44405 44407 44409 44419 44426 44431 
44440 44442 44452 44453 44453 44455 44458 44463 44463 44464 
44471 44480 44481 44482 44492 44503 44513 44522 44523 44523 
44536 44549 44555 44559 44566 44567 44574 44585 44593 44613 
44639 44650 44651 44655 44667 44672 44679 44682 44683 44687 
44691 44698 44708 44714 44727 44732 44740 44741 44752 44754 
44754 44755 44759 44760 44768 44778 44789 44790 44793 44795 
44796 44802 44803 44808 44812 44812 44813 44815 44821 44827 
44840 44844 44851 44851 44853 44855 44867 44868 44873 44889 
44894 44905 44905 44906 44907 44914 44918 44927 44937 44939 
44964 44974 44989 44990 44995 44996 45006 45008 45012 45016 
45021 45027 45031 45031 45033 45050 45053 45061 45062 45063 
45065 45068 45071 45077 45081 45090 45098 45101 45115 45120 
45122 45128 45134 45141 45151 45151 45157 45160 45166 45167 
45169 45177 45177 45177 45178 45179 45183 45185 45210 45212 
45212 45218 45220 45220 45224 45234 45237 45241 45249 45251 
45257 45258 45261 45262 45268 45269 45271 45274 45276 45279 
45284 45286 45311 45311 45313 45329 45331 45338 45338 45342 
45354 45363 45371 45372 45375 45375 45380 45384 45387 45392 
45395 45408 45409 45411 45413 45417 45418 45422 45438 45441 
45443 45444 45448 45452 45458 45459 45462 45464 45475 45477 
45483 45492 45505 45507 45507 45509 45515 45529 45530 45534 
45535 45542 45546 45549 45559 45584 45602 45605 45606 45623 
45626 45631 45640 45642 45649 45657 45668 45669 45671 45676 
45689 45690 45695 45696 45698 45704 45707 45719 45727 45729 
45729 45748 45749 45757 45761 45785 45787 45787 45804 45805 
45816 45818 45823 45824 45837 45844 45849 45852 45855 45860 
45861 45872 45873 45875 45881 45887 45887 45888 45896 45899 
45901 45906 45908 45920 45923 45935 45935 45940 45950 45954 
45956 45971 45977 45980 45980 45986 45989 45989 45994 45998 
46013 46017 46027 46028 46035 46038 46041 46045 46046 46046 
46066 46068 46077 46087 46088 46089 46099 46102 46103 46112 
46113 46116 46138 46145 46149 46151 46155 46157 46157 46158 
46160 46163 46163 46170 46176 46187 46189 46191 46195 46200 
46220 46226 46233 46236 46237 46240 46242 46242 46245 46248 
46262 46264 46266 46269 46276 46281 46282 46287 46288 46290 
46295 46301 46302 46305 46314 46319 46323 46325 46335 46337 
46343 46370 46372 46372 46374 46384 46384 46389 46397 46400 
46404 46407 46415 46422 46423 46430 46431 46436 46437 46443 
46448 46451 46459 46463 46464 46465 46468 46481 46490 46491 
46495 46495 46497 46498 46499 46500 46516 46518 46526 46542 
46542 46543 46544 46547 46548 46555 46573 46575 46576 46582 
46584 46589 46589 46591 46611 46614 46615 46616 46621 46628 
46632 46633 46637 46648 46663 46665 46666 46668 46671 46673 
46675 46682 46686 46690 46692 46699 46702 46708 46710 46720 
46725 46730 46735 46743 46751 46755 46757 46762 46767 46771 
46774 46774 46786 46787 46787 46793 46797 46800 46801 46810 
46813 46817 46817 46825 46827 46834 46838 46839 46840 46848 
46855 46860 46875 46877 46884 46892 46893 46894 46901 46903 
46911 46915 46919 46925 46938 46940 46949 46959 46962 46965 
46967 46972 46973 46985 46986 46987 46990 46993 46995 46997 
47012 47015 47016 47022 47025 47026 47032 47035 47039 47039 
47043 47047 47051 47053 47053 47055 47060 47064 47073 47078 
47079 47090 47093 47095 47098 47104 47111 47112 47120 47124 
47125 47127 47133 47137 47144 47150 47159 47174 47186 47206 
47210 47211 47228 47229 47245 47253 47255 47256 47258 47258 
47259 47261 47263 47263 47270 47271 47279 47285 47289 47298 
47302 47310 47323 47323 47327 47328 47332 47334 47336 47338 
47342 47343 47346 47354 47359 47363 47370 47377 47384 47385 
47387 47391 47392 47395 47402 47411 47411 47417 47423 47426 
47427 47436 47438 47439 47450 47454 47454 47468 47469 47473 
47474 47478 47478 47492 47499 47502 47506 47509 47510 47522 
47523 47526 47530 47531 47532 47536 47537 47559 47560 47561 
47566 47574 47575 47579 47584 47588 47593 47594 47594 47611 
47619 47627 47630 47636 47640 47640 47642 47648 47648 47660 
47684 47690 47695 47699 47710 47714 47724 47728 47730 47733 
47734 47740 47748 47766 47772 47773 47783 47793 47795 47799 
47800 47802 47811 47812 47813 47822 47829 47838 47840 47842 
47850 47854 47865 47866 47875 47876 47876 47879 47880 47884 
47894 47894 47900 47911 47913 47915 47916 47918 47922 47928 
47933 47942 47949 47964 47979 47981 47988 47992 48004 48007 
48008 48015 48017 48023 48025 48028 48030 48041 48041 48056 
48057 48062 48063 48072 48080 48081 48085 48090 48091 48094 
48098 48101 48105 48107 48109 48110 48116 48130 48136 48143 
48145 48145 48157 48162 48165 48169 48170 48172 48178 48181 
48185 48185 48198 48220 48224 48228 48235 48238 48239 48239 
48240 48241 48246 48248 48254 48266 48280 48281 48281 48282 
48293 48304 48306 48307 48307 48308 48315 48315 48319 48328 
48331 48341 48344 48352 48366 48368 48377 48378 48379 48382 
48389 48394 48395 48395 48399 48400 48404 48406 48414 48415 
48416 48418 48425 48430 48435 48449 48456 48460 48463 48464 
48465 48468 48469 48477 48478 48479 48491 48496 48500 48503 
48507 48509 48512 48514 48519 48524 48541 48544 48547 48550 
48554 48555 48556 48556 48558 48586 48602 48606 48609 48616 
48627 48633 48644 48647 48649 48655 48655 48656 48659 48673 
48677 48693 48697 48701 48714 48714 48721 48731 48734 48749 
48760 48761 48771 48774 48776 48776 48778 48780 48795 48798 
48798 48799 48802 48805 48807 48807 48809 48813 48813 48814 
48814 48819 48820 48821 48841 48843 48846 48848 48848 48858 
48858 48865 48872 48875 48879 48892 48892 48894 48901 48908 
48917 48926 48933 48934 48936 48936 48937 48938 48940 48944 
48945 48953 48958 48969 48970 48973 48988 48992 48999 49000 
49001 49008 49017 49030 49032 49033 49039 49041 49045 49045 
49051 49078 49078 49083 49084 49089 49090 49098 49099 49101 
49113 49117 49118 49122 49129 49135 49142 49145 49145 49148 
49150 49155 49160 49174 49175 49176 49179 49183 49198 49198 
49202 49222 49229 49233 49243 49251 49258 49260 49261 49269 
49273 49277 49281 49281 49287 49289 49295 49295 49314 49316 
49320 49320 49320 49325 49329 49346 49351 49352 49354 49354 
49359 49363 49367 49369 49377 49378 49396 49397 49400 49400 
49403 49404 49412 49418 49420 49422 49424 49433 49452 49459 
49462 49483 49497 49498 49499 49500 49503 49509 49510 49518 
49534 49538 49540 49552 49552 49558 49560 49561 49563 49573 
49574 49577 49582 49589 49594 49594 49598 49599 49600 49616 
49619 49622 49632 49634 49634 49635 49637 49641 49653 49654 
49655 49662 49662 49664 49670 49677 49678 49680 49682 49687 
49692 49701 49706 49711 49711 49711 49714 49716 49723 49727 
49728 49732 49732 49734 49743 49744 49747 49749 49763 49767 
49770 49776 49777 49782 49785 49799 49801 49803 49809 49812 
49816 49824 49824 49824 49835 49838 49844 49845 49846 49848 
49851 49853 49856 49863 49865 49877 49891 49899 49903 49903 
49917 49917 49921 49922 49936 49937 49938 49943 49953 49954 
49958 49959 49964 49982 49984 49985 49986 49986 49994 49996 
49999 50000 50004 50013 50033 50034 50048 50049 50049 50070 
50071 50081 50086 50087 50093 50093 50102 50105 50107 50110 
50113 50113 50127 50129 50131 50132 50134 50140 50142 50146 
50147 50147 50153 50156 50158 50164 50165 50169 50169 50181 
50194 50196 50200 50202 50202 50206 50207 50209 50209 50210 
50217 50220 50220 50220 50227 50228 50236 50240 50245 50255 
50257 50274 50280 50297 50304 50305 50309 50316 50320 50323 
50325 50328 50330 50330 50332 50332 50337 50341 50342 50344 
50349 50358 50358 50360 50363 50367 50373 50381 50389 50399 
50414 50420 50421 50440 50454 50463 50466 50470 50476 50482 
50488 50494 50494 50494 50496 50499 50504 50505 50510 50515 
50522 50525 50527 50533 50534 50541 50545 50547 50550 50552 
50569 50569 50574 50578 50578 50578 50583 50583 50596 50600 
50608 50613 50616 50618 50633 50638 50645 50649 50655 50657 
50658 50660 50674 50688 50690 50696 50697 50697 50697 50702 
50705 50725 50750 50754 50757 50758 50759 50764 50765 50765 
50778 50787 50788 50795 50812 50814 50827 50838 50845 50848 
50859 50860 50863 50863 50892 50894 50895 50900 50903 50916 
50921 50924 50946 50947 50948 50950 50956 50956 50964 50965 
50972 50975 50977 50993 50994 50994 50997 51002 51004 51005 
51007 51008 51018 51019 51020 51027 51030 51030 51034 51056 
51057 51067 51076 51087 51096 51098 51102 51105 51111 51113 
51113 51114 51127 51133 51141 51143 51146 51149 51154 51159 
51159 51162 51169 51170 51173 51174 51178 51179 51180 51184 
51232 51241 51244 51245 51246 51251 51253 51261 51262 51266 
51266 51279 51287 51302 51304 51314 51316 51320 51330 51330 
51335 51351 51354 51356 51363 51373 51384 51385 51387 51390 
51390 51394 51409 51415 51417 51419 51422 51425 51430 51435 
51446 51452 51455 51460 51472 51478 51480 51487 51491 51498 
51504 51513 51527 51536 51548 51550 51551 51574 51575 51578 
51579 51580 51585 51593 51595 51602 51603 51613 51615 51622 
51630 51634 51642 51654 51662 51664 51692 51693 51696 51697 
51705 51709 51716 51727 51728 51731 51732 51732 51740 51746 
51748 51760 51766 51769 51772 51775 51775 51775 51779 51781 
51783 51784 51787 51789 51792 51794 51806 51810 51811 51811 
51813 51813 51817 51818 51821 51825 51842 51849 51860 51861 
51864 51866 51872 51896 51897 51900 51900 51904 51907 51907 
51911 51915 51922 51930 51930 51933 51939 51940 51953 51958 
51962 51970 51973 51973 51987 51994 51999 51999 52002 52014 
52035 52048 52059 52060 52064 52070 52081 52082 52083 52086 
52104 52104 52105 52107 52108 52112 52117 52130 52132 52139 
52148 52151 52151 52155 52155 52156 52157 52159 52180 52182 
52183 52185 52186 52188 52191 52192 52193 52203 52213 52220 
52221 52221 52232 52232 52239 52244 52261 52262 52281 52282 
52299 52299 52304 52311 52317 52317 52335 52338 52343 52347 
52349 52350 52354 52378 52392 52396 52400 52407 52411 52413 
52439 52439 52444 52445 52455 52457 52459 52461 52471 52471 
52474 52481 52486 52490 52495 52498 52501 52502 52503 52505 
52512 52516 52525 52530 52534 52534 52537 52544 52553 52555 
52556 52557 52559 52562 52564 52567 52571 52572 52574 52587 
52591 52599 52602 52604 52604 52609 52611 52629 52633 52634 
52637 52645 52653 52657 52670 52672 52682 52683 52686 52688 
52690 52692 52692 52699 52702 52709 52717 52722 52734 52739 
52740 52747 52750 52753 52755 52756 52757 52758 52763 52765 
52767 52776 52779 52780 52782 52784 52784 52787 52798 52802 
52821 52832 52832 52834 52835 52838 52847 52864 52880 52883 
52886 52887 52889 52902 52911 52913 52918 52922 52922 52927 
52927 52930 52931 52931 52934 52936 52940 52943 52943 52944 
52946 52947 52949 52950 52957 52966 52966 52968 52976 52984 
52990 52991 52991 52997 53000 53001 53007 53013 53018 53019 
53019 53025 53030 53031 53032 53036 53037 53038 53045 53047 
53047 53051 53058 53065 53078 53080 53081 53082 53086 53086 
53087 53100 53105 53106 53108 53109 53113 53114 53117 53133 
53134 53135 53147 53148 53150 53159 53161 53173 53184 53185 
53186 53191 53193 53194 53200 53204 53205 53208 53208 53211 
53212 53224 53229 53230 53231 53236 53239 53244 53250 53253 
53254 53283 53293 53300 53308 53314 53316 53317 53318 53321 
53322 53322 53341 53348 53349 53353 53353 53366 53367 53367 
53371 53379 53379 53386 53387 53394 53399 53404 53406 53407 
53408 53414 53420 53425 53433 53433 53434 53438 53438 53442 
53442 53461 53462 53467 53469 53471 53472 53473 53478 53478 
53488 53488 53499 53506 53507 53513 53514 53520 53525 53531 
53532 53538 53542 53543 53547 53555 53558 53559 53562 53563 
53572 53575 53575 53582 53586 53591 53598 53603 53614 53615 
53625 53625 53634 53636 53637 53641 53641 53651 53652 53654 
53673 53679 53688 53690 53691 53692 53702 53707 53707 53713 
53720 53724 53724 53739 53742 53743 53746 53749 53758 53771 
53773 53774 53776 53784 53796 53799 53800 53803 53825 53828 
53838 53844 53862 53864 53865 53866 53881 53883 53883 53884 
53886 53889 53889 53894 53895 53895 53907 53914 53914 53922 
53931 53932 53935 53938 53939 53945 53949 53953 53953 53955 
53956 53960 53962 53966 53967 53967 53968 53970 53989 53993 
53993 53994 54000 54000 54004 54005 54009 54014 54019 54021 
54024 54029 54030 54042 54042 54046 54051 54060 54062 54075 
54083 54100 54102 54117 54119 54125 54152 54154 54155 54175 
54182 54184 54191 54193 54200 54200 54206 54208 54213 54224 
54225 54243 54247 54261 54268 54273 54273 54286 54292 54293 
54301 54302 54307 54310 54317 54317 54321 54324 54327 54335 
54338 54339 54342 54343 54346 54353 54354 54356 54363 54364 
54373 54374 54377 54381 54384 54390 54394 54404 54420 54420 
54429 54432 54443 54445 54445 54457 54461 54464 54475 54480 
54497 54497 54498 54503 54503 54503 54508 54527 54536 54537 
54538 54539 54540 54553 54554 54556 54565 54583 54586 54591 
54604 54616 54616 54619 54621 54624 54627 54629 54634 54635 
54635 54640 54645 54646 54663 54664 54671 54681 54683 54684 
54688 54709 54709 54710 54712 54717 54721 54721 54725 54726 
54733 54734 54734 54744 54744 54756 54764 54770 54772 54773 
54774 54785 54790 54794 54795 54802 54805 54822 54825 54826 
54826 54826 54846 54853 54855 54860 54867 54868 54881 54883 
54884 54886 54889 54889 54906 54910 54911 54932 54938 54941 
54955 54962 54969 54989 54990 54994 55001 55016 55022 55026 
55031 55034 55037 55037 55041 55045 55046 55053 55054 55056 
55061 55095 55097 55100 55124 55127 55127 55133 55136 55136 
55152 55161 55162 55164 55174 55180 55181 55181 55184 55188 
55192 55195 55200 55203 55210 55210 55212 55213 55219 55224 
55230 55231 55234 55236 55238 55239 55249 55250 55253 55255 
55256 55257 55259 55259 55263 55267 55272 55274 55279 55280 
55280 55286 55287 55287 55292 55296 55298 55298 55303 55308 
55311 55315 55321 55325 55327 55346 55349 55359 55368 55369 
55375 55376 55377 55378 55385 55396 55398 55407 55430 55432 
55439 55446 55461 55474 55477 55478 55479 55484 55488 55491 
55498 55502 55503 55506 55511 55518 55521 55529 55534 55539 
55540 55559 55567 55570 55575 55581 55590 55591 55592 55595 
55597 55599 55600 55604 55604 55612 55622 55623 55631 55632 
55641 55644 55644 55647 55652 55656 55657 55666 55667 55669 
55685 55691 55691 55691 55713 55715 55735 55736 55740 55742 
55751 55759 55760 55770 55775 55775 55790 55793 55797 55799 
55806 55812 55815 55820 55822 55827 55847 55873 55880 55891 
55896 55899 55904 55908 55909 55913 55932 55936 55938 55939 
55945 55947 55950 55951 55953 55955 55959 55960 55966 55987 
55989 55991 55995 56007 56010 56016 56017 56018 56019 56024 
56026 56032 56036 56037 56042 56043 56046 56060 56063 56075 
56075 56088 56092 56093 56099 56107 56107 56108 56120 56123 
56126 56131 56135 56137 56139 56149 56152 56154 56154 56156 
56163 56163 56168 56171 56179 56184 56185 56187 56202 56203 
56205 56207 56234 56238 56246 56247 56249 56265 56267 56267 
56272 56283 56285 56291 56292 56293 56303 56304 56327 56331 
56338 56340 56341 56346 56347 56347 56377 56377 56385 56386 
56388 56389 56389 56392 56400 56403 56409 56421 56428 56436 
56442 56443 56444 56448 56477 56487 56499 56502 56508 56520 
56524 56547 56549 56550 56553 56555 56560 56561 56561 56564 
56570 56571 56583 56593 56594 56599 56601 56610 56624 56630 
56632 56633 56636 56639 56642 56649 56651 56654 56660 56661 
56667 56683 56697 56711 56713 56717 56721 56722 56727 56727 
56728 56739 56742 56749 56750 56756 56764 56778 56786 56789 
56791 56793 56794 56802 56807 56811 56813 56815 56824 56831 
56832 56844 56848 56854 56857 56857 56861 56863 56864 56865 
56873 56885 56896 56897 56903 56903 56917 56918 56925 56929 
56934 56942 56943 56947 56952 56953 56956 56957 56958 56963 
56964 56968 56971 56985 56985 56988 56991 56994 56995 57000 
57002 57003 57003 57005 57005 57014 57015 57018 57023 57023 
57032 57035 57037 57043 57048 57064 57072 57079 57079 57081 
57090 57091 57100 57101 57107 57108 57117 57118 57125 57127 
57128 57129 57134 57136 57139 57143 57157 57161 57164 57167 
57167 57171 57173 57176 57177 57189 57198 57207 57210 57212 
57217 57220 57230 57232 57233 57239 57243 57250 57250 57259 
57259 57261 57268 57273 57285 57285 57290 57327 57332 57344 
57351 57357 57358 57359 57361 57364 57365 57365 57367 57372 
57374 57380 57382 57383 57395 57407 57411 57431 57438 57439 
57439 57444 57444 57450 57453 57456 57459 57460 57461 57464 
57466 57468 57490 57495 57498 57498 57507 57509 57510 57522 
57526 57528 57528 57530 57535 57537 57538 57543 57546 57548 
57551 57563 57570 57577 57586 57590 57591 57593 57594 57594 
57603 57603 57609 57612 57629 57645 57646 57654 57659 57662 
57664 57668 57671 57676 57680 57684 57688 57691 57695 57713 
57721 57723 57740 57740 57744 57748 57753 57757 57764 57773 
57779 57793 57800 57801 57805 57845 57854 57863 57865 57874 
57889 57890 57895 57900 57902 57908 57915 57924 57925 57927 
57932 57938 57942 57942 57944 57957 57969 57973 57982 57983 
57989 57990 57993 57996 57997 58000 58006 58015 58019 58020 
58028 58030 58032 58032 58033 58038 58053 58054 58067 58081 
58086 58096 58123 58127 58128 58143 58144 58148 58151 58151 
58157 58157 58166 58166 58173 58195 58204 58208 58211 58224 
58230 58238 58239 58251 58254 58255 58263 58267 58269 58270 
58271 58283 58287 58304 58304 58311 58316 58321 58323 58329 
58333 58347 58351 58353 58358 58359 58375 58380 58381 58386 
58390 58393 58397 58399 58400 58404 58408 58414 58419 58420 
58434 58436 58439 58445 58449 58456 58459 58469 58482 58484 
58489 58498 58501 58504 58507 58511 58517 58526 58532 58532 
58543 58551 58560 58563 58564 58574 58574 58578 58578 58579 
58588 58593 58606 58608 58615 58627 58629 58632 58640 58641 
58647 58649 58659 58661 58665 58671 58672 58685 58704 58710 
58710 58710 58717 58720 58730 58739 58743 58756 58758 58760 
58763 58775 58778 58781 58786 58790 58795 58796 58798 58813 
58815 58816 58822 58831 58840 58841 58852 58863 58869 58873 
58876 58879 58887 58894 58902 58906 58913 58914 58917 58923 
58928 58940 58945 58967 58969 58971 58986 58989 59001 59003 
59008 59009 59015 59020 59022 59025 59040 59044 59045 59056 
59075 59075 59090 59098 59100 59109 59109 59114 59116 59117 
59123 59129 59134 59147 59169 59169 59170 59175 59176 59182 
59182 59183 59183 59187 59209 59214 59219 59227 59229 59232 
59233 59249 59251 59251 59257 59265 59268 59272 59273 59273 
59286 59289 59290 59296 59301 59309 59315 59316 59325 59327 
59329 59331 59334 59337 59339 59352 59358 59362 59364 59365 
59367 59370 59379 59386 59386 59391 59391 59392 59393 59398 
59401 59403 59406 59413 59415 59416 59423 59424 59429 59434 
59434 59441 59442 59445 59445 59462 59469 59471 59472 59479 
59479 59482 59493 59495 59501 59502 59506 59507 59508 59514 
59519 59521 59524 59539 59541 59542 59546 59553 59553 59566 
59567 59568 59568 59569 59574 59580 59594 59597 59601 59622 
59633 59643 59643 59645 59648 59656 59673 59674 59677 59683 
59697 59714 59718 59721 59739 59754 59755 59758 59763 59766 
59775 59775 59777 59777 59799 59807 59813 59813 59821 59822 
59829 59829 59830 59831 59839 59840 59842 59844 59844 59845 
59845 59856 59861 59872 59873 59896 59912 59912 59913 59921 
59931 59931 59940 59940 59943 59947 59954 59955 59969 59969 
59971 59971 59972 59974 59983 59987 59991 59996 59996 60000 
60004 60005 60017 60017 60023 60026 60029 60033 60034 60038 
60046 60056 60073 60080 60092 60094 60105 60111 60113 60120 
60128 60146 60150 60163 60174 60177 60182 60192 60200 60200 
60206 60209 60214 60231 60233 60258 60260 60263 60268 60272 
60274 60284 60291 60297 60298 60304 60307 60308 60317 60324 
60331 60343 60348 60355 60357 60358 60359 60361 60363 60366 
60391 60392 60393 60396 60397 60404 60412 60415 60418 60421 
60426 60428 60433 60444 60445 60445 60446 60456 60457 60465 
60465 60466 60473 60473 60478 60485 60492 60496 60497 60499 
60503 60522 60532 60548 60552 60565 60572 60573 60575 60580 
60580 60594 60595 60598 60600 60601 60607 60608 60613 60619 
60620 60620 60621 60623 60637 60649 60652 60653 60653 60657 
60658 60659 60666 60668 60674 60674 60679 60686 60690 60691 
60705 60730 60740 60746 60753 60757 60767 60770 60771 60772 
60775 60775 60776 60787 60788 60790 60797 60798 60798 60801 
60802 60803 60810 60831 60852 60856 60858 60862 60864 60871 
60877 60879 60885 60893 60895 60895 60902 60911 60916 60924 
60928 60930 60944 60946 60946 60949 60950 60958 60960 60962 
60964 60977 60979 60981 60983 60990 60990 60991 61002 61005 
61009 61010 61014 61018 61021 61024 61038 61040 61047 61052 
61058 61068 61079 61085 61097 61113 61115 61122 61126 61137 
61137 61146 61146 61149 61149 61156 61157 61160 61164 61173 
61179 61182 61186 61186 61186 61188 61190 61203 61205 61206 
61213 61215 61221 61224 61226 61234 61235 61236 61236 61239 
61245 61247 61252 61256 61257 61258 61261 61261 61261 61265 
61272 61273 61277 61282 61286 61286 61288 61298 61299 61303 
61307 61311 61312 61316 61322 61337 61348 61358 61371 61376 
61379 61379 61381 61386 61390 61392 61392 61402 61405 61448 
61451 61454 61457 61459 61460 61463 61464 61476 61479 61489 
61493 61498 61509 61512 61521 61522 61523 61528 61534 61538 
61546 61557 61557 61558 61577 61588 61602 61605 61619 61619 
61632 61637 61637 61651 61653 61655 61657 61665 61672 61703 
61706 61724 61733 61742 61742 61744 61750 61769 61778 61780 
61782 61787 61789 61792 61794 61798 61799 61802 61808 61810 
61813 61818 61820 61820 61823 61826 61830 61840 61846 61851 
61863 61874 61880 61882 61894 61894 61900 61925 61931 61933 
61934 61942 61953 61955 61957 61958 61960 61967 61968 61970 
61983 61984 61985 61987 61998 62011 62013 62021 62026 62033 
62036 62039 62040 62047 62048 62049 62053 62057 62070 62072 
62087 62091 62094 62098 62109 62112 62114 62118 62121 62129 
62130 62144 62154 62169 62179 62180 62180 62192 62194 62202 
62205 62211 62215 62218 62225 62227 62228 62228 62242 62247 
62255 62258 62279 62289 62292 62294 62302 62304 62305 62306 
62311 62311 62317 62342 62349 62351 62356 62356 62357 62360 
62363 62366 62369 62374 62378 62378 62379 62379 62380 62391 
62394 62401 62405 62407 62408 62415 62415 62419 62420 62421 
62424 62441 62443 62448 62451 62452 62454 62460 62467 62474 
62477 62479 62489 62499 62505 62505 62514 62522 62527 62530 
62534 62535 62538 62542 62542 62543 62544 62553 62555 62558 
62567 62567 62579 62581 62582 62583 62583 62586 62589 62591 
62593 62599 62628 62629 62631 62633 62637 62638 62639 62640 
62644 62649 62651 62663 62667 62676 62678 62679 62685 62685 
62687 62689 62689 62694 62695 62700 62700 62707 62713 62721 
62729 62730 62731 62741 62744 62747 62750 62753 62754 62756 
62758 62767 62785 62797 62799 62808 62812 62820 62832 62832 
62832 62833 62837 62840 62842 62844 62848 62849 62854 62872 
62873 62875 62878 62881 62899 62907 62910 62911 62914 62921 
62933 62935 62939 62955 62981 62989 62990 62994 63010 63013 
63017 63025 63037 63056 63062 63065 63069 63075 63076 63082 
63098 63102 63103 63114 63116 63116 63117 63124 63129 63134 
63143 63147 63152 63164 63166 63169 63172 63173 63175 63180 
63183 63184 63187 63190 63195 63196 63206 63209 63213 63222 
63229 63237 63237 63246 63249 63253 63254 63255 63271 63276 
63280 63280 63281 63283 63286 63290 63294 63298 63299 63300 
63329 63333 63334 63346 63347 63351 63352 63359 63365 63373 
63380 63380 63391 63401 63402 63407 63419 63422 63427 63430 
63433 63448 63460 63463 63465 63466 63468 63470 63470 63478 
63479 63486 63487 63500 63505 63507 63510 63514 63518 63521 
63525 63525 63525 63527 63528 63529 63535 63537 63543 63544 
63545 63550 63554 63568 63569 63575 63587 63589 63592 63592 
63593 63598 63601 63603 63607 63607 63623 63631 63640 63649 
63651 63656 63658 63658 63666 63670 63672 63677 63677 63678 
63690 63696 63702 63702 63705 63709 63734 63735 63740 63740 
63747 63748 63773 63774 63807 63816 63820 63821 63829 63831 
63840 63841 63843 63848 63859 63877 63879 63881 63885 63892 
63892 63901 63904 63906 63912 63916 63917 63921 63932 63935 
63937 63944 63958 63966 63970 63981 63991 63993 63998 63998 
64007 64007 64010 64014 64021 64022 64026 64031 64031 64036 
64043 64055 64061 64068 64072 64078 64079 64082 64087 64089 
64104 64119 64125 64130 64132 64133 64151 64151 64154 64154 
64159 64159 64160 64163 64170 64188 64190 64195 64195 64204 
64210 64218 64228 64229 64239 64240 64246 64247 64251 64254 
64258 64258 64261 64272 64306 64309 64315 64315 64316 64319 
64320 64321 64330 64335 64340 64341 64347 64356 64357 64358 
64360 64364 64366 64366 64367 64370 64375 64376 64378 64382 
64386 64395 64397 64400 64403 64407 64409 64414 64420 64421 
64422 64428 64434 64438 64441 64448 64449 64460 64463 64463 
64468 64477 64480 64487 64488 64492 64496 64497 64498 64499 
64509 64510 64526 64526 64529 64549 64554 64563 64571 64573 
64578 64583 64585 64586 64588 64592 64615 64618 64623 64626 
64634 64636 64640 64647 64666 64669 64669 64674 64686 64686 
64687 64690 64705 64714 64716 64717 64722 64734 64735 64745 
64754 64754 64756 64762 64762 64762 64763 64764 64767 64771 
64775 64777 64777 64778 64779 64780 64789 64795 64804 64808 
64809 64816 64826 64840 64854 64857 64858 64867 64878 64879 
64883 64887 64901 64905 64906 64907 64908 64913 64916 64916 
64922 64925 64944 64946 64953 64963 64966 64971 64974 64976 
64980 64982 64984 64986 64989 64990 64996 64997 64998 64999 
65001 65010 65010 65011 65011 65029 65030 65033 65036 65054 
65057 65065 65068 65073 65074 65078 65093 65095 65101 65105 
65105 65105 65107 65110 65112 65119 65120 65121 65132 65136 
65137 65141 65149 65152 65158 65167 65178 65178 65182 65184 
65186 65188 65193 65194 65204 65219 65225 65225 65226 65228 
65237 65239 65245 65248 65250 65252 65262 65262 65266 65270 
65276 65278 65280 65283 65292 65307 65315 65319 65329 65332 
65336 65358 65363 65381 65386 65399 65402 65405 65406 65409 
65412 65424 65436 65439 65448 65462 65476 65477 65480 65481 
65486 65493 65495 65495 65496 65497 65507 65512 65515 65524 
65528 65530 65542 65548 65554 65567 65577 65580 65581 65582 
65584 65585 65595 65608 65609 65610 65611 65617 65622 65623 
65632 65633 65636 65640 65645 65646 65654 65657 65659 65666 
65667 65673 65688 65694 65695 65706 65708 65715 65715 65717 
65735 65739 65739 65745 65749 65751 65753 65756 65758 65762 
65764 65766 65768 65769 65773 65777 65798 65799 65801 65802 
65804 65807 65809 65810 65816 65821 65829 65830 65843 65847 
65857 65868 65869 65876 65893 65897 65902 65904 65904 65913 
65914 65914 65916 65924 65925 65927 65944 65950 65961 65972 
65978 66003 66010 66014 66019 66021 66034 66036 66045 66058 
66063 66067 66072 66073 66080 66085 66103 66106 66109 66113 
66115 66117 66119 66122 66127 66140 66141 66146 66146 66156 
66157 66164 66167 66167 66172 66174 66182 66190 66209 66216 
66218 66223 66239 66246 66257 66260 66274 66275 66275 66275 
66282 66284 66287 66289 66292 66296 66298 66307 66311 66317 
66318 66333 66337 66345 66349 66352 66353 66369 66373 66375 
66378 66388 66390 66399 66400 66402 66407 66412 66415 66423 
66426 66429 66434 66437 66442 66447 66448 66450 66450 66459 
66466 66474 66482 66483 66485 66499 66504 66505 66515 66517 
66518 66519 66524 66528 66532 66534 66536 66544 66550 66562 
66567 66583 66587 66597 66599 66611 66614 66617 66620 66623 
66629 66630 66632 66640 66642 66647 66650 66650 66685 66687 
66688 66696 66707 66707 66716 66721 66727 66728 66729 66732 
66744 66760 66765 66766 66772 66773 66779 66781 66785 66786 
66790 66802 66811 66815 66816 66830 66834 66838 66848 66854 
66855 66868 66885 66885 66887 66899 66900 66912 66920 66922 
66933 66937 66939 66957 66961 66961 66965 66968 66969 66970 
66994 67001 67013 67015 67016 67021 67025 67026 67032 67032 
67035 67041 67044 67045 67048 67050 67054 67056 67063 67067 
67072 67079 67084 67086 67090 67091 67093 67104 67104 67109 
67109 67110 67112 67115 67124 67130 67135 67135 67137 67137 
67137 67153 67157 67160 67173 67174 67182 67190 67192 67199 
67200 67206 67217 67217 67230 67232 67234 67235 67245 67258 
67265 67273 67281 67287 67292 67292 67294 67301 67307 67317 
67317 67319 67327 67329 67330 67351 67361 67372 67378 67384 
67385 67388 67393 67398 67399 67402 67422 67428 67433 67433 
67439 67445 67446 67452 67452 67460 67476 67483 67484 67487 
67491 67498 67500 67504 67520 67520 67526 67527 67527 67533 
67536 67537 67539 67541 67542 67548 67555 67574 67578 67592 
67593 67594 67595 67596 67598 67598 67598 67604 67612 67612 
67612 67612 67615 67621 67634 67640 67647 67655 67657 67661 
67671 67673 67678 67678 67692 67695 67707 67717 67726 67727 
67728 67728 67734 67736 67743 67752 67767 67771 67780 67780 
67792 67795 67802 67811 67822 67823 67824 67825 67826 67827 
67833 67835 67836 67854 67861 67861 67874 67876 67877 67878 
67878 67882 67887 67895 67898 67902 67902 67902 67906 67907 
67913 67914 67919 67921 67922 67922 67930 67930 67935 67935 
67953 67956 67962 67968 67976 67976 67977 67983 67984 67989 
68004 68008 68010 68015 68022 68025 68040 68043 68049 68055 
68059 68062 68063 68063 68066 68072 68073 68074 68077 68079 
68093 68103 68106 68107 68112 68114 68114 68117 68137 68139 
68140 68144 68149 68149 68164 68165 68165 68165 68186 68200 
68208 68210 68219 68228 68247 68251 68252 68255 68258 68268 
68277 68278 68278 68279 68282 68283 68292 68292 68305 68306 
68309 68310 68316 68319 68325 68330 68331 68336 68337 68349 
68352 68354 68356 68367 68375 68386 68389 68395 68396 68398 
68399 68403 68410 68410 68414 68418 68421 68426 68428 68429 
68432 68445 68447 68453 68456 68460 68463 68464 68468 68474 
68480 68481 68483 68489 68493 68496 68500 68506 68524 68525 
68531 68535 68542 68543 68543 68544 68545 68551 68562 68565 
68584 68588 68591 68594 68600 68606 68608 68611 68623 68631 
68637 68638 68638 68640 68643 68650 68654 68661 68681 68683 
68698 68707 68709 68711 68712 68712 68716 68720 68720 68720 
68734 68749 68752 68757 68770 68774 68777 68777 68778 68782 
68785 68789 68791 68793 68796 68811 68817 68823 68827 68828 
68831 68836 68841 68842 68862 68863 68865 68877 68879 68885 
68889 68890 68894 68905 68908 68914 68919 68927 68928 68930 
68932 68938 68938 68939 68945 68963 68970 68984 68987 68990 
68997 68999 69001 69011 69015 69018 69023 69028 69033 69044 
69051 69053 69060 69062 69062 69065 69078 69078 69080 69081 
69088 69091 69093 69099 69104 69109 69110 69120 69124 69135 
69136 69140 69144 69160 69161 69162 69166 69166 69176 69182 
69185 69190 69190 69195 69197 69204 69220 69221 69226 69231 
69237 69257 69259 69259 69272 69279 69281 69282 69290 69292 
69295 69298 69301 69306 69308 69313 69318 69336 69345 69347 
69348 69352 69361 69363 69371 69372 69375 69376 69387 69393 
69396 69396 69399 69400 69402 69403 69406 69413 69413 69413 
69417 69421 69428 69431 69449 69458 69459 69462 69472 69473 
69487 69494 69500 69504 69508 69509 69515 69516 69520 69529 
69536 69543 69544 69550 69553 69562 69570 69598 69608 69611 
69615 69617 69625 69638 69661 69686 69689 69690 69690 69694 
69699 69710 69723 69726 69742 69742 69750 69768 69771 69772 
69776 69784 69790 69792 69801 69804 69804 69808 69813 69813 
69813 69816 69817 69818 69820 69820 69842 69846 69847 69848 
69857 69858 69884 69885 69889 69898 69905 69907 69909 69910 
69922 69925 69934 69936 69940 69942 69946 69961 69962 69963 
69973 69974 69976 69980 69986 69992 69995 69996 70001 70004 
70007 70011 70013 70025 70025 70031 70048 70057 70061 70080 
70082 70089 70090 70097 70100 70104 70105 70113 70126 70126 
70127 70132 70136 70137 70140 70149 70161 70162 70164 70166 
70173 70180 70187 70191 70204 70217 70217 70219 70219 70224 
70228 70230 70237 70237 70238 70257 70258 70262 70274 70278 
70290 70292 70292 70294 70297 70309 70312 70313 70322 70327 
70330 70332 70332 70336 70338 70341 70353 70358 70378 70380 
70398 70401 70405 70410 70412 70412 70413 70417 70418 70419 
70426 70427 70428 70428 70431 70435 70436 70438 70438 70445 
70447 70453 70455 70461 70462 70469 70469 70470 70477 70486 
70486 70486 70489 70489 70494 70495 70496 70497 70497 70501 
70503 70505 70507 70509 70512 70512 70513 70515 70516 70519 
70519 70520 70525 70535 70543 70559 70564 70566 70578 70580 
70589 70593 70597 70603 70603 70611 70618 70621 70633 70641 
70649 70657 70657 70658 70662 70664 70672 70673 70674 70674 
70684 70693 70703 70710 70714 70720 70728 70734 70735 70739 
70748 70748 70752 70754 70756 70757 70764 70776 70778 70795 
70799 70803 70804 70814 70827 70831 70838 70851 70858 70863 
70864 70867 70873 70874 70882 70884 70885 70889 70902 70905 
70905 70906 70906 70919 70919 70923 70924 70927 70931 70933 
70938 70947 70953 70954 70963 70971 70973 70974 70983 70985 
70989 70992 70993 70996 71012 71014 71017 71020 71021 71029 
71033 71043 71054 71059 71062 71067 71068 71071 71075 71077 
71077 71080 71101 71103 71107 71109 71115 71115 71120 71125 
71138 71140 71140 71141 71148 71158 71158 71159 71160 71162 
71180 71180 71183 71187 71190 71191 71194 71198 71203 71209 
71211 71218 71229 71231 71232 71234 71235 71241 71243 71243 
71244 71246 71246 71248 71252 71257 71258 71261 71265 71268 
71271 71272 71273 71283 71290 71291 71297 71299 71300 71311 
71321 71324 71335 71335 71350 71354 71355 71358 71362 71364 
71367 71374 71377 71382 71389 71395 71395 71397 71399 71407 
71408 71414 71414 71414 71415 71417 71418 71421 71424 71440 
71471 71473 71482 71487 71494 71502 71503 71508 71512 71526 
71533 71540 71547 71552 71574 71582 71587 71588 71593 71602 
71606 71607 71611 71623 71624 71633 71633 71639 71642 71644 
71644 71649 71652 71654 71657 71659 71661 71668 71675 71683 
71683 71684 71686 71694 71701 71701 71704 71705 71711 71716 
71722 71729 71743 71745 71752 71759 71759 71760 71766 71772 
71774 71783 71784 71786 71792 71799 71803 71805 71812 71813 
71816 71817 71820 71829 71838 71840 71841 71848 71849 71867 
71879 71880 71897 71901 71912 71912 71914 71927 71930 71930 
71944 71945 71965 71966 71967 71971 71978 71986 71991 72005 
72015 72024 72024 72043 72048 72049 72055 72058 72061 72061 
72068 72073 72081 72089 72090 72095 72105 72116 72116 72120 
72125 72134 72142 72143 72143 72144 72146 72153 72157 72164 
72165 72173 72177 72183 72200 72216 72222 72224 72225 72226 
72229 72230 72233 72240 72241 72246 72248 72251 72254 72257 
72257 72263 72264 72272 72272 72277 72294 72295 72297 72298 
72300 72303 72304 72304 72305 72308 72309 72316 72323 72343 
72349 72360 72362 72367 72373 72376 72378 72387 72389 72389 
72396 72399 72404 72405 72408 72412 72414 72423 72428 72431 
72432 72441 72442 72444 72445 72445 72457 72460 72462 72463 
72463 72464 72469 72471 72479 72483 72486 72488 72490 72493 
72494 72495 72505 72523 72523 72527 72529 72531 72533 72539 
72544 72563 72566 72577 72589 72590 72592 72598 72603 72605 
72629 72637 72642 72643 72645 72655 72662 72670 72670 72675 
72679 72682 72685 72688 72691 72718 72737 72738 72747 72748 
72759 72776 72779 72782 72787 72791 72798 72803 72804 72810 
72813 72827 72831 72832 72842 72846 72850 72865 72867 72875 
72887 72893 72894 72896 72903 72904 72906 72916 72920 72924 
72930 72933 72936 72940 72947 72951 72952 72959 72968 72969 
72975 72976 72993 72998 72998 73000 73017 73019 73022 73026 
73026 73026 73032 73047 73048 73066 73070 73074 73078 73081 
73086 73089 73090 73091 73115 73115 73116 73117 73119 73125 
73126 73127 73134 73135 73138 73140 73143 73145 73146 73155 
73156 73161 73172 73177 73177 73179 73181 73182 73188 73193 
73194 73195 73200 73208 73210 73211 73221 73222 73227 73244 
73256 73256 73257 73258 73259 73262 73264 73266 73272 73274 
73275 73286 73292 73298 73301 73301 73307 73314 73315 73318 
73321 73326 73328 73332 73341 73341 73347 73357 73361 73379 
73385 73405 73405 73410 73411 73423 73429 73442 73444 73453 
73455 73455 73456 73456 73461 73461 73465 73468 73469 73473 
73480 73481 73482 73491 73492 73497 73497 73498 73512 73512 
73513 73515 73517 73518 73523 73525 73532 73548 73552 73555 
73561 73571 73581 73587 73592 73602 73605 73608 73611 73613 
73642 73659 73662 73666 73673 73675 73676 73682 73688 73688 
73696 73701 73712 73714 73717 73721 73735 73741 73744 73748 
73760 73761 73763 73768 73794 73800 73802 73805 73806 73817 
73819 73826 73834 73835 73837 73842 73846 73857 73865 73866 
73873 73875 73887 73891 73892 73894 73906 73909 73913 73913 
73924 73929 73932 73944 73952 73959 73969 73986 73995 74003 
74007 74017 74018 74032 74034 74036 74046 74048 74050 74054 
74056 74060 74064 74080 74092 74092 74093 74100 74100 74121 
74133 74138 74141 74143 74147 74148 74151 74154 74162 74167 
74170 74180 74183 74191 74201 74205 74205 74213 74217 74223 
74235 74240 74247 74248 74251 74255 74257 74258 74259 74262 
74264 74268 74271 74273 74275 74280 74283 74299 74317 74318 
74334 74335 74342 74346 74347 74354 74354 74355 74359 74360 
74362 74362 74387 74389 74391 74391 74395 74396 74397 74401 
74401 74402 74403 74404 74409 74411 74412 74414 74417 74432 
74434 74437 74438 74447 74450 74451 74466 74478 74480 74484 
74485 74487 74498 74501 74501 74501 74502 74502 74513 74516 
74542 74545 74547 74548 74550 74551 74558 74558 74560 74566 
74575 74578 74590 74590 74602 74603 74610 74615 74628 74630 
74640 74648 74649 74654 74658 74658 74669 74669 74673 74680 
74681 74682 74685 74694 74694 74710 74714 74720 74723 74723 
74724 74728 74733 74735 74745 74747 74747 74749 74752 74759 
74772 74773 74777 74782 74783 74788 74790 74797 74802 74804 
74809 74811 74823 74823 74827 74840 74842 74848 74850 74856 
74857 74863 74868 74882 74892 74892 74893 74894 74896 74903 
74907 74910 74911 74913 74914 74916 74919 74920 74930 74949 
74955 74957 74972 74987 75005 75007 75011 75023 75024 75026 
75030 75032 75032 75035 75040 75056 75057 75063 75071 75073 
75078 75087 75092 75093 75102 75103 75104 75104 75106 75108 
75120 75123 75125 75133 75133 75136 75137 75139 75140 75156 
75159 75159 75160 75161 75167 75170 75175 75183 75200 75200 
75204 75207 75212 75214 75219 75221 75237 75239 75241 75243 
75247 75251 75251 75252 75253 75263 75263 75269 75274 75287 
75293 75297 75304 75326 75328 75329 75332 75333 75338 75354 
75358 75361 75375 75392 75418 75424 75431 75432 75444 75445 
75446 75450 75471 75472 75475 75489 75497 75505 75507 75507 
75509 75511 75533 75534 75541 75550 75551 75552 75557 75557 
75558 75562 75569 75570 75574 75577 75581 75588 75593 75594 
75598 75604 75604 75605 75606 75606 75612 75613 75618 75622 
75639 75645 75646 75647 75662 75672 75679 75686 75694 75695 
75704 75708 75712 75722 75727 75732 75732 75740 75741 75745 
75751 75752 75755 75759 75770 75776 75781 75784 75788 75798 
75811 75812 75821 75823 75825 75827 75835 75841 75846 75848 
75848 75856 75860 75870 75871 75876 75880 75882 75884 75887 
75893 75898 75908 75912 75912 75916 75926 75958 75958 75972 
75977 75983 75983 75989 75992 75992 75994 76006 76014 76028 
76035 76051 76058 76060 76069 76070 76072 76079 76079 76079 
76082 76083 76083 76084 76086 76086 76093 76094 76096 76131 
76132 76136 76139 76141 76149 76154 76158 76158 76161 76167 
76169 76169 76176 76196 76197 76197 76200 76209 76210 76226 
76230 76242 76245 76250 76256 76258 76286 76288 76289 76303 
76305 76306 76317 76349 76350 76350 76353 76360 76360 76361 
76380 76380 76396 76398 76408 76409 76416 76421 76425 76435 
76440 76457 76473 76474 76478 76484 76485 76489 76505 76510 
76524 76528 76530 76532 76541 76543 76554 76555 76555 76557 
76559 76570 76575 76579 76590 76594 76595 76601 76604 76622 
76627 76631 76637 76644 76645 76652 76661 76667 76675 76675 
76677 76681 76692 76698 76702 76712 76719 76723 76724 76724 
76726 76731 76741 76749 76753 76771 76773 76777 76782 76785 
76786 76791 76793 76797 76797 76798 76800 76803 76803 76809 
76810 76817 76817 76824 76825 76833 76835 76837 76844 76850 
76851 76860 76862 76862 76862 76869 76869 76876 76882 76883 
76888 76904 76904 76904 76906 76906 76913 76916 76919 76919 
76931 76934 76938 76941 76945 76949 76960 76969 76970 76974 
76974 76987 76990 77002 77003 77004 77008 77011 77014 77018 
77024 77026 77032 77036 77037 77041 77044 77047 77048 77049 
77050 77052 77064 77084 77084 77087 77095 77105 77119 77125 
77144 77147 77149 77149 77156 77159 77163 77165 77168 77173 
77175 77180 77180 77184 77189 77191 77196 77201 77201 77203 
77210 77212 77213 77213 77213 77218 77219 77223 77223 77229 
77231 77237 77240 77242 77244 77249 77252 77261 77264 77265 
77265 77271 77286 77296 77305 77306 77316 77317 77324 77324 
77329 77334 77334 77335 77339 77342 77347 77347 77347 77348 
77350 77358 77358 77360 77361 77372 77376 77380 77389 77390 
77401 77401 77403 77408 77408 77431 77431 77439 77441 77445 
77450 77454 77460 77487 77488 77488 77490 77493 77510 77510 
77516 77538 77541 77542 77546 77553 77555 77564 77580 77581 
77594 77596 77600 77602 77605 77606 77607 77608 77616 77626 
77630 77635 77636 77639 77644 77646 77655 77656 77665 77669 
77676 77687 77688 77693 77697 77700 77701 77706 77706 77706 
77708 77714 77715 77726 77727 77741 77743 77749 77763 77765 
77768 77776 77777 77779 77782 77787 77788 77788 77789 77794 
77798 77799 77800 77800 77803 77813 77819 77822 77826 77833 
77841 77841 77844 77844 77848 77856 77857 77864 77865 77873 
77880 77884 77890 77891 77892 77893 77895 77898 77903 77915 
77925 77929 77930 77932 77939 77939 77940 77942 77942 77942 
77943 77945 77956 77959 77960 77967 77984 77986 77989 78001 
78004 78013 78030 78032 78032 78034 78035 78036 78038 78042 
78052 78065 78065 78066 78071 78072 78072 78078 78079 78087 
78087 78089 78089 78091 78105 78109 78109 78110 78117 78124 
78135 78140 78144 78145 78150 78155 78156 78159 78170 78171 
78175 78190 78193 78196 78198 78200 78209 78211 78211 78216 
78221 78225 78227 78228 78231 78234 78239 78248 78253 78257 
78261 78263 78268 78270 78275 78286 78288 78289 78293 78294 
78296 78300 78305 78306 78312 78312 78313 78320 78325 78326 
78328 78334 78334 78335 78336 78348 78352 78356 78374 78398 
78402 78448 78457 78466 78475 78476 78477 78485 78486 78491 
78499 78505 78506 78510 78511 78515 78517 78525 78527 78532 
78536 78538 78542 78543 78552 78560 78568 78568 78571 78575 
78575 78584 78588 78607 78608 78609 78610 78616 78616 78617 
78619 78622 78639 78645 78648 78663 78666 78666 78670 78673 
78679 78683 78704 78705 78708 78710 78720 78721 78721 78721 
78731 78735 78738 78740 78744 78746 78759 78764 78766 78768 
78769 78771 78771 78772 78775 78775 78780 78781 78782 78783 
78798 78806 78807 78807 78808 78820 78821 78823 78826 78827 
78843 78855 78873 78879 78881 78889 78899 78900 78902 78906 
78906 78919 78930 78931 78932 78933 78939 78940 78942 78945 
78946 78947 78949 78960 78969 78975 78979 78980 78983 78984 
78985 78988 78991 78991 78995 78998 79001 79013 79018 79029 
79034 79038 79039 79040 79042 79058 79059 79067 79067 79068 
79089 79105 79105 79108 79114 79115 79124 79135 79151 79154 
79155 79159 79161 79166 79170 79171 79179 79184 79187 79187 
79188 79205 79211 79213 79215 79218 79218 79218 79222 79229 
79232 79233 79246 79248 79250 79251 79252 79262 79265 79265 
79277 79279 79284 79286 79287 79293 79315 79322 79324 79325 
79331 79335 79343 79347 79347 79350 79351 79353 79357 79361 
79370 79379 79382 79386 79386 79390 79396 79397 79401 79417 
79425 79428 79442 79449 79451 79452 79456 79457 79460 79466 
79468 79468 79471 79482 79488 79490 79497 79501 79507 79520 
79523 79527 79527 79529 79530 79533 79533 79535 79539 79540 
79551 79554 79558 79570 79576 79580 79584 79595 79595 79595 
79598 79603 79611 79623 79624 79625 79626 79629 79629 79640 
79642 79643 79644 79648 79649 79651 79654 79659 79661 79664 
79667 79668 79671 79678 79681 79681 79688 79689 79699 79713 
79713 79714 79723 79726 79735 79738 79742 79746 79748 79757 
79759 79773 79779 79780 79780 79786 79790 79794 79794 79804 
79805 79808 79809 79810 79818 79845 79852 79853 79854 79863 
79864 79865 79868 79871 79872 79875 79875 79881 79899 79906 
79909 79918 79920 79923 79930 79931 79940 79941 79949 79959 
79965 79973 79978 79984 79995 80000 80001 80002 80005 80019 
80024 80029 80033 80039 80041 80042 80057 80058 80070 80073 
80076 80080 80082 80086 80093 80095 80096 80096 80100 80101 
80102 80108 80110 80129 80133 80135 80135 80137 80140 80147 
80151 80154 80154 80154 80167 80182 80186 80188 80196 80220 
80221 80226 80229 80239 80241 80245 80250 80259 80260 80261 
80262 80265 80266 80271 80275 80276 80276 80281 80282 80282 
80283 80288 80289 80295 80297 80300 80304 80307 80316 80318 
80321 80324 80335 80348 80350 80355 80357 80361 80364 80370 
80374 80375 80384 80386 80386 80389 80395 80399 80401 80403 
80409 80421 80426 80427 80428 80429 80429 80432 80438 80444 
80448 80456 80459 80462 80463 80480 80490 80492 80495 80499 
80499 80499 80507 80508 80511 80518 80520 80520 80520 80524 
80526 80531 80535 80541 80544 80545 80555 80560 80560 80564 
80574 80583 80591 80596 80607 80607 80616 80621 80622 80622 
80635 80637 80641 80641 80651 80653 80655 80663 80664 80664 
80665 80674 80678 80684 80684 80685 80686 80710 80714 80716 
80723 80735 80745 80749 80749 80749 80750 80754 80762 80770 
80770 80772 80777 80781 80782 80793 80794 80804 80811 80825 
80829 80843 80850 80854 80855 80876 80882 80882 80882 80883 
80893 80896 80899 80900 80927 80930 80937 80939 80941 80970 
80971 80972 80992 80995 81004 81030 81034 81042 81049 81051 
81052 81057 81058 81067 81072 81073 81083 81085 81096 81097 
81099 81113 81114 81115 81120 81121 81134 81149 81151 81153 
81161 81177 81180 81186 81189 81190 81192 81194 81195 81206 
81212 81217 81221 81221 81241 81245 81247 81254 81257 81257 
81258 81267 81268 81273 81277 81281 81284 81295 81297 81305 
81323 81344 81344 81344 81348 81349 81355 81358 81361 81382 
81389 81396 81400 81402 81405 81406 81410 81415 81416 81421 
81422 81430 81432 81437 81454 81460 81472 81475 81480 81484 
81489 81504 81507 81509 81513 81526 81530 81536 81538 81541 
81545 81553 81560 81560 81564 81591 81593 81602 81605 81606 
81608 81620 81621 81624 81625 81628 81638 81643 81646 81664 
81665 81670 81670 81672 81672 81679 81681 81690 81695 81703 
81705 81709 81718 81719 81721 81735 81755 81769 81769 81771 
81774 81780 81785 81790 81792 81796 81799 81799 81799 81808 
81832 81832 81834 81838 81848 81855 81855 81863 81863 81868 
81890 81894 81896 81910 81911 81921 81926 81942 81944 81953 
81954 81954 81955 81956 81958 81959 81963 81973 81977 81989 
81996 82007 82010 82011 82016 82037 82042 82050 82051 82051 
82056 82058 82062 82062 82071 82071 82084 82087 82097 82100 
82109 82123 82126 82128 82157 82157 82163 82169 82170 82173 
82181 82181 82181 82183 82184 82184 82188 82190 82201 82209 
82209 82221 82231 82232 82250 82252 82253 82265 82273 82275 
82285 82285 82299 82301 82331 82332 82339 82351 82364 82365 
82375 82376 82377 82378 82380 82392 82392 82394 82431 82435 
82443 82443 82444 82457 82458 82458 82467 82473 82474 82477 
82483 82489 82499 82503 82506 82508 82510 82511 82512 82524 
82540 82543 82548 82549 82553 82554 82557 82562 82567 82568 
82569 82574 82584 82587 82595 82602 82607 82607 82609 82624 
82627 82629 82640 82652 82653 82657 82657 82661 82664 82668 
82677 82679 82681 82694 82702 82702 82711 82713 82714 82714 
82721 82727 82730 82736 82736 82744 82745 82746 82749 82769 
82771 82773 82777 82785 82791 82797 82800 82807 82833 82833 
82836 82839 82840 82845 82851 82854 82857 82860 82860 82866 
82883 82904 82913 82916 82919 82922 82924 82926 82938 82945 
82945 82947 82948 82954 82972 82982 82992 82994 83002 83019 
83026 83026 83027 83028 83037 83052 83065 83067 83068 83068 
83071 83073 83074 83075 83081 83084 83092 83096 83098 83104 
83106 83112 83116 83118 83125 83126 83127 83128 83129 83130 
83144 83144 83148 83149 83151 83151 83164 83169 83179 83183 
83187 83188 83190 83192 83195 83199 83215 83217 83217 83219 
83224 83227 83230 83245 83253 83258 83259 83273 83275 83277 
83283 83283 83285 83292 83301 83315 83318 83322 83330 83330 
83335 83341 83341 83344 83354 83357 83360 83360 83368 83377 
83378 83379 83384 83391 83392 83396 83399 83404 83409 83414 
83415 83416 83425 83429 83434 83442 83447 83447 83454 83462 
83468 83468 83469 83472 83481 83485 83499 83502 83505 83505 
83506 83508 83510 83511 83511 83519 83521 83524 83526 83535 
83535 83537 83544 83545 83545 83548 83554 83554 83564 83564 
83571 83575 83581 83581 83587 83594 83594 83606 83614 83617 
83619 83620 83620 83629 83640 83646 83648 83652 83652 83670 
83674 83687 83692 83697 83698 83699 83708 83711 83713 83718 
83719 83719 83724 83729 83731 83740 83741 83745 83750 83750 
83755 83756 83764 83771 83772 83773 83774 83778 83783 83786 
83807 83817 83820 83824 83826 83828 83836 83842 83843 83844 
83855 83861 83863 83864 83882 83886 83887 83889 83895 83897 
83906 83911 83913 83920 83922 83934 83935 83936 83937 83940 
83944 83952 83956 83959 83964 83966 83968 83991 83992 83992 
83996 84004 84005 84024 84027 84030 84033 84035 84049 84052 
84053 84054 84055 84064 84066 84068 84070 84071 84075 84091 
84092 84092 84104 84108 84112 84115 84121 84134 84137 84146 
84158 84160 84170 84186 84190 84190 84192 84203 84207 84215 
84218 84235 84255 84272 84275 84280 84283 84290 84292 84293 
84296 84299 84303 84317 84320 84321 84323 84324 84329 84330 
84331 84338 84343 84347 84350 84352 84353 84357 84362 84366 
84369 84369 84376 84380 84382 84383 84390 84399 84399 84400 
84400 84413 84414 84414 84426 84426 84449 84451 84451 84453 
84456 84457 84466 84477 84482 84491 84492 84493 84500 84501 
84509 84510 84512 84512 84512 84516 84518 84521 84527 84528 
84531 84533 84538 84541 84546 84547 84553 84566 84569 84576 
84580 84582 84584 84586 84589 84595 84603 84609 84609 84614 
84618 84625 84628 84630 84631 84631 84648 84649 84652 84657 
84661 84665 84669 84674 84675 84677 84682 84694 84694 84710 
84713 84732 84734 84743 84749 84769 84776 84780 84787 84791 
84797 84799 84801 84804 84809 84809 84815 84816 84825 84828 
84829 84830 84831 84840 84848 84848 84848 84858 84863 84865 
84866 84870 84871 84874 84886 84891 84900 84903 84908 84910 
84911 84914 84919 84921 84942 84953 84962 84963 84965 84971 
84975 84981 84985 84989 84992 84995 84996 84998 84999 85006 
85009 85011 85014 85019 85021 85021 85027 85028 85028 85038 
85039 85041 85044 85047 85047 85052 85059 85067 85069 85076 
85078 85079 85082 85086 85095 85096 85098 85099 85101 85102 
85105 85110 85117 85128 85129 85130 85137 85144 85145 85148 
85153 85153 85157 85168 85183 85191 85199 85201 85202 85202 
85204 85208 85217 85224 85231 85234 85239 85241 85245 85252 
85257 85260 85262 85264 85277 85282 85287 85289 85305 85306 
85315 85322 85326 85327 85330 85333 85338 85339 85340 85345 
85352 85361 85367 85368 85369 85371 85371 85378 85382 85385 
85386 85389 85393 85408 85415 85416 85418 85425 85428 85430 
85433 85443 85446 85460 85462 85468 85492 85495 85503 85506 
85523 85524 85535 85536 85546 85548 85551 85560 85565 85565 
85580 85584 85585 85586 85589 85591 85598 85620 85625 85646 
85649 85654 85665 85670 85671 85700 85701 85707 85714 85719 
85731 85732 85742 85746 85760 85765 85765 85769 85770 85776 
85779 85784 85787 85787 85788 85799 85802 85806 85813 85825 
85828 85832 85832 85855 85874 85879 85884 85887 85888 85894 
85904 85907 85915 85917 85921 85927 85941 85944 85944 85945 
85955 85961 85966 85985 85986 85987 85987 85994 86005 86006 
86015 86020 86026 86026 86028 86030 86036 86038 86042 86046 
86049 86053 86057 86062 86078 86103 86108 86110 86121 86124 
86127 86131 86137 86139 86145 86156 86165 86171 86183 86187 
86188 86192 86195 86198 86199 86199 86209 86209 86217 86218 
86218 86226 86229 86236 86246 86246 86253 86253 86260 86263 
86268 86270 86281 86292 86294 86299 86300 86301 86307 86321 
86321 86328 86331 86333 86339 86349 86354 86360 86369 86370 
86372 86374 86385 86387 86388 86400 86405 86406 86410 86412 
86416 86421 86422 86435 86445 86446 86451 86459 86465 86474 
86475 86477 86478 86496 86504 86504 86512 86513 86516 86520 
86530 86532 86533 86534 86535 86545 86551 86567 86569 86580 
86589 86599 86603 86609 86613 86613 86623 86634 86638 86653 
86659 86659 86677 86679 86682 86685 86710 86710 86711 86711 
86712 86732 86742 86746 86751 86755 86759 86778 86779 86781 
86785 86794 86801 86802 86802 86804 86811 86815 86821 86823 
86826 86833 86833 86833 86838 86843 86844 86849 86849 86850 
86856 86871 86878 86881 86890 86904 86907 86907 86923 86928 
86937 86939 86944 86944 86956 86964 86975 86975 86982 86985 
86987 86987 86993 86994 86997 87000 87001 87009 87010 87012 
87013 87016 87018 87028 87028 87031 87032 87044 87050 87052 
87078 87080 87080 87093 87095 87099 87104 87106 87108 87113 
87114 87119 87124 87130 87144 87150 87150 87154 87159 87165 
87175 87184 87187 87187 87189 87195 87200 87208 87209 87210 
87211 87212 87214 87225 87226 87228 87233 87234 87248 87253 
87269 87272 87274 87276 87279 87280 87300 87312 87313 87321 
87326 87326 87327 87337 87339 87339 87341 87342 87361 87362 
87363 87364 87378 87383 87387 87403 87405 87412 87415 87417 
87421 87426 87437 87448 87448 87455 87457 87462 87465 87471 
87473 87473 87480 87483 87495 87496 87497 87504 87504 87505 
87508 87518 87518 87523 87531 87537 87542 87551 87561 87565 
87570 87576 87584 87591 87592 87592 87593 87597 87597 87603 
87606 87610 87613 87618 87656 87662 87669 87670 87671 87674 
87676 87678 87687 87688 87689 87695 87695 87697 87698 87698 
87699 87703 87706 87714 87727 87736 87738 87746 87761 87768 
87780 87786 87788 87789 87797 87798 87801 87803 87809 87810 
87814 87814 87816 87817 87820 87825 87832 87840 87841 87843 
87845 87847 87848 87853 87858 87861 87864 87874 87879 87880 
87881 87891 87897 87897 87898 87908 87911 87913 87913 87924 
87930 87937 87940 87943 87944 87946 87948 87948 87956 87958 
87967 87970 87974 87975 87975 87978 87990 87992 87994 87998 
87999 88004 88009 88012 88033 88034 88045 88049 88049 88049 
88067 88067 88069 88070 88070 88070 88071 88089 88092 88103 
88115 88119 88128 88141 88148 88148 88149 88152 88154 88156 
88160 88160 88161 88163 88179 88179 88188 88192 88195 88196 
88210 88212 88217 88220 88223 88231 88233 88235 88238 88240 
88247 88247 88249 88266 88278 88282 88305 88306 88310 88311 
88318 88320 88326 88327 88331 88340 88341 88350 88365 88366 
88368 88380 88382 88382 88383 88384 88387 88395 88396 88405 
88409 88411 88428 88442 88446 88449 88452 88454 88455 88463 
88479 88483 88486 88513 88514 88522 88523 88524 88525 88540 
88544 88545 88545 88561 88568 88576 88577 88592 88593 88603 
88613 88614 88618 88623 88640 88641 88647 88647 88649 88650 
88662 88668 88668 88669 88670 88671 88682 88684 88685 88686 
88689 88691 88703 88704 88710 88721 88723 88735 88736 88739 
88739 88760 88765 88777 88778 88780 88787 88800 88805 88808 
88828 88833 88836 88838 88843 88847 88848 88849 88850 88869 
88870 88872 88875 88878 88880 88885 88885 88892 88895 88898 
88901 88909 88921 88921 88924 88929 88930 88943 88950 88961 
88967 88968 88976 88978 88981 88982 88985 88988 88990 88993 
88995 88996 88998 88998 89000 89020 89020 89023 89029 89031 
89034 89038 89041 89054 89055 89061 89063 89069 89079 89094 
89100 89102 89103 89112 89119 89125 89132 89134 89134 89137 
89138 89141 89143 89144 89151 89153 89154 89156 89163 89168 
89169 89169 89171 89178 89187 89196 89200 89202 89207 89213 
89226 89227 89227 89234 89235 89237 89241 89242 89248 89252 
89253 89255 89278 89289 89295 89306 89308 89313 89315 89318 
89323 89324 89334 89340 89340 89341 89344 89359 89367 89370 
89390 89402 89413 89423 89423 89427 89440 89443 89453 89454 
89455 89456 89458 89465 89467 89470 89472 89473 89476 89479 
89483 89496 89502 89511 89519 89538 89541 89542 89545 89557 
89559 89563 89566 89568 89574 89576 89577 89580 89585 89587 
89589 89591 89602 89609 89619 89623 89623 89624 89633 89647 
89648 89653 89654 89658 89664 89667 89669 89674 89686 89692 
89697 89697 89700 89704 89712 89717 89721 89727 89737 89740 
89743 89746 89750 89752 89754 89758 89764 89768 89780 89789 
89790 89790 89796 89797 89797 89800 89813 89814 89817 89821 
89822 89826 89829 89837 89843 89855 89860 89861 89862 89866 
89869 89872 89881 89891 89894 89921 89923 89928 89933 89934 
89935 89943 89947 89951 89963 89983 89986 89990 90005 90011 
90014 90025 90025 90027 90030 90034 90035 90036 90037 90047 
90048 90051 90054 90056 90056 90057 90064 90078 90079 90086 
90088 90090 90101 90109 90110 90116 90117 90123 90127 90130 
90132 90134 90141 90145 90146 90148 90156 90157 90159 90160 
90164 90165 90166 90180 90181 90188 90191 90217 90218 90220 
90222 90223 90234 90242 90244 90262 90263 90285 90289 90289 
90294 90297 90298 90301 90302 90312 90315 90335 90338 90343 
90344 90352 90358 90358 90358 90359 90363 90367 90369 90375 
90377 90380 90381 90400 90408 90411 90417 90418 90418 90420 
90423 90423 90423 90431 90435 90440 90440 90448 90453 90454 
90459 90460 90470 90474 90476 90476 90484 90487 90490 90495 
90506 90514 90525 90527 90532 90535 90539 90546 90548 90558 
90559 90561 90563 90564 90565 90566 90568 90574 90576 90578 
90580 90589 90592 90595 90597 90600 90606 90608 90610 90612 
90616 90620 90627 90637 90644 90652 90663 90673 90678 90679 
90680 90686 90689 90694 90695 90699 90701 90702 90708 90710 
90719 90719 90728 90734 90744 90751 90751 90755 90761 90775 
90779 90780 90781 90789 90789 90791 90805 90810 90816 90827 
90829 90840 90845 90847 90849 90849 90851 90861 90871 90872 
90880 90884 90892 90896 90897 90899 90912 90915 90918 90944 
90946 90947 90966 90966 90970 90977 90981 90984 90985 90986 
90989 90992 91021 91029 91031 91032 91034 91035 91041 91044 
91048 91066 91068 91071 91075 91078 91082 91084 91088 91092 
91095 91097 91100 91101 91101 91116 91118 91122 91135 91137 
91141 91146 91149 91151 91154 91163 91167 91168 91170 91175 
91179 91179 91190 91203 91211 91218 91223 91230 91232 91233 
91236 91251 91261 91263 91264 91264 91266 91272 91272 91274 
91275 91275 91283 91284 91286 91287 91289 91295 91297 91304 
91306 91306 91307 91314 91319 91319 91322 91323 91326 91338 
91352 91353 91374 91376 91378 91380 91396 91398 91415 91421 
91425 91426 91427 91431 91440 91440 91447 91453 91458 91459 
91467 91471 91476 91480 91480 91481 91482 91483 91491 91492 
91494 91504 91507 91514 91516 91522 91530 91539 91542 91552 
91570 91575 91586 91597 91598 91601 91608 91610 91619 91639 
91641 91655 91656 91659 91661 91662 91669 91670 91672 91672 
91672 91679 91680 91682 91689 91692 91693 91699 91702 91702 
91707 91709 91709 91709 91710 91722 91761 91765 91779 91784 
91790 91797 91798 91802 91810 91814 91817 91828 91828 91828 
91832 91840 91841 91844 91848 91851 91859 91869 91893 91894 
91898 91907 91916 91919 91920 91926 91939 91940 91941 91961 
91964 91967 91968 91981 91981 91987 91987 91989 91997 91998 
92001 92004 92006 92006 92011 92012 92022 92026 92026 92028 
92036 92039 92047 92051 92053 92068 92074 92076 92077 92081 
92083 92084 92085 92102 92115 92126 92126 92128 92129 92139 
92144 92153 92154 92157 92159 92161 92166 92167 92169 92170 
92173 92179 92189 92190 92194 92199 92203 92204 92205 92208 
92216 92226 92227 92231 92235 92241 92245 92246 92265 92274 
92277 92281 92282 92283 92285 92286 92288 92289 92294 92295 
92296 92297 92299 92299 92306 92308 92311 92311 92322 92322 
92333 92334 92343 92352 92353 92356 92357 92363 92366 92371 
92372 92376 92379 92381 92390 92398 92401 92407 92412 92417 
92418 92419 92487 92489 92492 92507 92508 92520 92535 92539 
92550 92552 92554 92580 92580 92584 92587 92592 92598 92602 
92609 92610 92618 92627 92628 92630 92640 92640 92653 92656 
92656 92658 92666 92669 92671 92674 92676 92679 92679 92684 
92687 92702 92704 92712 92713 92719 92720 92729 92730 92734 
92740 92741 92745 92745 92756 92782 92788 92796 92803 92803 
92809 92811 92811 92813 92818 92822 92825 92827 92832 92838 
92841 92843 92846 92846 92859 92860 92865 92870 92871 92872 
92876 92877 92877 92882 92885 92887 92889 92916 92916 92921 
92921 92924 92925 92926 92934 92936 92937 92942 92944 92948 
92951 92954 92954 92956 92963 92966 92972 92974 92975 92979 
92980 92985 92986 92987 92991 92993 92993 93000 93002 93012 
93015 93018 93026 93030 93030 93038 93058 93067 93068 93069 
93073 93074 93079 93080 93084 93085 93085 93090 93095 93104 
93107 93109 93110 93114 93119 93128 93140 93142 93144 93145 
93147 93148 93149 93150 93169 93171 93185 93187 93193 93196 
93199 93200 93219 93220 93221 93234 93254 93254 93254 93257 
93262 93273 93273 93281 93289 93297 93298 93302 93302 93302 
93327 93334 93335 93337 93346 93350 93350 93353 93357 93358 
93361 93372 93375 93383 93392 93396 93398 93399 93410 93413 
93426 93430 93431 93435 93438 93442 93444 93445 93445 93454 
93457 93460 93461 93468 93470 93473 93473 93490 93492 93495 
93495 93499 93504 93509 93509 93529 93533 93537 93544 93549 
93551 93553 93556 93567 93579 93582 93594 93599 93608 93609 
93622 93627 93649 93652 93656 93656 93657 93657 93658 93663 
93665 93681 93688 93691 93695 93697 93704 93707 93708 93715 
93717 93729 93736 93750 93752 93757 93760 93760 93773 93773 
93782 93793 93797 93801 93804 93811 93823 93823 93837 93838 
93840 93844 93845 93850 93852 93854 93856 93864 93865 93869 
93874 93875 93879 93879 93885 93905 93909 93910 93910 93913 
93915 93921 93923 93927 93927 93930 93932 93932 93934 93942 
93947 93949 93951 93958 93959 93960 93961 93964 93969 93969 
93970 93976 93985 93987 93990 93993 93995 94004 94005 94008 
94008 94014 94045 94050 94053 94055 94057 94060 94066 94072 
94076 94078 94079 94100 94110 94123 94124 94125 94128 94129 
94130 94132 94143 94155 94156 94161 94166 94171 94190 94193 
94193 94195 94208 94208 94210 94210 94218 94219 94220 94227 
94228 94229 94232 94238 94239 94251 94252 94254 94259 94261 
94262 94264 94265 94265 94266 94269 94270 94284 94285 94287 
94298 94298 94300 94312 94321 94322 94327 94328 94339 94347 
94348 94352 94355 94373 94373 94385 94386 94394 94402 94415 
94423 94433 94443 94444 94451 94455 94459 94463 94466 94472 
94477 94482 94486 94500 94513 94522 94522 94524 94527 94528 
94531 94538 94541 94549 94556 94558 94573 94574 94576 94576 
94604 94607 94612 94619 94622 94622 94627 94636 94636 94640 
94646 94652 94653 94657 94657 94658 94660 94663 94674 94678 
94684 94705 94705 94714 94716 94718 94729 94730 94733 94736 
94737 94738 94747 94747 94748 94756 94757 94762 94769 94771 
94773 94774 94777 94787 94788 94790 94792 94806 94811 94814 
94816 94823 94830 94830 94830 94833 94834 94834 94841 94846 
94852 94856 94858 94864 94869 94872 94873 94873 94884 94885 
94885 94892 94906 94907 94907 94909 94912 94919 94920 94927 
94928 94931 94932 94932 94943 94953 94963 94966 94967 94980 
94995 95005 95012 95016 95024 95034 95040 95045 95060 95062 
95067 95073 95077 95093 95095 95095 95097 95108 95110 95117 
95123 95128 95129 95129 95130 95134 95135 95136 95141 95143 
95153 95158 95162 95175 95175 95177 95178 95187 95189 95195 
95201 95201 95204 95214 95214 95216 95218 95224 95237 95241 
95257 95260 95270 95278 95283 95287 95289 95301 95301 95302 
95307 95311 95312 95312 95313 95318 95326 95349 95351 95357 
95358 95358 95359 95360 95387 95389 95392 95392 95396 95402 
95405 95417 95419 95428 95430 95430 95441 95442 95443 95448 
95453 95453 95458 95461 95465 95470 95471 95484 95489 95490 
95494 95512 95520 95522 95525 95527 95575 95583 95588 95591 
95595 95596 95599 95610 95612 95614 95618 95620 95621 95626 
95629 95640 95641 95646 95646 95651 95659 95670 95674 95681 
95681 95698 95700 95711 95712 95720 95721 95727 95727 95730 
95735 95753 95759 95764 95772 95774 95774 95788 95802 95802 
95806 95807 95808 95815 95821 95827 95842 95843 95844 95852 
95867 95883 95899 95900 95908 95912 95914 95915 95924 95927 
95928 95950 95957 95966 95971 95973 95983 95991 95999 96004 
96004 96006 96015 96016 96021 96057 96057 96062 96065 96067 
96067 96068 96068 96071 96073 96074 96077 96084 96087 96088 
96098 96099 96109 96113 96116 96122 96130 96144 96144 96147 
96155 96158 96159 96180 96187 96188 96192 96192 96198 96206 
96211 96215 96221 96233 96235 96247 96258 96262 96266 96267 
96268 96274 96275 96279 96286 96292 96296 96298 96315 96317 
96334 96335 96336 96337 96349 96354 96355 96360 96361 96369 
96375 96383 96390 96390 96402 96404 96408 96428 96438 96443 
96446 96455 96457 96457 96463 96468 96471 96475 96477 96479 
96480 96481 96482 96486 96488 96490 96504 96512 96521 96526 
96527 96533 96553 96553 96556 96557 96567 96576 96578 96580 
96589 96602 96607 96609 96615 96621 96631 96638 96638 96645 
96647 96651 96657 96672 96689 96694 96708 96716 96718 96719 
96720 96731 96739 96745 96746 96751 96757 96759 96761 96763 
96765 96770 96777 96784 96786 96788 96789 96792 96800 96806 
96810 96814 96820 96821 96822 96824 96826 96826 96831 96833 
96836 96840 96852 96855 96857 96858 96860 96860 96862 96862 
96865 96874 96894 96900 96903 96908 96919 96937 96939 96941 
96942 96950 96950 96954 96961 96968 96979 96988 96991 96998 
97000 97007 97009 97009 97014 97021 97038 97039 97042 97046 
97049 97051 97054 97054 97054 97055 97065 97066 97068 97068 
97070 97074 97083 97087 97109 97114 97117 97119 97129 97131 
97133 97134 97135 97139 97151 97155 97163 97167 97169 97179 
97185 97195 97196 97201 97206 97207 97211 97212 97222 97226 
97227 97231 97235 97242 97255 97259 97261 97262 97265 97284 
97285 97292 97297 97298 97321 97329 97329 97333 97334 97335 
97342 97344 97351 97368 97369 97369 97376 97377 97378 97380 
97390 97393 97409 97413 97414 97425 97429 97430 97431 97434 
97435 97438 97439 97439 97439 97442 97445 97447 97449 97453 
97455 97458 97459 97462 97465 97466 97467 97470 97473 97484 
97486 97489 97493 97495 97500 97502 97503 97503 97512 97517 
97522 97543 97543 97544 97552 97558 97560 97573 97579 97580 
97584 97592 97593 97599 97600 97611 97614 97632 97644 97657 
97658 97673 97675 97687 97689 97700 97700 97704 97705 97709 
97719 97730 97735 97739 97741 97747 97747 97748 97750 97751 
97752 97755 97765 97766 97768 97776 97776 97777 97795 97797 
97812 97815 97820 97822 97823 97827 97831 97833 97834 97836 
97837 97838 97855 97856 97857 97866 97868 97872 97876 97877 
97878 97894 97898 97898 97915 97917 97922 97952 97953 97955 
97957 97959 97961 97968 97968 97972 97979 97988 97988 97989 
97991 98006 98012 98018 98025 98026 98036 98042 98048 98052 
98056 98062 98063 98068 98077 98118 98121 98121 98121 98122 
98123 98123 98126 98126 98127 98134 98142 98151 98152 98156 
98156 98166 98167 98170 98174 98177 98182 98182 98193 98197 
98202 98213 98215 98222 98223 98229 98230 98230 98237 98242 
98245 98249 98254 98256 98259 98263 98285 98289 98294 98294 
98298 98298 98302 98305 98309 98314 98317 98320 98321 98323 
98327 98329 98335 98336 98340 98347 98349 98350 98356 98357 
98359 98365 98366 98368 98372 98375 98376 98379 98383 98389 
98394 98395 98405 98409 98422 98425 98426 98433 98435 98440 
98441 98448 98450 98451 98452 98460 98471 98474 98475 98476 
98481 98482 98486 98497 98497 98505 98513 98515 98521 98522 
98523 98524 98528 98532 98539 98543 98546 98551 98562 98562 
98566 98568 98572 98576 98579 98584 98585 98586 98604 98611 
98615 98616 98618 98619 98622 98626 98634 98643 98645 98658 
98667 98671 98676 98678 98686 98692 98701 98702 98708 98718 
98720 98721 98736 98743 98748 98751 98757 98761 98764 98764 
98770 98770 98772 98780 98786 98793 98795 98808 98812 98814 
98818 98819 98828 98832 98833 98855 98874 98889 98891 98892 
98901 98913 98920 98923 98924 98934 98946 98956 98959 98961 
98963 98964 98965 98965 98976 98978 98994 98996 99004 99006 
99008 99013 99024 99029 99031 99035 99035 99037 99039 99040 
99043 99052 99058 99060 99063 99071 99080 99083 99088 99090 
99091 99092 99092 99104 99107 99114 99121 99125 99128 99133 
99138 99140 99142 99146 99151 99159 99164 99177 99194 99196 
99198 99224 99225 99226 99231 99233 99235 99239 99241 99243 
99251 99257 99258 99261 99274 99274 99302 99307 99308 99317 
99322 99324 99325 99331 99334 99337 99342 99346 99349 99350 
99352 99360 99364 99364 99364 99368 99383 99388 99392 99395 
99399 99400 99420 99423 99442 99444 99454 99462 99471 99476 
99479 99493 99493 99499 99504 99506 99520 99525 99526 99535 
99539 99540 99563 99563 99574 99575 99577 99587 99592 99608 
99612 99613 99636 99639 99642 99647 99656 99660 99676 99677 
99679 99683 99684 99716 99726 99727 99731 99732 99741 99744 
99746 99753 99757 99781 99783 99799 99808 99809 99811 99811 
99816 99819 99822 99831 99838 99839 99841 99842 99845 99846 
99846 99854 99856 99860 99862 99871 99894 99894 99898 99908 
99910 99910 99911 99914 99914 99915 99919 99920 99924 99925 
99925 99925 99928 99937 99951 99952 99953 99962 99967 99969 
99971 99971 99982 99984 99984 99987 99988 99995 99997 99997 

================================================
Insertion Sort : Time: 0.482100 ms
8 11 12 14 15 18 21 23 27 30 
33 37 38 46 51 53 57 61 63 67 
80 82 83 98 98 108 109 109 110 110 
112 114 115 117 123 134 143 147 148 148 
149 158 162 163 164 164 166 167 167 168 
172 172 180 192 193 195 204 210 211 212 
219 221 221 222 234 241 241 246 246 254 
254 256 260 276 281 284 291 298 299 300 
305 315 321 321 322 324 330 330 340 343 
343 350 353 358 358 368 370 371 372 372 
383 384 385 387 394 395 398 420 420 426 
427 428 429 435 439 447 452 454 458 460 
463 468 469 469 469 472 486 490 491 491 
495 497 499 502 509 513 521 524 525 540 
543 550 554 555 555 559 560 565 569 572 
573 578 592 594 594 594 600 601 603 606 
609 611 622 623 627 630 636 644 647 655 
659 659 667 668 676 686 686 687 698 706 
707 709 713 720 731 733 739 740 742 742 
743 747 748 754 756 758 763 772 777 788 
790 809 810 811 814 815 817 820 831 834 
864 884 898 898 915 915 921 924 930 932 
939 943 951 952 962 966 967 969 973 974 
983 985 985 988 988 997 1001 1003 1003 1004 
1004 1004 1017 1020 1021 1023 1024 1032 1032 1040 
1043 1052 1052 1070 1071 1081 1084 1086 1096 1101 
1107 1109 1120 1122 1131 1134 1138 1155 1164 1167 
1168 1184 1188 1191 1192 1197 1198 1204 1204 1205 
1205 1208 1217 1219 1222 1224 1224 1233 1239 1247 
1248 1252 1255 1256 1257 1266 1268 1269 1269 1271 
1280 1283 1285 1290 1294 1305 1312 1315 1320 1327 
1336 1343 1346 1348 1356 1358 1359 1360 1374 1381 
1384 1387 1390 1398 1402 1406 1406 1409 1411 1414 
1415 1419 1421 1422 1433 1435 1436 1455 1455 1457 
1457 1457 1457 1462 1466 1470 1478 1480 1482 1489 
1493 1499 1499 1502 1504 1506 1509 1513 1520 1524 
1528 1532 1538 1539 1545 1548 1550 1552 1566 1569 
1570 1573 1577 1579 1579 1585 1588 1592 1598 1607 
1612 1626 1628 1630 1636 1643 1646 1651 1655 1656 
1659 1659 1668 1670 1673 1673 1682 1689 1692 1693 
1701 1710 1711 1718 1720 1734 1737 1756 1762 1772 
1775 1778 1779 1780 1786 1793 1797 1800 1800 1808 
1819 1835 1842 1843 1844 1853 1874 1881 1885 1907 
1909 1909 1913 1921 1934 1934 1935 1937 1938 1947 
1950 1953 1957 1961 1964 1966 1968 1970 1972 1972 
1978 1980 1982 1994 2002 2010 2014 2036 2037 2039 
2040 2042 2043 2047 2061 2066 2076 2080 2085 2104 
2128 2131 2138 2141 2143 2151 2153 2155 2159 2162 
2166 2168 2168 2169 2170 2176 2180 2182 2186 2198 
2215 2219 2222 2236 2241 2242 2250 2253 2257 2261 
2265 2270 2273 2276 2277 2287 2289 2289 2294 2295 
2303 2309 2309 2311 2311 2315 2316 2325 2326 2334 
2341 2342 2346 2349 2349 2350 2352 2357 2358 2361 
2363 2365 2366 2366 2368 2369 2369 2374 2383 2385 
2395 2395 2400 2406 2411 2414 2422 2426 2429 2440 
2442 2451 2453 2461 2461 2464 2465 2466 2473 2473 
2475 2484 2486 2487 2491 2493 2500 2505 2513 2514 
2517 2525 2527 2535 2538 2540 2548 2549 2552 2555 
2567 2572 2572 2574 2586 2587 2588 2594 2595 2599 
2604 2608 2609 2615 2618 2626 2633 2636 2640 2643 
2644 2649 2651 2652 2663 2667 2668 2670 2672 2683 
2683 2684 2692 2697 2700 2713 2718 2723 2724 2726 
2727 2735 2739 2740 2752 2752 2757 2763 2766 2768 
2769 2779 2789 2794 2794 2796 2814 2826 2826 2829 
2838 2853 2853 2853 2854 2855 2863 2869 2871 2877 
2880 2881 2881 2882 2883 2895 2896 2898 2901 2911 
2919 2920 2930 2939 2949 2953 2954 2956 2956 2969 
2970 2972 2973 2984 2984 2991 2997 3006 3010 3011 
3012 3028 3038 3044 3046 3049 3056 3065 3066 3066 
3080 3087 3088 3098 3099 3100 3102 3103 3109 3114 
3123 3123 3126 3135 3138 3139 3142 3144 3150 3154 
3166 3168 3171 3174 3204 3206 3208 3209 3215 3222 
3223 3230 3236 3243 3244 3246 3250 3252 3253 3265 
3267 3274 3275 3277 3289 3294 3298 3302 3306 3312 
3323 3327 3328 3328 3335 3337 3342 3348 3353 3354 
3356 3358 3358 3359 3362 3363 3375 3378 3380 3384 
3389 3390 3391 3392 3393 3394 3396 3402 3403 3412 
3413 3417 3418 3423 3427 3442 3450 3454 3457 3468 
3468 3469 3470 3470 3475 3477 3483 3486 3490 3492 
3497 3497 3499 3501 3502 3513 3529 3531 3533 3538 
3539 3545 3548 3552 3553 3556 3566 3573 3577 3584 
3585 3591 3592 3594 3596 3596 3597 3599 3617 3618 
3624 3625 3625 3626 3632 3637 3643 3644 3648 3648 
3660 3661 3663 3667 3670 3671 3671 3683 3685 3699 
3701 3701 3701 3707 3708 3714 3715 3717 3720 3723 
3727 3732 3741 3742 3742 3748 3757 3759 3762 3766 
3769 3785 3790 3801 3805 3815 3820 3821 3826 3826 
3830 3835 3851 3852 3867 3900 3901 3907 3908 3917 
3918 3919 3923 3925 3931 3934 3940 3944 3944 3945 
3957 3967 3972 3978 3991 3994 4004 4022 4023 4035 
4037 4037 4039 4041 4041 4042 4046 4059 4064 4070 
4072 4076 4077 4078 4088 4092 4093 4097 4101 4102 
4103 4112 4114 4116 4116 4122 4123 4123 4133 4144 
4145 4151 4152 4157 4160 4165 4170 4171 4174 4190 
4195 4203 4204 4205 4211 4212 4213 4230 4235 4238 
4238 4241 4245 4251 4255 4256 4264 4265 4265 4267 
4271 4278 4289 4311 4320 4332 4333 4345 4351 4352 
4362 4368 4372 4384 4390 4394 4397 4399 4404 4420 
4420 4420 4425 4430 4446 4454 4454 4465 4465 4467 
4469 4474 4479 4484 4484 4486 4493 4493 4505 4507 
4508 4509 4513 4516 4516 4522 4525 4527 4528 4529 
4531 4532 4534 4535 4540 4545 4555 4555 4556 4568 
4571 4580 4590 4594 4597 4598 4609 4611 4615 4616 
4617 4632 4643 4643 4661 4664 4666 4669 4671 4681 
4690 4693 4694 4695 4700 4700 4700 4703 4722 4723 
4726 4727 4737 4739 4739 4742 4747 4748 4753 4754 
4755 4757 4762 4769 4773 4776 4789 4790 4792 4806 
4808 4811 4813 4817 4823 4827 4833 4834 4845 4848 
4863 4865 4871 4877 4883 4886 4891 4898 4907 4907 
4908 4915 4927 4928 4928 4942 4943 4950 4955 4956 
4966 4970 4972 4973 4975 4985 4991 5002 5003 5012 
5016 5022 5025 5040 5040 5043 5056 5057 5060 5067 
5068 5070 5076 5082 5083 5083 5084 5089 5090 5097 
5106 5112 5124 5134 5136 5141 5141 5141 5157 5167 
5175 5182 5183 5190 5192 5200 5207 5212 5212 5215 
5217 5222 5224 5224 5244 5249 5252 5267 5289 5290 
5291 5296 5303 5305 5310 5311 5321 5324 5338 5351 
5351 5363 5364 5367 5380 5384 5384 5393 5400 5402 
5404 5405 5409 5414 5427 5429 5449 5450 5456 5459 
5460 5462 5468 5470 5473 5477 5483 5487 5495 5497 
5504 5504 5512 5518 5519 5521 5523 5527 5527 5531 
5540 5541 5544 5549 5550 5553 5555 5564 5564 5573 
5576 5580 5587 5588 5591 5603 5606 5606 5619 5619 
5621 5624 5636 5640 5641 5642 5645 5645 5646 5646 
5660 5662 5668 5670 5671 5679 5681 5688 5696 5699 
5702 5704 5715 5722 5723 5724 5725 5732 5735 5737 
5748 5748 5751 5754 5759 5760 5786 5794 5800 5805 
5812 5813 5824 5826 5830 5835 5835 5837 5843 5846 
5854 5869 5879 5889 5891 5907 5909 5913 5913 5917 
5919 5921 5921 5925 5933 5938 5941 5941 5946 5947 
5948 5951 5955 5957 5964 5970 5971 5977 5977 5983 
5986 5987 5989 5992 6003 6003 6016 6024 6027 6032 
6062 6067 6071 6077 6083 6088 6089 6092 6093 6100 
6108 6108 6110 6122 6127 6132 6144 6145 6149 6152 
6157 6160 6166 6169 6180 6181 6182 6186 6189 6189 
6200 6212 6214 6226 6235 6242 6243 6248 6249 6261 
6263 6268 6269 6269 6283 6286 6286 6288 6300 6302 
6303 6309 6310 6315 6315 6319 6333 6340 6345 6354 
6365 6365 6367 6395 6395 6397 6399 6399 6403 6404 
6419 6429 6432 6437 6437 6446 6447 6447 6449 6453 
6460 6468 6477 6491 6492 6498 6510 6512 6513 6517 
6524 6525 6525 6525 6525 6529 6532 6537 6542 6543 
6546 6547 6550 6558 6562 6568 6569 6569 6582 6585 
6598 6601 6622 6622 6622 6624 6636 6637 6641 6641 
6648 6665 6666 6667 6671 6681 6683 6685 6691 6701 
6705 6705 6710 6712 6715 6715 6719 6722 6722 6736 
6737 6743 6755 6761 6762 6768 6771 6781 6782 6788 
6790 6790 6803 6804 6807 6810 6816 6818 6819 6823 
6831 6835 6838 6843 6848 6862 6869 6871 6873 6875 
6879 6879 6898 6898 6902 6907 6924 6938 6942 6951 
6953 6956 6964 6964 6967 6989 6989 6992 7002 7003 
7006 7007 7016 7018 7025 7025 7029 7034 7037 7046 
7052 7058 7064 7065 7070 7081 7082 7084 7086 7087 
7094 7113 7114 7114 7126 7128 7129 7137 7141 7145 
7148 7150 7154 7155 7157 7160 7161 7168 7170 7172 
7177 7187 7190 7194 7195 7203 7215 7217 7222 7226 
7227 7235 7258 7258 7269 7269 7276 7281 7285 7293 
7315 7322 7326 7330 7330 7333 7334 7345 7348 7352 
7355 7356 7358 7367 7379 7382 7384 7389 7397 7403 
7406 7415 7415 7416 7418 7436 7443 7443 7449 7455 
7458 7462 7465 7467 7475 7480 7503 7508 7517 7524 
7528 7544 7555 7567 7570 7576 7580 7587 7589 7599 
7608 7612 7626 7627 7627 7642 7642 7662 7667 7669 
7679 7686 7694 7710 7725 7725 7727 7733 7735 7741 
7744 7748 7756 7760 7775 7775 7787 7790 7791 7794 
7795 7799 7801 7810 7811 7816 7820 7820 7820 7828 
7834 7841 7842 7854 7861 7866 7875 7875 7878 7879 
7879 7881 7889 7889 7907 7916 7923 7931 7932 7934 
7936 7938 7949 7950 7955 7960 7970 7973 7980 7985 
7988 7999 8002 8009 8010 8015 8025 8028 8030 8038 
8039 8043 8043 8047 8056 8062 8065 8077 8081 8085 
8103 8111 8119 8119 8120 8123 8126 8127 8133 8140 
8141 8142 8148 8151 8155 8159 8159 8161 8177 8178 
8192 8195 8204 8211 8214 8228 8230 8231 8234 8244 
8255 8255 8282 8284 8285 8294 8295 8302 8305 8324 
8346 8352 8354 8358 8362 8363 8365 8365 8369 8371 
8372 8372 8391 8398 8415 8417 8432 8436 8438 8441 
8444 8446 8450 8464 8465 8481 8489 8491 8496 8496 
8500 8513 8524 8532 8542 8543 8548 8549 8554 8562 
8567 8572 8573 8573 8577 8585 8586 8593 8594 8594 
8602 8606 8623 8630 8632 8633 8634 8644 8652 8655 
8655 8656 8658 8659 8665 8693 8698 8703 8707 8708 
8709 8717 8720 8722 8729 8737 8738 8738 8739 8742 
8752 8755 8758 8758 8763 8764 8773 8776 8784 8787 
8792 8796 8797 8799 8800 8801 8804 8812 8816 8817 
8821 8826 8829 8831 8831 8839 8840 8841 8850 8863 
8872 8880 8882 8883 8886 8887 8887 8892 8895 8904 
8904 8906 8916 8923 8927 8928 8928 8930 8937 8938 
8947 8947 8952 8956 8956 8956 8962 8965 8970 8971 
8971 8976 8983 8987 8988 8989 8989 8998 9002 9003 
9008 9015 9016 9021 9021 9025 9028 9030 9039 9042 
9055 9059 9062 9081 9084 9084 9099 9104 9107 9111 
9112 9116 9130 9132 9138 9140 9144 9145 9147 9151 
9161 9164 9168 9170 9177 9182 9188 9189 9204 9206 
9208 9213 9218 9233 9236 9244 9248 9254 9256 9261 
9264 9267 9269 9277 9286 9302 9302 9304 9311 9323 
9324 9332 9334 9340 9366 9366 9367 9370 9380 9387 
9387 9396 9397 9397 9403 9404 9410 9411 9413 9419 
9421 9423 9427 9429 9431 9433 9438 9440 9440 9446 
9447 9452 9454 9461 9461 9464 9467 9471 9472 9475 
9479 9489 9490 9492 9497 9497 9500 9508 9508 9511 
9512 9513 9517 9520 9522 9554 9556 9556 9565 9582 
9583 9586 9587 9596 9598 9600 9605 9610 9615 9618 
9619 9623 9627 9630 9630 9632 9633 9636 9643 9653 
9659 9660 9662 9662 9665 9669 9670 9685 9709 9713 
9716 9716 9733 9734 9735 9747 9749 9750 9751 9757 
9758 9761 9767 9768 9777 9782 9789 9799 9801 9803 
9806 9810 9818 9818 9826 9827 9833 9838 9840 9846 
9847 9850 9850 9851 9853 9861 9872 9874 9890 9896 
9900 9908 9908 9912 9917 9933 9936 9938 9941 9950 
9951 9957 9958 9961 9966 9968 9975 9975 9986 9988 
9989 9990 9991 10005 10017 10030 10033 10045 10053 10055 
10058 10060 10065 10065 10066 10067 10069 10076 10076 10077 
10082 10090 10099 10103 10106 10108 10115 10124 10141 10143 
10145 10151 10165 10184 10185 10194 10197 10198 10200 10208 
10208 10209 10216 10220 10222 10226 10228 10229 10231 10257 
10262 10262 10272 10272 10277 10280 10281 10282 10293 10296 
10313 10330 10338 10343 10345 10347 10347 10351 10357 10358 
10363 10366 10370 10371 10373 10375 10377 10383 10385 10397 
10398 10400 10401 10415 10417 10420 10428 10437 10449 10450 
10451 10452 10465 10468 10487 10487 10493 10497 10498 10500 
10502 10505 10513 10516 10516 10526 10527 10527 10534 10539 
10545 10550 10558 10565 10565 10566 10571 10574 10581 10586 
10594 10598 10599 10601 10604 10605 10605 10616 10630 10656 
10668 10670 10674 10683 10686 10686 10691 10693 10702 10706 
10710 10711 10715 10726 10728 10729 10735 10735 10748 10753 
10753 10755 10770 10770 10775 10777 10788 10790 10790 10791 
10794 10794 10794 10796 10801 10808 10815 10817 10824 10826 
10827 10835 10837 10838 10839 10850 10851 10854 10860 10889 
10890 10898 10909 10909 10910 10915 10916 10925 10929 10930 
10953 10958 10963 10964 10973 10990 10996 10998 11001 11001 
11003 11004 11006 11032 11039 11055 11064 11071 11078 11085 
11094 11095 11097 11100 11101 11101 11106 11114 11116 11118 
11121 11124 11126 11128 11131 11134 11137 11137 11166 11167 
11175 11175 11177 11181 11186 11188 11191 11195 11196 11199 
11205 11205 11207 11208 11214 11227 11230 11231 11233 11235 
11237 11241 11246 11246 11250 11278 11281 11296 11299 11306 
11309 11313 11320 11338 11354 11357 11364 11365 11367 11369 
11373 11379 11388 11391 11395 11397 11411 11417 11418 11427 
11439 11442 11451 11453 11464 11464 11475 11481 11491 11498 
11500 11504 11505 11505 11527 11529 11533 11540 11546 11549 
11550 11562 11563 11567 11567 11573 11574 11575 11580 11596 
11597 11602 11613 11616 11624 11625 11627 11634 11647 11647 
11647 11648 11649 11649 11657 11662 11671 11674 11677 11680 
11682 11696 11698 11700 11712 11716 11721 11723 11725 11727 
11729 11729 11732 11733 11736 11743 11745 11747 11779 11780 
11791 11801 11804 11804 11813 11813 11815 11820 11829 11830 
11839 11842 11845 11846 11855 11863 11864 11870 11883 11883 
11884 11885 11888 11897 11898 11899 11899 11899 11901 11907 
11915 11916 11928 11938 11941 11944 11944 11945 11947 11953 
11954 11956 11956 11964 11966 11966 11970 11975 11976 11976 
11980 11986 11992 11992 12013 12015 12035 12054 12057 12062 
12065 12074 12077 12079 12082 12087 12093 12099 12102 12105 
12116 12116 12117 12118 12119 12122 12124 12129 12130 12132 
12142 12147 12153 12156 12160 12165 12168 12172 12175 12176 
12183 12192 12194 12198 12199 12213 12217 12218 12220 12221 
12221 12232 12236 12248 12273 12275 12287 12295 12299 12306 
12313 12314 12319 12323 12326 12339 12342 12373 12383 12384 
12384 12388 12391 12417 12423 12428 12430 12433 12440 12442 
12449 12451 12457 12462 12462 12470 12472 12475 12480 12489 
12491 12493 12498 12499 12508 12516 12517 12521 12527 12529 
12531 12550 12554 12557 12560 12562 12572 12572 12573 12584 
12606 12615 12618 12624 12637 12647 12653 12658 12659 12664 
12664 12665 12667 12677 12683 12689 12691 12692 12706 12715 
12716 12717 12718 12724 12724 12725 12727 12734 12742 12750 
12752 12755 12770 12773 12779 12781 12790 12797 12807 12808 
12810 12810 12813 12816 12820 12823 12838 12843 12852 12855 
12860 12861 12862 12864 12867 12870 12872 12882 12883 12883 
12887 12888 12889 12896 12896 12898 12898 12907 12907 12922 
12941 12947 12957 12965 12966 12966 12969 12978 12985 12990 
12994 12994 12998 13000 13008 13014 13017 13023 13025 13028 
13041 13042 13046 13046 13051 13052 13056 13056 13066 13069 
13070 13071 13071 13080 13080 13082 13084 13090 13096 13099 
13107 13115 13117 13120 13120 13124 13125 13126 13126 13135 
13136 13153 13160 13173 13181 13183 13196 13206 13226 13229 
13240 13248 13253 13253 13254 13257 13257 13262 13274 13289 
13291 13299 13301 13303 13304 13308 13316 13318 13331 13335 
13338 13339 13344 13347 13352 13353 13367 13377 13391 13395 
13396 13398 13429 13429 13441 13463 13466 13468 13475 13481 
13484 13489 13496 13496 13500 13502 13518 13524 13528 13529 
13532 13533 13534 13565 13569 13569 13569 13574 13580 13588 
13602 13607 13618 13619 13619 13619 13623 13626 13633 13637 
13639 13649 13649 13650 13652 13654 13660 13661 13666 13684 
13685 13689 13689 13699 13718 13718 13721 13724 13726 13730 
13740 13749 13760 13763 13767 13774 13777 13780 13780 13789 
13799 13809 13816 13816 13820 13822 13823 13825 13832 13834 
13837 13845 13851 13851 13854 13862 13863 13864 13864 13865 
13872 13873 13874 13876 13881 13891 13893 13893 13895 13903 
13917 13924 13925 13928 13931 13943 13944 13944 13948 13950 
13960 13960 13968 13975 13981 13985 13996 13999 14003 14017 
14021 14023 14026 14027 14029 14035 14037 14047 14064 14068 
14074 14079 14085 14093 14102 14113 14122 14125 14146 14166 
14171 14172 14177 14185 14190 14198 14200 14204 14210 14210 
14212 14214 14218 14229 14240 14248 14249 14258 14260 14269 
14277 14289 14290 14304 14309 14309 14310 14312 14351 14358 
14366 14367 14368 14371 14374 14380 14382 14387 14392 14400 
14403 14407 14409 14409 14412 14426 14426 14431 14438 14443 
14443 14444 14445 14446 14453 14458 14462 14464 14464 14464 
14465 14470 14470 14471 14484 14486 14501 14502 14503 14514 
14532 14532 14532 14535 14543 14543 14547 14549 14555 14556 
14564 14571 14572 14583 14586 14590 14591 14598 14598 14603 
14605 14614 14624 14625 14625 14627 14639 14644 14647 14650 
14670 14670 14673 14678 14678 14688 14693 14701 14703 14706 
14716 14716 14717 14719 14736 14743 14745 14750 14751 14752 
14753 14759 14762 14764 14765 14773 14778 14779 14790 14798 
14802 14802 14802 14809 14812 14828 14829 14841 14846 14858 
14859 14864 14870 14873 14880 14884 14884 14890 14903 14910 
14911 14911 14924 14925 14926 14941 14946 14948 14953 14958 
14961 14962 14965 14965 14966 14968 14970 14989 14992 14994 
14995 15001 15002 15005 15007 15012 15031 15032 15032 15033 
15035 15062 15069 15092 15095 15095 15102 15105 15108 15108 
15114 15130 15130 15133 15138 15138 15146 15149 15151 15151 
15155 15155 15159 15165 15165 15179 15180 15193 15204 15205 
15212 15215 15223 15226 15231 15235 15253 15255 15257 15267 
15270 15273 15275 15276 15278 15280 15282 15287 15290 15291 
15293 15293 15296 15297 15317 15317 15317 15320 15332 15332 
15337 15337 15340 15348 15351 15373 15375 15375 15379 15381 
15382 15387 15395 15405 15410 15414 15415 15419 15422 15424 
15428 15436 15441 15447 15453 15463 15469 15473 15474 15482 
15492 15502 15515 15523 15524 15530 15531 15535 15537 15541 
15552 15566 15573 15575 15579 15584 15585 15618 15628 15628 
15628 15634 15640 15644 15649 15653 15655 15662 15670 15678 
15682 15688 15702 15705 15713 15721 15724 15726 15730 15731 
15737 15739 15743 15751 15762 15762 15767 15773 15776 15777 
15779 15789 15806 15807 15813 15816 15820 15825 15825 15826 
15839 15844 15845 15849 15855 15857 15867 15869 15869 15879 
15885 15886 15890 15897 15909 15911 15917 15919 15930 15934 
15936 15945 15963 15965 15967 15970 15971 15971 15973 15978 
15989 15990 15994 15996 15997 16007 16007 16015 16018 16021 
16021 16025 16026 16039 16041 16041 16048 16049 16058 16060 
16067 16070 16074 16075 16081 16085 16086 16095 16096 16097 
16100 16106 16108 16111 16113 16113 16124 16125 16127 16128 
16132 16144 16148 16151 16152 16154 16166 16167 16169 16175 
16185 16186 16189 16192 16197 16207 16208 16214 16234 16241 
16241 16250 16253 16259 16270 16274 16277 16291 16303 16309 
16321 16322 16323 16325 16327 16327 16345 16354 16358 16360 
16365 16369 16372 16377 16378 16382 16387 16403 16404 16408 
16429 16434 16436 16441 16444 16450 16453 16456 16458 16460 
16461 16461 16469 16472 16472 16475 16488 16497 16497 16505 
16507 16517 16521 16523 16525 16526 16528 16531 16533 16534 
16545 16550 16554 16558 16563 16564 16570 16575 16592 16595 
16597 16598 16602 16602 16613 16618 16619 16620 16639 16639 
16648 16649 16650 16651 16651 16653 16657 16658 16672 16688 
16690 16695 16706 16706 16707 16712 16717 16722 16728 16730 
16744 16760 16760 16762 16777 16777 16781 16784 16799 16802 
16813 16821 16821 16823 16826 16826 16838 16842 16855 16856 
16875 16879 16880 16887 16893 16895 16903 16905 16908 16915 
16927 16929 16944 16948 16955 16956 16957 16964 16970 16970 
16973 16974 16982 16995 16998 16998 17004 17006 17010 17016 
17024 17031 17031 17032 17035 17041 17045 17047 17049 17060 
17064 17070 17074 17082 17082 17087 17088 17090 17098 17100 
17101 17104 17104 17107 17114 17115 17115 17116 17130 17136 
17158 17162 17169 17172 17174 17181 17183 17196 17198 17202 
17204 17209 17212 17213 17216 17218 17222 17223 17233 17233 
17238 17239 17248 17250 17253 17265 17274 17276 17279 17283 
17286 17286 17288 17298 17300 17300 17303 17305 17315 17318 
17322 17325 17329 17334 17335 17343 17349 17357 17358 17360 
17369 17383 17384 17386 17389 17394 17394 17402 17405 17407 
17408 17408 17408 17415 17415 17432 17432 17438 17442 17443 
17450 17460 17467 17470 17475 17475 17478 17482 17484 17485 
17491 17497 17497 17502 17504 17518 17519 17520 17520 17524 
17526 17535 17540 17541 17542 17544 17551 17554 17556 17562 
17564 17570 17579 17584 17585 17585 17586 17589 17591 17593 
17600 17601 17611 17621 17625 17628 17631 17632 17646 17650 
17661 17664 17668 17675 17686 17690 17696 17712 17715 17718 
17718 17726 17728 17742 17747 17753 17757 17758 17763 17766 
17768 17776 17779 17789 17789 17791 17802 17803 17816 17826 
17827 17828 17830 17830 17832 17839 17839 17841 17842 17864 
17872 17879 17880 17880 17881 17883 17892 17910 17922 17929 
17933 17936 17936 17937 17950 17964 17964 17968 17968 17971 
17972 17979 17981 17983 17993 17997 18002 18009 18011 18013 
18017 18019 18024 18030 18031 18033 18033 18044 18050 18053 
18055 18061 18085 18086 18093 18098 18100 18111 18112 18117 
18122 18126 18133 18139 18146 18148 18150 18152 18163 18165 
18168 18169 18170 18176 18179 18194 18196 18201 18205 18206 
18218 18218 18219 18220 18234 18239 18241 18276 18278 18296 
18299 18302 18312 18318 18334 18338 18347 18357 18367 18371 
18373 18384 18397 18399 18405 18419 18422 18423 18423 18432 
18436 18451 18453 18457 18459 18463 18466 18472 18476 18476 
18476 18477 18478 18480 18484 18484 18499 18508 18517 18519 
18521 18523 18536 18547 18556 18557 18559 18566 18569 18573 
18578 18585 18589 18591 18594 18600 18601 18609 18613 18621 
18634 18642 18644 18644 18664 18670 18681 18685 18695 18705 
18710 18710 18714 18736 18739 18740 18740 18742 18743 18743 
18745 18749 18752 18756 18760 18761 18771 18776 18777 18778 
18780 18781 18783 18794 18795 18796 18796 18802 18808 18810 
18833 18833 18834 18838 18844 18849 18849 18863 18867 18869 
18870 18875 18878 18881 18888 18889 18909 18913 18919 18934 
18942 18944 18948 18956 18961 18967 18971 18972 18977 18977 
18994 19002 19006 19009 19011 19013 19022 19071 19072 19072 
19078 19098 19105 19108 19108 19112 19127 19130 19137 19143 
19145 19145 19153 19167 19167 19168 19178 19180 19183 19186 
19193 19203 19216 19219 19220 19221 19222 19228 19230 19236 
19239 19244 19250 19253 19263 19263 19271 19271 19281 19284 
19289 19293 19308 19318 19318 19340 19341 19344 19347 19352 
19352 19353 19354 19357 19370 19377 19392 19394 19400 19410 
19415 19415 19420 19423 19426 19435 19439 19448 19448 19450 
19477 19486 19491 19501 19503 19503 19510 19517 19542 19543 
19547 19557 19566 19567 19567 19570 19574 19583 19587 19588 
19588 19596 19600 19602 19602 19606 19609 19610 19613 19616 
19617 19619 19620 19630 19644 19645 19647 19670 19676 19676 
19676 19678 19681 19686 19688 19693 19695 19702 19706 19709 
19710 19715 19722 19726 19743 19747 19750 19754 19757 19768 
19774 19780 19784 19793 19794 19805 19805 19813 19816 19818 
19820 19829 19831 19832 19835 19846 19852 19856 19858 19860 
19862 19866 19875 19876 19886 19895 19910 19911 19915 19917 
19918 19929 19931 19933 19936 19937 19937 19946 19946 19951 
19968 19988 19989 19990 19992 20001 20002 20004 20017 20021 
20031 20038 20045 20046 20054 20061 20064 20065 20073 20074 
20077 20082 20091 20092 20096 20101 20101 20103 20107 20112 
20114 20131 20138 20145 20149 20151 20152 20152 20160 20161 
20163 20171 20180 20185 20189 20194 20196 20210 20210 20215 
20221 20224 20225 20239 20241 20244 20257 20265 20265 20267 
20275 20287 20289 20289 20298 20328 20331 20341 20342 20347 
20351 20355 20357 20364 20387 20389 20391 20405 20411 20414 
20417 20427 20429 20430 20432 20435 20435 20458 20459 20460 
20460 20461 20463 20467 20477 20488 20494 20496 20513 20522 
20528 20538 20543 20546 20561 20570 20574 20575 20583 20586 
20588 20593 20597 20623 20624 20627 20627 20628 20630 20630 
20635 20652 20660 20665 20665 20666 20668 20682 20701 20703 
20712 20718 20748 20751 20752 20752 20759 20784 20786 20806 
20806 20806 20808 20815 20817 20819 20820 20823 20826 20831 
20847 20852 20866 20867 20878 20883 20895 20896 20898 20898 
20899 20900 20900 20906 20918 20924 20925 20934 20941 20945 
20946 20947 20948 20953 20956 20958 20960 20960 20963 20968 
20969 20970 20971 20975 20982 20985 20985 20997 20999 21003 
21004 21006 21006 21007 21008 21010 21014 21024 21028 21032 
21035 21040 21043 21054 21056 21060 21061 21063 21074 21078 
21085 21088 21091 21095 21096 21096 21101 21106 21108 21115 
21116 21118 21119 21127 21132 21141 21167 21168 21169 21180 
21201 21214 21230 21236 21237 21247 21258 21260 21265 21266 
21269 21270 21273 21282 21288 21293 21296 21297 21297 21306 
21314 21320 21323 21337 21339 21346 21347 21354 21357 21358 
21363 21364 21365 21373 21374 21385 21386 21387 21387 21391 
21394 21402 21407 21422 21429 21432 21439 21441 21443 21443 
21446 21446 21448 21452 21462 21467 21469 21474 21477 21478 
21498 21499 21500 21501 21504 21507 21515 21518 21522 21526 
21537 21548 21548 21550 21551 21556 21557 21558 21563 21567 
21571 21572 21580 21586 21600 21600 21603 21605 21608 21608 
21610 21613 21619 21625 21629 21631 21635 21638 21646 21651 
21653 21660 21660 21668 21674 21675 21684 21690 21693 21697 
21698 21707 21711 21712 21714 21714 21720 21735 21740 21741 
21746 21748 21765 21767 21774 21776 21782 21792 21796 21801 
21804 21815 21819 21821 21828 21833 21838 21843 21844 21846 
21848 21850 21857 21864 21870 21872 21873 21873 21882 21892 
21906 21907 21912 21913 21915 21929 21933 21935 21938 21943 
21944 21951 21954 21958 21963 21963 21969 21976 21983 21984 
21986 21997 21998 21998 22002 22007 22019 22025 22027 22039 
22039 22045 22047 22049 22055 22063 22065 22065 22065 22068 
22070 22079 22086 22089 22092 22093 22094 22097 22106 22114 
22115 22126 22131 22136 22137 22140 22141 22141 22143 22146 
22159 22159 22161 22162 22166 22174 22177 22184 22184 22189 
22198 22205 22206 22209 22211 22217 22224 22229 22246 22251 
22258 22260 22261 22263 22267 22267 22285 22294 22294 22305 
22305 22310 22316 22321 22324 22328 22338 22342 22347 22352 
22354 22362 22362 22365 22368 22372 22373 22375 22380 22384 
22389 22393 22404 22416 22423 22433 22434 22442 22447 22453 
22465 22470 22477 22479 22485 22486 22489 22500 22508 22511 
22513 22515 22523 22523 22526 22529 22530 22543 22544 22568 
22570 22577 22583 22592 22608 22610 22611 22611 22615 22616 
22617 22619 22623 22628 22637 22638 22640 22647 22648 22651 
22662 22663 22670 22673 22674 22678 22680 22683 22685 22686 
22687 22698 22707 22707 22709 22712 22717 22718 22718 22719 
22732 22733 22733 22738 22744 22747 22750 22750 22750 22780 
22783 22785 22800 22801 22804 22808 22815 22816 22817 22829 
22832 22832 22836 22837 22842 22843 22846 22850 22850 22853 
22866 22866 22867 22867 22881 22883 22886 22890 22894 22904 
22912 22913 22925 22932 22932 22933 22936 22942 22943 22945 
22946 22947 22951 22955 22956 22962 22975 22979 22988 23013 
23025 23051 23053 23063 23066 23067 23073 23075 23076 23077 
23078 23080 23084 23089 23091 23097 23104 23127 23139 23161 
23161 23162 23165 23185 23191 23191 23191 23196 23196 23198 
23203 23206 23207 23208 23211 23211 23211 23219 23221 23233 
23233 23260 23262 23267 23278 23281 23291 23293 23315 23321 
23324 23340 23341 23350 23367 23371 23375 23393 23394 23400 
23412 23418 23426 23431 23431 23438 23453 23454 23459 23464 
23465 23467 23469 23475 23488 23499 23500 23510 23515 23518 
23520 23523 23530 23540 23542 23544 23550 23564 23564 23567 
23572 23577 23580 23584 23585 23587 23589 23591 23595 23596 
23603 23611 23614 23616 23617 23620 23621 23624 23628 23632 
23653 23653 23654 23672 23677 23684 23694 23696 23696 23697 
23703 23707 23707 23727 23731 23738 23739 23753 23761 23764 
23766 23779 23784 23792 23794 23795 23797 23799 23807 23819 
23822 23834 23848 23859 23861 23863 23864 23865 23870 23881 
23885 23885 23889 23893 23901 23905 23916 23922 23926 23939 
23941 23943 23957 23958 23959 23964 23967 23967 23968 23968 
23971 23975 23979 23982 23990 24005 24008 24017 24017 24019 
24021 24023 24039 24052 24055 24064 24064 24077 24094 24099 
24103 24117 24123 24131 24132 24137 24139 24146 24147 24164 
24166 24168 24172 24172 24175 24175 24185 24190 24192 24201 
24211 24211 24212 24212 24212 24213 24227 24232 24240 24242 
24244 24251 24255 24258 24260 24267 24273 24276 24280 24280 
24281 24290 24291 24299 24300 24302 24305 24307 24309 24311 
24317 24331 24334 24340 24341 24353 24356 24357 24365 24367 
24367 24377 24387 24389 24400 24424 24425 24427 24430 24456 
24457 24457 24458 24487 24489 24497 24500 24502 24513 24514 
24517 24520 24521 24522 24531 24532 24538 24546 24549 24550 
24561 24565 24575 24577 24578 24579 24582 24582 24584 24587 
24589 24599 24613 24614 24614 24615 24617 24620 24620 24622 
24627 24632 24633 24637 24641 24646 24653 24655 24658 24663 
24665 24667 24673 24678 24684 24685 24697 24699 24713 24713 
24715 24720 24722 24732 24734 24737 24743 24743 24743 24747 
24749 24751 24753 24757 24766 24784 24786 24786 24788 24790 
24790 24790 24798 24799 24810 24812 24817 24823 24832 24841 
24844 24845 24853 24857 24857 24859 24863 24872 24876 24878 
24881 24884 24890 24903 24913 24919 24920 24927 24932 24933 
24935 24938 24940 24943 24951 24952 24957 24958 24964 24964 
24974 24983 24990 25002 25009 25012 25020 25021 25021 25022 
25024 25024 25026 25028 25028 25031 25036 25036 25041 25047 
25056 25063 25068 25069 25073 25076 25081 25084 25089 25093 
25099 25101 25105 25110 25113 25116 25117 25119 25127 25129 
25139 25141 25142 25147 25152 25155 25157 25161 25162 25167 
25170 25173 25180 25180 25189 25193 25197 25204 25209 25212 
25213 25217 25227 25229 25235 25238 25254 25259 25273 25275 
25283 25303 25304 25305 25310 25312 25333 25334 25348 25349 
25349 25350 25351 25357 25358 25361 25361 25366 25366 25368 
25412 25413 25415 25417 25421 25424 25427 25427 25439 25453 
25462 25466 25472 25473 25477 25481 25481 25484 25490 25491 
25494 25494 25504 25507 25513 25517 25521 25522 25522 25524 
25526 25533 25534 25535 25537 25539 25539 25542 25558 25567 
25575 25578 25580 25583 25583 25584 25585 25588 25597 25611 
25612 25612 25615 25616 25645 25671 25672 25700 25703 25709 
25715 25716 25739 25748 25751 25752 25755 25760 25772 25782 
25782 25783 25784 25788 25799 25801 25804 25805 25808 25821 
25825 25826 25830 25835 25840 25842 25847 25853 25856 25858 
25859 25861 25861 25877 25891 25891 25892 25894 25903 25913 
25913 25914 25918 25923 25932 25943 25949 25950 25955 25956 
25962 25966 25969 25970 25974 25985 25994 26009 26018 26022 
26031 26033 26034 26038 26041 26046 26051 26074 26076 26084 
26085 26089 26104 26106 26109 26111 26118 26125 26127 26129 
26131 26133 26141 26141 26161 26163 26166 26177 26180 26181 
26184 26187 26192 26197 26201 26202 26215 26235 26242 26242 
26244 26251 26261 26263 26279 26291 26296 26301 26302 26307 
26312 26327 26335 26339 26346 26350 26353 26357 26363 26380 
26381 26383 26391 26394 26399 26405 26407 26409 26434 26443 
26446 26449 26450 26459 26470 26473 26479 26482 26485 26487 
26487 26489 26493 26493 26493 26496 26503 26505 26533 26535 
26537 26537 26547 26553 26557 26561 26566 26577 26578 26579 
26583 26587 26591 26593 26605 26609 26609 26610 26616 26619 
26633 26643 26650 26651 26656 26659 26661 26662 26662 26668 
26668 26675 26691 26692 26700 26701 26712 26721 26730 26746 
26767 26769 26778 26787 26795 26796 26802 26809 26815 26818 
26836 26838 26843 26849 26859 26865 26869 26872 26873 26881 
26886 26889 26898 26901 26904 26909 26912 26921 26923 26929 
26930 26939 26954 26955 26969 26970 26981 26988 26990 26990 
26991 27001 27004 27009 27012 27012 27019 27023 27029 27032 
27035 27045 27045 27053 27061 27066 27069 27077 27079 27083 
27090 27096 27099 27105 27106 27111 27118 27121 27123 27123 
27132 27135 27138 27138 27145 27147 27147 27154 27154 27164 
27172 27172 27185 27187 27190 27190 27202 27203 27210 27216 
27220 27221 27225 27225 27228 27229 27233 27237 27243 27251 
27255 27255 27258 27261 27269 27270 27273 27275 27281 27291 
27293 27294 27294 27302 27306 27316 27332 27337 27349 27355 
27359 27365 27366 27369 27376 27377 27382 27388 27391 27400 
27402 27402 27405 27406 27408 27413 27423 27423 27425 27427 
27430 27437 27437 27437 27439 27439 27443 27448 27451 27452 
27452 27460 27469 27470 27479 27483 27491 27491 27502 27505 
27510 27510 27511 27529 27533 27556 27568 27574 27578 27580 
27583 27587 27617 27626 27641 27646 27649 27649 27653 27663 
27666 27667 27670 27682 27685 27689 27690 27692 27700 27708 
27727 27727 27733 27735 27735 27740 27741 27742 27746 27751 
27758 27761 27776 27780 27781 27781 27782 27786 27788 27789 
27790 27791 27799 27802 27802 27807 27812 27831 27834 27846 
27858 27858 27859 27863 27885 27886 27898 27916 27924 27926 
27929 27931 27934 27937 27938 27944 27952 27963 27978 27992 
27992 28000 28010 28012 28014 28014 28018 28018 28038 28042 
28043 28046 28046 28053 28065 28068 28072 28076 28091 28097 
28098 28102 28103 28104 28114 28118 28128 28129 28130 28132 
28142 28148 28149 28153 28162 28164 28167 28167 28168 28180 
28185 28196 28205 28213 28226 28227 28232 28238 28242 28245 
28246 28255 28256 28263 28267 28271 28284 28288 28294 28295 
28304 28309 28317 28322 28326 28366 28381 28381 28387 28394 
28395 28409 28411 28411 28413 28417 28419 28428 28430 28439 
28441 28443 28444 28447 28447 28447 28450 28451 28451 28452 
28460 28462 28466 28472 28478 28479 28482 28496 28512 28542 
28553 28554 28557 28562 28564 28567 28573 28573 28574 28576 
28582 28604 28606 28612 28627 28631 28632 28643 28643 28645 
28647 28649 28653 28661 28665 28666 28672 28675 28676 28678 
28681 28681 28681 28686 28695 28705 28712 28712 28713 28714 
28715 28724 28726 28727 28730 28739 28743 28751 28757 28772 
28779 28781 28784 28787 28791 28798 28801 28804 28805 28808 
28808 28809 28816 28817 28831 28834 28840 28841 28844 28844 
28849 28854 28865 28876 28878 28885 28910 28917 28919 28921 
28924 28924 28927 28934 28935 28948 28951 28959 28962 28964 
28967 28968 28975 28976 28980 28981 28989 28989 28994 29002 
29011 29023 29023 29024 29044 29048 29052 29055 29059 29064 
29066 29067 29067 29078 29081 29084 29088 29090 29091 29096 
29097 29106 29106 29117 29122 29126 29128 29134 29136 29139 
29139 29140 29148 29168 29176 29179 29180 29181 29184 29188 
29196 29199 29203 29203 29203 29203 29205 29211 29211 29218 
29225 29245 29248 29260 29268 29275 29275 29275 29299 29305 
29312 29321 29323 29325 29329 29354 29356 29362 29376 29377 
29381 29388 29392 29392 29392 29398 29401 29414 29420 29432 
29433 29434 29440 29443 29446 29458 29468 29481 29484 29496 
29496 29502 29506 29507 29508 29516 29517 29522 29523 29537 
29539 29543 29545 29554 29559 29560 29564 29594 29595 29596 
29602 29606 29608 29609 29614 29616 29620 29625 29626 29633 
29644 29656 29665 29681 29682 29689 29700 29713 29723 29728 
29731 29741 29773 29783 29796 29798 29799 29806 29807 29809 
29815 29818 29825 29832 29840 29844 29844 29850 29853 29874 
29881 29884 29886 29895 29896 29897 29898 29898 29905 29910 
29917 29919 29920 29925 29925 29928 29935 29939 29958 29961 
29968 29969 29972 29979 29980 29986 29989 29992 29996 30000 
30003 30005 30005 30017 30021 30045 30057 30058 30060 30061 
30061 30063 30068 30071 30075 30095 30099 30100 30126 30135 
30137 30141 30145 30170 30171 30172 30175 30175 30176 30179 
30179 30182 30183 30183 30214 30229 30234 30240 30252 30252 
30255 30256 30262 30263 30279 30280 30288 30290 30297 30299 
30315 30316 30323 30323 30323 30335 30349 30357 30358 30359 
30360 30366 30372 30375 30375 30376 30377 30391 30395 30397 
30410 30414 30444 30445 30450 30461 30465 30468 30473 30474 
30482 30484 30490 30492 30494 30500 30503 30511 30512 30529 
30531 30531 30531 30531 30532 30533 30536 30540 30541 30546 
30548 30550 30555 30559 30559 30563 30568 30570 30573 30576 
30591 30598 30600 30600 30601 30602 30605 30609 30614 30630 
30630 30631 30632 30641 30643 30651 30655 30661 30662 30668 
30682 30687 30689 30690 30691 30695 30697 30699 30701 30718 
30719 30721 30727 30730 30732 30732 30733 30738 30743 30747 
30752 30755 30760 30766 30767 30768 30770 30774 30774 30777 
30791 30792 30794 30797 30816 30828 30830 30831 30840 30841 
30868 30868 30878 30879 30883 30886 30887 30892 30893 30904 
30905 30910 30912 30917 30918 30919 30941 30942 30949 30951 
30954 30954 30966 30979 30979 30986 30991 31003 31008 31011 
31014 31017 31020 31021 31027 31028 31028 31029 31030 31031 
31041 31042 31061 31066 31073 31094 31099 31101 31104 31108 
31114 31117 31121 31122 31123 31133 31147 31153 31154 31159 
31161 31161 31163 31169 31170 31174 31176 31177 31178 31180 
31188 31197 31199 31200 31204 31206 31208 31214 31215 31216 
31219 31222 31234 31236 31241 31249 31251 31252 31259 31260 
31264 31265 31265 31268 31268 31272 31287 31288 31288 31302 
31306 31314 31320 31323 31333 31342 31342 31347 31354 31358 
31359 31361 31368 31369 31381 31382 31382 31385 31393 31399 
31410 31418 31426 31434 31438 31446 31453 31453 31453 31453 
31454 31458 31459 31460 31462 31463 31475 31482 31485 31486 
31489 31493 31495 31509 31518 31521 31527 31534 31564 31568 
31572 31576 31582 31583 31584 31594 31601 31603 31608 31614 
31616 31624 31638 31649 31651 31666 31677 31682 31685 31685 
31685 31689 31691 31694 31694 31695 31698 31709 31714 31720 
31721 31721 31722 31726 31728 31732 31734 31741 31743 31743 
31746 31751 31752 31756 31770 31771 31776 31801 31803 31805 
31807 31807 31809 31809 31812 31813 31816 31817 31817 31821 
31822 31840 31847 31851 31853 31856 31857 31866 31868 31869 
31874 31883 31883 31883 31884 31888 31893 31895 31895 31897 
31911 31915 31919 31922 31923 31925 31930 31935 31935 31940 
31947 31952 31955 31956 31969 31974 31979 31981 31985 31987 
31989 31989 31991 31994 32003 32006 32011 32017 32034 32036 
32040 32041 32045 32047 32047 32051 32051 32054 32059 32063 
32085 32086 32090 32100 32117 32118 32123 32124 32127 32134 
32139 32142 32152 32153 32155 32159 32159 32163 32165 32166 
32169 32183 32184 32189 32197 32199 32207 32207 32212 32212 
32216 32217 32226 32227 32228 32232 32237 32240 32240 32245 
32264 32264 32265 32267 32270 32274 32274 32274 32292 32299 
32302 32302 32303 32307 32319 32323 32324 32325 32331 32341 
32346 32349 32371 32373 32373 32377 32377 32382 32395 32395 
32397 32404 32407 32408 32418 32420 32427 32432 32441 32442 
32444 32450 32451 32453 32465 32470 32472 32477 32494 32510 
32521 32521 32525 32528 32538 32541 32546 32555 32560 32561 
32562 32563 32572 32574 32583 32590 32593 32595 32597 32617 
32620 32629 32630 32638 32640 32642 32647 32652 32654 32663 
32664 32672 32673 32675 32681 32689 32692 32693 32696 32704 
32713 32713 32714 32717 32717 32736 32741 32756 32762 32767 
32773 32776 32787 32790 32792 32800 32806 32807 32815 32817 
32826 32828 32832 32837 32839 32849 32859 32860 32861 32863 
32863 32867 32875 32879 32880 32885 32890 32890 32892 32896 
32905 32907 32908 32919 32927 32934 32936 32941 32948 32957 
32961 32964 32965 32968 32970 32977 32979 32981 32986 32989 
33004 33016 33018 33020 33024 33026 33030 33043 33044 33045 
33068 33068 33085 33086 33088 33091 33092 33092 33095 33099 
33103 33108 33119 33120 33123 33124 33125 33129 33138 33141 
33144 33155 33155 33158 33159 33166 33166 33167 33172 33172 
33182 33184 33193 33211 33211 33212 33216 33226 33231 33237 
33237 33237 33250 33254 33257 33259 33261 33263 33264 33273 
33276 33279 33286 33296 33304 33320 33322 33330 33331 33331 
33338 33339 33352 33362 33373 33382 33388 33390 33391 33392 
33392 33394 33395 33399 33407 33411 33414 33416 33417 33423 
33429 33430 33431 33432 33433 33433 33440 33451 33455 33466 
33466 33466 33476 33480 33492 33501 33505 33509 33511 33513 
33515 33545 33545 33545 33547 33550 33553 33556 33556 33560 
33562 33567 33571 33577 33589 33591 33592 33597 33598 33599 
33606 33617 33621 33639 33647 33647 33647 33654 33662 33663 
33666 33667 33671 33683 33685 33687 33688 33691 33692 33698 
33704 33705 33734 33735 33738 33738 33739 33745 33760 33760 
33764 33769 33772 33773 33775 33776 33785 33793 33795 33795 
33796 33801 33801 33803 33804 33806 33812 33814 33831 33833 
33835 33838 33847 33849 33867 33871 33882 33883 33885 33891 
33892 33899 33900 33901 33910 33914 33922 33925 33933 33935 
33941 33942 33959 33961 33975 33978 33979 33987 33989 33993 
33995 33996 33999 34001 34007 34014 34016 34021 34021 34022 
34025 34029 34036 34042 34042 34043 34043 34054 34060 34061 
34073 34073 34073 34078 34081 34087 34099 34105 34106 34113 
34122 34131 34135 34141 34146 34149 34156 34165 34168 34168 
34169 34176 34177 34178 34191 34200 34205 34205 34210 34210 
34213 34217 34218 34224 34229 34229 34230 34230 34231 34233 
34246 34249 34256 34261 34262 34269 34271 34278 34283 34287 
34288 34294 34302 34311 34312 34327 34331 34351 34360 34363 
34367 34374 34384 34387 34389 34396 34402 34410 34417 34420 
34420 34428 34430 34432 34441 34447 34452 34454 34460 34463 
34465 34470 34477 34485 34487 34501 34513 34516 34537 34539 
34541 34544 34545 34546 34547 34557 34563 34567 34577 34589 
34592 34594 34596 34598 34600 34608 34609 34610 34622 34624 
34629 34630 34649 34651 34664 34689 34695 34700 34707 34711 
34712 34712 34723 34732 34744 34745 34759 34766 34769 34776 
34787 34789 34792 34792 34793 34812 34819 34823 34825 34832 
34839 34854 34855 34867 34882 34883 34884 34885 34890 34891 
34896 34898 34905 34908 34918 34921 34924 34934 34939 34939 
34945 34946 34950 34958 34968 34975 34978 34989 34991 34997 
34997 35003 35004 35009 35020 35022 35027 35031 35038 35050 
35053 35056 35059 35064 35071 35073 35073 35081 35083 35086 
35102 35103 35108 35109 35114 35122 35125 35127 35130 35131 
35136 35141 35150 35157 35158 35181 35186 35189 35203 35205 
35208 35208 35209 35210 35211 35213 35219 35221 35222 35227 
35230 35263 35268 35268 35278 35280 35290 35290 35291 35293 
35293 35309 35311 35325 35334 35336 35345 35346 35353 35357 
35360 35361 35362 35377 35377 35377 35378 35381 35384 35397 
35403 35407 35412 35420 35422 35426 35427 35443 35448 35448 
35459 35462 35463 35463 35463 35466 35473 35473 35485 35486 
35487 35490 35494 35496 35500 35501 35502 35509 35510 35511 
35529 35533 35533 35535 35536 35544 35556 35569 35572 35572 
35572 35572 35578 35579 35582 35586 35588 35593 35598 35599 
35607 35608 35609 35614 35616 35625 35638 35640 35643 35650 
35651 35652 35656 35664 35672 35688 35696 35702 35706 35712 
35712 35723 35726 35727 35735 35744 35760 35760 35761 35767 
35776 35780 35790 35791 35793 35800 35800 35813 35813 35817 
35821 35822 35824 35826 35841 35847 35851 35855 35860 35867 
35877 35879 35880 35881 35883 35887 35888 35889 35895 35897 
35900 35904 35905 35913 35913 35917 35918 35920 35921 35937 
35938 35939 35940 35946 35947 35949 35951 35953 35953 35955 
35962 35969 35976 35982 35983 35987 35997 36005 36014 36018 
36024 36024 36026 36034 36039 36043 36049 36072 36074 36076 
36082 36090 36103 36104 36105 36112 36130 36131 36138 36140 
36141 36144 36151 36156 36168 36170 36178 36179 36179 36182 
36200 36203 36225 36234 36240 36240 36251 36252 36257 36264 
36277 36279 36287 36292 36295 36299 36316 36318 36319 36324 
36329 36332 36334 36336 36338 36340 36342 36355 36358 36362 
36366 36370 36375 36377 36383 36383 36383 36387 36389 36396 
36397 36397 36398 36403 36409 36417 36419 36426 36427 36430 
36438 36441 36444 36446 36452 36452 36457 36459 36462 36464 
36479 36486 36487 36496 36497 36502 36506 36516 36518 36528 
36534 36542 36543 36545 36546 36554 36567 36575 36583 36586 
36588 36598 36598 36601 36604 36613 36619 36643 36644 36648 
36658 36665 36681 36682 36686 36689 36697 36701 36708 36710 
36712 36716 36720 36728 36730 36732 36734 36736 36740 36745 
36763 36769 36774 36785 36797 36805 36809 36811 36835 36838 
36842 36849 36865 36866 36884 36884 36893 36898 36898 36906 
36918 36922 36923 36935 36939 36942 36950 36954 36972 36973 
36977 36982 36988 37003 37004 37004 37013 37024 37029 37029 
37044 37049 37050 37056 37059 37061 37062 37064 37067 37080 
37084 37102 37105 37106 37109 37115 37119 37134 37145 37163 
37163 37165 37167 37169 37169 37171 37176 37189 37196 37196 
37197 37200 37201 37203 37203 37203 37206 37215 37219 37225 
37227 37237 37242 37255 37257 37257 37260 37265 37269 37272 
37272 37288 37290 37315 37333 37337 37339 37341 37345 37346 
37354 37361 37363 37370 37377 37380 37404 37430 37431 37440 
37445 37445 37445 37446 37446 37459 37469 37473 37474 37476 
37478 37479 37480 37480 37481 37481 37490 37491 37492 37494 
37496 37499 37504 37512 37514 37515 37523 37523 37524 37526 
37528 37528 37537 37537 37538 37541 37546 37547 37565 37573 
37573 37578 37580 37583 37589 37594 37596 37597 37602 37606 
37621 37625 37627 37634 37637 37645 37649 37651 37652 37653 
37660 37661 37667 37669 37673 37675 37676 37681 37683 37691 
37696 37704 37706 37706 37711 37713 37713 37719 37723 37727 
37730 37731 37735 37741 37742 37743 37744 37748 37748 37761 
37771 37773 37785 37786 37788 37791 37792 37793 37794 37805 
37808 37811 37817 37818 37825 37827 37827 37831 37832 37834 
37843 37844 37845 37857 37858 37859 37860 37861 37874 37887 
37888 37888 37888 37889 37894 37896 37898 37916 37918 37925 
37934 37937 37938 37939 37951 37966 37975 37978 38016 38022 
38024 38036 38038 38039 38044 38045 38048 38052 38053 38069 
38075 38086 38093 38094 38099 38099 38100 38104 38106 38108 
38110 38132 38135 38140 38146 38156 38158 38167 38175 38175 
38211 38218 38219 38222 38226 38229 38236 38238 38243 38248 
38269 38270 38279 38280 38284 38285 38286 38287 38304 38313 
38314 38314 38316 38327 38332 38334 38350 38350 38354 38355 
38358 38363 38365 38368 38369 38370 38370 38376 38377 38390 
38397 38410 38415 38428 38429 38430 38436 38439 38446 38453 
38457 38465 38476 38478 38491 38492 38498 38498 38502 38502 
38509 38517 38528 38533 38537 38537 38555 38583 38596 38600 
38604 38608 38620 38622 38623 38628 38630 38631 38639 38651 
38652 38658 38660 38664 38665 38667 38673 38682 38684 38689 
38704 38705 38709 38716 38736 38736 38741 38745 38746 38748 
38750 38766 38767 38773 38775 38810 38823 38825 38825 38831 
38841 38848 38866 38869 38871 38871 38873 38875 38876 38880 
38882 38901 38902 38912 38915 38919 38921 38923 38939 38942 
38942 38951 38952 38959 38960 38973 38980 38992 38992 38994 
38998 39003 39012 39015 39017 39025 39030 39031 39035 39038 
39038 39052 39053 39055 39058 39060 39061 39077 39095 39100 
39100 39100 39105 39147 39150 39155 39168 39172 39173 39174 
39175 39186 39197 39203 39215 39217 39217 39220 39229 39229 
39230 39231 39232 39233 39234 39238 39243 39245 39245 39254 
39254 39259 39262 39272 39272 39274 39280 39290 39293 39295 
39301 39303 39307 39309 39312 39313 39327 39331 39334 39337 
39339 39340 39343 39351 39356 39358 39361 39361 39362 39366 
39367 39374 39379 39383 39397 39410 39419 39435 39436 39442 
39454 39454 39455 39456 39457 39458 39462 39464 39469 39473 
39474 39476 39478 39480 39488 39492 39494 39514 39530 39531 
39544 39560 39566 39567 39567 39573 39574 39576 39582 39587 
39590 39594 39598 39600 39607 39607 39609 39615 39616 39620 
39621 39626 39628 39629 39636 39646 39654 39657 39658 39659 
39671 39674 39676 39691 39692 39696 39698 39707 39710 39728 
39738 39738 39741 39742 39745 39747 39749 39750 39759 39774 
39778 39784 39788 39798 39804 39804 39811 39817 39823 39831 
39867 39867 39881 39897 39899 39914 39920 39925 39927 39929 
39938 39954 39960 39967 39969 39986 39988 39989 39995 40002 
40006 40009 40019 40024 40026 40030 40044 40047 40051 40065 
40074 40075 40076 40082 40093 40094 40095 40100 40111 40113 
40113 40117 40118 40128 40132 40134 40142 40144 40148 40148 
40150 40160 40162 40167 40169 40176 40177 40186 40191 40199 
40205 40207 40218 40218 40225 40230 40231 40233 40238 40242 
40242 40244 40251 40255 40268 40268 40272 40286 40299 40324 
40328 40329 40341 40341 40341 40343 40356 40358 40377 40385 
40387 40392 40393 40400 40405 40406 40407 40407 40423 40426 
40435 40439 40443 40445 40452 40455 40462 40470 40479 40480 
40486 40487 40498 40499 40511 40513 40516 40519 40522 40524 
40524 40536 40539 40542 40546 40562 40569 40582 40582 40582 
40588 40592 40597 40598 40604 40606 40606 40607 40609 40619 
40627 40629 40631 40633 40643 40650 40650 40650 40674 40689 
40696 40699 40701 40702 40704 40714 40717 40722 40726 40732 
40743 40745 40746 40747 40754 40770 40773 40773 40775 40777 
40780 40782 40788 40790 40806 40821 40823 40826 40829 40829 
40832 40835 40851 40864 40869 40876 40883 40908 40912 40919 
40924 40924 40927 40930 40937 40943 40945 40945 40946 40946 
40947 40952 40957 40970 40989 40992 40993 40998 41001 41019 
41023 41027 41034 41037 41040 41045 41045 41058 41061 41074 
41077 41093 41095 41108 41115 41122 41125 41128 41129 41130 
41131 41149 41165 41172 41177 41185 41198 41200 41206 41233 
41235 41236 41239 41240 41241 41247 41255 41257 41261 41263 
41264 41287 41295 41296 41311 41311 41326 41340 41344 41348 
41350 41352 41357 41366 41369 41369 41372 41381 41381 41384 
41395 41396 41399 41399 41402 41402 41404 41406 41407 41408 
41411 41415 41417 41421 41421 41423 41423 41430 41432 41435 
41435 41442 41447 41452 41457 41459 41463 41467 41474 41480 
41480 41481 41488 41495 41495 41496 41498 41504 41507 41508 
41510 41514 41519 41519 41523 41527 41537 41554 41563 41563 
41565 41565 41569 41591 41597 41603 41608 41608 41611 41615 
41618 41629 41629 41630 41637 41637 41638 41641 41642 41648 
41656 41676 41679 41679 41680 41684 41692 41693 41696 41710 
41739 41747 41748 41750 41751 41751 41754 41758 41760 41767 
41773 41773 41782 41785 41789 41803 41805 41805 41807 41808 
41815 41820 41821 41821 41822 41826 41828 41836 41844 41850 
41860 41876 41877 41880 41886 41887 41892 41893 41894 41894 
41900 41910 41915 41931 41939 41944 41944 41945 41948 41951 
41951 41961 41962 41963 41972 41978 41981 41994 41994 41996 
41998 42001 42004 42006 42009 42021 42037 42040 42043 42048 
42054 42057 42061 42065 42067 42069 42071 42073 42078 42084 
42086 42106 42114 42126 42136 42137 42137 42141 42148 42150 
42156 42159 42161 42170 42172 42173 42173 42174 42183 42191 
42195 42202 42205 42207 42213 42216 42216 42218 42224 42235 
42235 42241 42252 42255 42267 42273 42298 42302 42307 42318 
42329 42335 42335 42335 42339 42343 42347 42357 42357 42362 
42375 42378 42384 42384 42395 42396 42396 42406 42408 42414 
42415 42417 42436 42440 42444 42450 42452 42453 42456 42457 
42458 42462 42463 42466 42468 42469 42470 42471 42472 42477 
42481 42487 42488 42492 42495 42495 42502 42503 42504 42504 
42509 42512 42518 42518 42521 42523 42531 42534 42535 42538 
42538 42541 42558 42566 42571 42582 42586 42591 42592 42597 
42599 42603 42610 42619 42619 42623 42624 42642 42642 42645 
42647 42650 42651 42652 42660 42664 42675 42677 42684 42686 
42690 42692 42698 42699 42702 42723 42724 42733 42738 42743 
42745 42750 42752 42752 42753 42755 42756 42763 42769 42776 
42777 42778 42793 42797 42801 42802 42805 42820 42823 42824 
42830 42832 42843 42846 42850 42855 42857 42858 42865 42874 
42879 42879 42888 42892 42899 42920 42922 42927 42938 42944 
42945 42946 42948 42949 42958 42964 42965 42966 42967 42970 
42976 42976 42985 42985 42987 42989 42992 43001 43002 43005 
43005 43006 43008 43012 43014 43020 43020 43023 43024 43029 
43035 43036 43043 43044 43062 43065 43075 43079 43088 43089 
43092 43093 43094 43094 43099 43108 43110 43113 43114 43118 
43119 43122 43122 43126 43128 43140 43152 43160 43164 43169 
43177 43181 43189 43197 43202 43208 43216 43223 43230 43232 
43239 43240 43241 43248 43250 43251 43253 43264 43270 43281 
43281 43303 43304 43304 43310 43329 43334 43335 43345 43347 
43349 43349 43353 43360 43370 43370 43372 43378 43380 43386 
43402 43403 43404 43407 43410 43417 43422 43423 43426 43433 
43436 43437 43443 43446 43453 43455 43456 43469 43470 43471 
43475 43485 43486 43489 43496 43496 43501 43501 43505 43510 
43516 43517 43521 43523 43528 43534 43536 43540 43540 43552 
43555 43556 43562 43572 43580 43589 43591 43592 43609 43624 
43631 43632 43635 43640 43643 43660 43664 43668 43676 43686 
43692 43698 43699 43708 43709 43718 43718 43727 43729 43729 
43736 43777 43796 43808 43813 43825 43829 43830 43836 43838 
43843 43844 43854 43856 43859 43859 43881 43884 43884 43884 
43887 43888 43891 43893 43894 43895 43908 43911 43913 43915 
43925 43936 43938 43951 43954 43962 43965 43972 44003 44007 
44008 44011 44012 44045 44046 44051 44053 44054 44055 44057 
44062 44063 44069 44077 44082 44087 44089 44091 44097 44097 
44099 44099 44102 44103 44105 44116 44117 44127 44128 44134 
44136 44152 44161 44167 44168 44172 44178 44180 44188 44198 
44201 44202 44204 44206 44208 44213 44215 44228 44234 44243 
44246 44254 44254 44256 44268 44275 44282 44289 44291 44296 
44299 44303 44309 44318 44326 44328 44328 44336 44336 44336 
44339 44343 44359 44360 44364 44374 44375 44378 44384 44388 
44391 44391 44398 44402 44405 44407 44409 44419 44426 44431 
44440 44442 44452 44453 44453 44455 44458 44463 44463 44464 
44471 44480 44481 44482 44492 44503 44513 44522 44523 44523 
44536 44549 44555 44559 44566 44567 44574 44585 44593 44613 
44639 44650 44651 44655 44667 44672 44679 44682 44683 44687 
44691 44698 44708 44714 44727 44732 44740 44741 44752 44754 
44754 44755 44759 44760 44768 44778 44789 44790 44793 44795 
44796 44802 44803 44808 44812 44812 44813 44815 44821 44827 
44840 44844 44851 44851 44853 44855 44867 44868 44873 44889 
44894 44905 44905 44906 44907 44914 44918 44927 44937 44939 
44964 44974 44989 44990 44995 44996 45006 45008 45012 45016 
45021 45027 45031 45031 45033 45050 45053 45061 45062 45063 
45065 45068 45071 45077 45081 45090 45098 45101 45115 45120 
45122 45128 45134 45141 45151 45151 45157 45160 45166 45167 
45169 45177 45177 45177 45178 45179 45183 45185 45210 45212 
45212 45218 45220 45220 45224 45234 45237 45241 45249 45251 
45257 45258 45261 45262 45268 45269 45271 45274 45276 45279 
45284 45286 45311 45311 45313 45329 45331 45338 45338 45342 
45354 45363 45371 45372 45375 45375 45380 45384 45387 45392 
45395 45408 45409 45411 45413 45417 45418 45422 45438 45441 
45443 45444 45448 45452 45458 45459 45462 45464 45475 45477 
45483 45492 45505 45507 45507 45509 45515 45529 45530 45534 
45535 45542 45546 45549 45559 45584 45602 45605 45606 45623 
45626 45631 45640 45642 45649 45657 45668 45669 45671 45676 
45689 45690 45695 45696 45698 45704 45707 45719 45727 45729 
45729 45748 45749 45757 45761 45785 45787 45787 45804 45805 
45816 45818 45823 45824 45837 45844 45849 45852 45855 45860 
45861 45872 45873 45875 45881 45887 45887 45888 45896 45899 
45901 45906 45908 45920 45923 45935 45935 45940 45950 45954 
45956 45971 45977 45980 45980 45986 45989 45989 45994 45998 
46013 46017 46027 46028 46035 46038 46041 46045 46046 46046 
46066 46068 46077 46087 46088 46089 46099 46102 46103 46112 
46113 46116 46138 46145 46149 46151 46155 46157 46157 46158 
46160 46163 46163 46170 46176 46187 46189 46191 46195 46200 
46220 46226 46233 46236 46237 46240 46242 46242 46245 46248 
46262 46264 46266 46269 46276 46281 46282 46287 46288 46290 
46295 46301 46302 46305 46314 46319 46323 46325 46335 46337 
46343 46370 46372 46372 46374 46384 46384 46389 46397 46400 
46404 46407 46415 46422 46423 46430 46431 46436 46437 46443 
46448 46451 46459 46463 46464 46465 46468 46481 46490 46491 
46495 46495 46497 46498 46499 46500 46516 46518 46526 46542 
46542 46543 46544 46547 46548 46555 46573 46575 46576 46582 
46584 46589 46589 46591 46611 46614 46615 46616 46621 46628 
46632 46633 46637 46648 46663 46665 46666 46668 46671 46673 
46675 46682 46686 46690 46692 46699 46702 46708 46710 46720 
46725 46730 46735 46743 46751 46755 46757 46762 46767 46771 
46774 46774 46786 46787 46787 46793 46797 46800 46801 46810 
46813 46817 46817 46825 46827 46834 46838 46839 46840 46848 
46855 46860 46875 46877 46884 46892 46893 46894 46901 46903 
46911 46915 46919 46925 46938 46940 46949 46959 46962 46965 
46967 46972 46973 46985 46986 46987 46990 46993 46995 46997 
47012 47015 47016 47022 47025 47026 47032 47035 47039 47039 
47043 47047 47051 47053 47053 47055 47060 47064 47073 47078 
47079 47090 47093 47095 47098 47104 47111 47112 47120 47124 
47125 47127 47133 47137 47144 47150 47159 47174 47186 47206 
47210 47211 47228 47229 47245 47253 47255 47256 47258 47258 
47259 47261 47263 47263 47270 47271 47279 47285 47289 47298 
47302 47310 47323 47323 47327 47328 47332 47334 47336 47338 
47342 47343 47346 47354 47359 47363 47370 47377 47384 47385 
47387 47391 47392 47395 47402 47411 47411 47417 47423 47426 
47427 47436 47438 47439 47450 47454 47454 47468 47469 47473 
47474 47478 47478 47492 47499 47502 47506 47509 47510 47522 
47523 47526 47530 47531 47532 47536 47537 47559 47560 47561 
47566 47574 47575 47579 47584 47588 47593 47594 47594 47611 
47619 47627 47630 47636 47640 47640 47642 47648 47648 47660 
47684 47690 47695 47699 47710 47714 47724 47728 47730 47733 
47734 47740 47748 47766 47772 47773 47783 47793 47795 47799 
47800 47802 47811 47812 47813 47822 47829 47838 47840 47842 
47850 47854 47865 47866 47875 47876 47876 47879 47880 47884 
47894 47894 47900 47911 47913 47915 47916 47918 47922 47928 
47933 47942 47949 47964 47979 47981 47988 47992 48004 48007 
48008 48015 48017 48023 48025 48028 48030 48041 48041 48056 
48057 48062 48063 48072 48080 48081 48085 48090 48091 48094 
48098 48101 48105 48107 48109 48110 48116 48130 48136 48143 
48145 48145 48157 48162 48165 48169 48170 48172 48178 48181 
48185 48185 48198 48220 48224 48228 48235 48238 48239 48239 
48240 48241 48246 48248 48254 48266 48280 48281 48281 48282 
48293 48304 48306 48307 48307 48308 48315 48315 48319 48328 
48331 48341 48344 48352 48366 48368 48377 48378 48379 48382 
48389 48394 48395 48395 48399 48400 48404 48406 48414 48415 
48416 48418 48425 48430 48435 48449 48456 48460 48463 48464 
48465 48468 48469 48477 48478 48479 48491 48496 48500 48503 
48507 48509 48512 48514 48519 48524 48541 48544 48547 48550 
48554 48555 48556 48556 48558 48586 48602 48606 48609 48616 
48627 48633 48644 48647 48649 48655 48655 48656 48659 48673 
48677 48693 48697 48701 48714 48714 48721 48731 48734 48749 
48760 48761 48771 48774 48776 48776 48778 48780 48795 48798 
48798 48799 48802 48805 48807 48807 48809 48813 48813 48814 
48814 48819 48820 48821 48841 48843 48846 48848 48848 48858 
48858 48865 48872 48875 48879 48892 48892 48894 48901 48908 
48917 48926 48933 48934 48936 48936 48937 48938 48940 48944 
48945 48953 48958 48969 48970 48973 48988 48992 48999 49000 
49001 49008 49017 49030 49032 49033 49039 49041 49045 49045 
49051 49078 49078 49083 49084 49089 49090 49098 49099 49101 
49113 49117 49118 49122 49129 49135 49142 49145 49145 49148 
49150 49155 49160 49174 49175 49176 49179 49183 49198 49198 
49202 49222 49229 49233 49243 49251 49258 49260 49261 49269 
49273 49277 49281 49281 49287 49289 49295 49295 49314 49316 
49320 49320 49320 49325 49329 49346 49351 49352 49354 49354 
49359 49363 49367 49369 49377 49378 49396 49397 49400 49400 
49403 49404 49412 49418 49420 49422 49424 49433 49452 49459 
49462 49483 49497 49498 49499 49500 49503 49509 49510 49518 
49534 49538 49540 49552 49552 49558 49560 49561 49563 49573 
49574 49577 49582 49589 49594 49594 49598 49599 49600 49616 
49619 49622 49632 49634 49634 49635 49637 49641 49653 49654 
49655 49662 49662 49664 49670 49677 49678 49680 49682 49687 
49692 49701 49706 49711 49711 49711 49714 49716 49723 49727 
49728 49732 49732 49734 49743 49744 49747 49749 49763 49767 
49770 49776 49777 49782 49785 49799 49801 49803 49809 49812 
49816 49824 49824 49824 49835 49838 49844 49845 49846 49848 
49851 49853 49856 49863 49865 49877 49891 49899 49903 49903 
49917 49917 49921 49922 49936 49937 49938 49943 49953 49954 
49958 49959 49964 49982 49984 49985 49986 49986 49994 49996 
49999 50000 50004 50013 50033 50034 50048 50049 50049 50070 
50071 50081 50086 50087 50093 50093 50102 50105 50107 50110 
50113 50113 50127 50129 50131 50132 50134 50140 50142 50146 
50147 50147 50153 50156 50158 50164 50165 50169 50169 50181 
50194 50196 50200 50202 50202 50206 50207 50209 50209 50210 
50217 50220 50220 50220 50227 50228 50236 50240 50245 50255 
50257 50274 50280 50297 50304 50305 50309 50316 50320 50323 
50325 50328 50330 50330 50332 50332 50337 50341 50342 50344 
50349 50358 50358 50360 50363 50367 50373 50381 50389 50399 
50414 50420 50421 50440 50454 50463 50466 50470 50476 50482 
50488 50494 50494 50494 50496 50499 50504 50505 50510 50515 
50522 50525 50527 50533 50534 50541 50545 50547 50550 50552 
50569 50569 50574 50578 50578 50578 50583 50583 50596 50600 
50608 50613 50616 50618 50633 50638 50645 50649 50655 50657 
50658 50660 50674 50688 50690 50696 50697 50697 50697 50702 
50705 50725 50750 50754 50757 50758 50759 50764 50765 50765 
50778 50787 50788 50795 50812 50814 50827 50838 50845 50848 
50859 50860 50863 50863 50892 50894 50895 50900 50903 50916 
50921 50924 50946 50947 50948 50950 50956 50956 50964 50965 
50972 50975 50977 50993 50994 50994 50997 51002 51004 51005 
51007 51008 51018 51019 51020 51027 51030 51030 51034 51056 
51057 51067 51076 51087 51096 51098 51102 51105 51111 51113 
51113 51114 51127 51133 51141 51143 51146 51149 51154 51159 
51159 51162 51169 51170 51173 51174 51178 51179 51180 51184 
51232 51241 51244 51245 51246 51251 51253 51261 51262 51266 
51266 51279 51287 51302 51304 51314 51316 51320 51330 51330 
51335 51351 51354 51356 51363 51373 51384 51385 51387 51390 
51390 51394 51409 51415 51417 51419 51422 51425 51430 51435 
51446 51452 51455 51460 51472 51478 51480 51487 51491 51498 
51504 51513 51527 51536 51548 51550 51551 51574 51575 51578 
51579 51580 51585 51593 51595 51602 51603 51613 51615 51622 
51630 51634 51642 51654 51662 51664 51692 51693 51696 51697 
51705 51709 51716 51727 51728 51731 51732 51732 51740 51746 
51748 51760 51766 51769 51772 51775 51775 51775 51779 51781 
51783 51784 51787 51789 51792 51794 51806 51810 51811 51811 
51813 51813 51817 51818 51821 51825 51842 51849 51860 51861 
51864 51866 51872 51896 51897 51900 51900 51904 51907 51907 
51911 51915 51922 51930 51930 51933 51939 51940 51953 51958 
51962 51970 51973 51973 51987 51994 51999 51999 52002 52014 
52035 52048 52059 52060 52064 52070 52081 52082 52083 52086 
52104 52104 52105 52107 52108 52112 52117 52130 52132 52139 
52148 52151 52151 52155 52155 52156 52157 52159 52180 52182 
52183 52185 52186 52188 52191 52192 52193 52203 52213 52220 
52221 52221 52232 52232 52239 52244 52261 52262 52281 52282 
52299 52299 52304 52311 52317 52317 52335 52338 52343 52347 
52349 52350 52354 52378 52392 52396 52400 52407 52411 52413 
52439 52439 52444 52445 52455 52457 52459 52461 52471 52471 
52474 52481 52486 52490 52495 52498 52501 52502 52503 52505 
52512 52516 52525 52530 52534 52534 52537 52544 52553 52555 
52556 52557 52559 52562 52564 52567 52571 52572 52574 52587 
52591 52599 52602 52604 52604 52609 52611 52629 52633 52634 
52637 52645 52653 52657 52670 52672 52682 52683 52686 52688 
52690 52692 52692 52699 52702 52709 52717 52722 52734 52739 
52740 52747 52750 52753 52755 52756 52757 52758 52763 52765 
52767 52776 52779 52780 52782 52784 52784 52787 52798 52802 
52821 52832 52832 52834 52835 52838 52847 52864 52880 52883 
52886 52887 52889 52902 52911 52913 52918 52922 52922 52927 
52927 52930 52931 52931 52934 52936 52940 52943 52943 52944 
52946 52947 52949 52950 52957 52966 52966 52968 52976 52984 
52990 52991 52991 52997 53000 53001 53007 53013 53018 53019 
53019 53025 53030 53031 53032 53036 53037 53038 53045 53047 
53047 53051 53058 53065 53078 53080 53081 53082 53086 53086 
53087 53100 53105 53106 53108 53109 53113 53114 53117 53133 
53134 53135 53147 53148 53150 53159 53161 53173 53184 53185 
53186 53191 53193 53194 53200 53204 53205 53208 53208 53211 
53212 53224 53229 53230 53231 53236 53239 53244 53250 53253 
53254 53283 53293 53300 53308 53314 53316 53317 53318 53321 
53322 53322 53341 53348 53349 53353 53353 53366 53367 53367 
53371 53379 53379 53386 53387 53394 53399 53404 53406 53407 
53408 53414 53420 53425 53433 53433 53434 53438 53438 53442 
53442 53461 53462 53467 53469 53471 53472 53473 53478 53478 
53488 53488 53499 53506 53507 53513 53514 53520 53525 53531 
53532 53538 53542 53543 53547 53555 53558 53559 53562 53563 
53572 53575 53575 53582 53586 53591 53598 53603 53614 53615 
53625 53625 53634 53636 53637 53641 53641 53651 53652 53654 
53673 53679 53688 53690 53691 53692 53702 53707 53707 53713 
53720 53724 53724 53739 53742 53743 53746 53749 53758 53771 
53773 53774 53776 53784 53796 53799 53800 53803 53825 53828 
53838 53844 53862 53864 53865 53866 53881 53883 53883 53884 
53886 53889 53889 53894 53895 53895 53907 53914 53914 53922 
53931 53932 53935 53938 53939 53945 53949 53953 53953 53955 
53956 53960 53962 53966 53967 53967 53968 53970 53989 53993 
53993 53994 54000 54000 54004 54005 54009 54014 54019 54021 
54024 54029 54030 54042 54042 54046 54051 54060 54062 54075 
54083 54100 54102 54117 54119 54125 54152 54154 54155 54175 
54182 54184 54191 54193 54200 54200 54206 54208 54213 54224 
54225 54243 54247 54261 54268 54273 54273 54286 54292 54293 
54301 54302 54307 54310 54317 54317 54321 54324 54327 54335 
54338 54339 54342 54343 54346 54353 54354 54356 54363 54364 
54373 54374 54377 54381 54384 54390 54394 54404 54420 54420 
54429 54432 54443 54445 54445 54457 54461 54464 54475 54480 
54497 54497 54498 54503 54503 54503 54508 54527 54536 54537 
54538 54539 54540 54553 54554 54556 54565 54583 54586 54591 
54604 54616 54616 54619 54621 54624 54627 54629 54634 54635 
54635 54640 54645 54646 54663 54664 54671 54681 54683 54684 
54688 54709 54709 54710 54712 54717 54721 54721 54725 54726 
54733 54734 54734 54744 54744 54756 54764 54770 54772 54773 
54774 54785 54790 54794 54795 54802 54805 54822 54825 54826 
54826 54826 54846 54853 54855 54860 54867 54868 54881 54883 
54884 54886 54889 54889 54906 54910 54911 54932 54938 54941 
54955 54962 54969 54989 54990 54994 55001 55016 55022 55026 
55031 55034 55037 55037 55041 55045 55046 55053 55054 55056 
55061 55095 55097 55100 55124 55127 55127 55133 55136 55136 
55152 55161 55162 55164 55174 55180 55181 55181 55184 55188 
55192 55195 55200 55203 55210 55210 55212 55213 55219 55224 
55230 55231 55234 55236 55238 55239 55249 55250 55253 55255 
55256 55257 55259 55259 55263 55267 55272 55274 55279 55280 
55280 55286 55287 55287 55292 55296 55298 55298 55303 55308 
55311 55315 55321 55325 55327 55346 55349 55359 55368 55369 
55375 55376 55377 55378 55385 55396 55398 55407 55430 55432 
55439 55446 55461 55474 55477 55478 55479 55484 55488 55491 
55498 55502 55503 55506 55511 55518 55521 55529 55534 55539 
55540 55559 55567 55570 55575 55581 55590 55591 55592 55595 
55597 55599 55600 55604 55604 55612 55622 55623 55631 55632 
55641 55644 55644 55647 55652 55656 55657 55666 55667 55669 
55685 55691 55691 55691 55713 55715 55735 55736 55740 55742 
55751 55759 55760 55770 55775 55775 55790 55793 55797 55799 
55806 55812 55815 55820 55822 55827 55847 55873 55880 55891 
55896 55899 55904 55908 55909 55913 55932 55936 55938 55939 
55945 55947 55950 55951 55953 55955 55959 55960 55966 55987 
55989 55991 55995 56007 56010 56016 56017 56018 56019 56024 
56026 56032 56036 56037 56042 56043 56046 56060 56063 56075 
56075 56088 56092 56093 56099 56107 56107 56108 56120 56123 
56126 56131 56135 56137 56139 56149 56152 56154 56154 56156 
56163 56163 56168 56171 56179 56184 56185 56187 56202 56203 
56205 56207 56234 56238 56246 56247 56249 56265 56267 56267 
56272 56283 56285 56291 56292 56293 56303 56304 56327 56331 
56338 56340 56341 56346 56347 56347 56377 56377 56385 56386 
56388 56389 56389 56392 56400 56403 56409 56421 56428 56436 
56442 56443 56444 56448 56477 56487 56499 56502 56508 56520 
56524 56547 56549 56550 56553 56555 56560 56561 56561 56564 
56570 56571 56583 56593 56594 56599 56601 56610 56624 56630 
56632 56633 56636 56639 56642 56649 56651 56654 56660 56661 
56667 56683 56697 56711 56713 56717 56721 56722 56727 56727 
56728 56739 56742 56749 56750 56756 56764 56778 56786 56789 
56791 56793 56794 56802 56807 56811 56813 56815 56824 56831 
56832 56844 56848 56854 56857 56857 56861 56863 56864 56865 
56873 56885 56896 56897 56903 56903 56917 56918 56925 56929 
56934 56942 56943 56947 56952 56953 56956 56957 56958 56963 
56964 56968 56971 56985 56985 56988 56991 56994 56995 57000 
57002 57003 57003 57005 57005 57014 57015 57018 57023 57023 
57032 57035 57037 57043 57048 57064 57072 57079 57079 57081 
57090 57091 57100 57101 57107 57108 57117 57118 57125 57127 
57128 57129 57134 57136 57139 57143 57157 57161 57164 57167 
57167 57171 57173 57176 57177 57189 57198 57207 57210 57212 
57217 57220 57230 57232 57233 57239 57243 57250 57250 57259 
57259 57261 57268 57273 57285 57285 57290 57327 57332 57344 
57351 57357 57358 57359 57361 57364 57365 57365 57367 57372 
57374 57380 57382 57383 57395 57407 57411 57431 57438 57439 
57439 57444 57444 57450 57453 57456 57459 57460 57461 57464 
57466 57468 57490 57495 57498 57498 57507 57509 57510 57522 
57526 57528 57528 57530 57535 57537 57538 57543 57546 57548 
57551 57563 57570 57577 57586 57590 57591 57593 57594 57594 
57603 57603 57609 57612 57629 57645 57646 57654 57659 57662 
57664 57668 57671 57676 57680 57684 57688 57691 57695 57713 
57721 57723 57740 57740 57744 57748 57753 57757 57764 57773 
57779 57793 57800 57801 57805 57845 57854 57863 57865 57874 
57889 57890 57895 57900 57902 57908 57915 57924 57925 57927 
57932 57938 57942 57942 57944 57957 57969 57973 57982 57983 
57989 57990 57993 57996 57997 58000 58006 58015 58019 58020 
58028 58030 58032 58032 58033 58038 58053 58054 58067 58081 
58086 58096 58123 58127 58128 58143 58144 58148 58151 58151 
58157 58157 58166 58166 58173 58195 58204 58208 58211 58224 
58230 58238 58239 58251 58254 58255 58263 58267 58269 58270 
58271 58283 58287 58304 58304 58311 58316 58321 58323 58329 
58333 58347 58351 58353 58358 58359 58375 58380 58381 58386 
58390 58393 58397 58399 58400 58404 58408 58414 58419 58420 
58434 58436 58439 58445 58449 58456 58459 58469 58482 58484 
58489 58498 58501 58504 58507 58511 58517 58526 58532 58532 
58543 58551 58560 58563 58564 58574 58574 58578 58578 58579 
58588 58593 58606 58608 58615 58627 58629 58632 58640 58641 
58647 58649 58659 58661 58665 58671 58672 58685 58704 58710 
58710 58710 58717 58720 58730 58739 58743 58756 58758 58760 
58763 58775 58778 58781 58786 58790 58795 58796 58798 58813 
58815 58816 58822 58831 58840 58841 58852 58863 58869 58873 
58876 58879 58887 58894 58902 58906 58913 58914 58917 58923 
58928 58940 58945 58967 58969 58971 58986 58989 59001 59003 
59008 59009 59015 59020 59022 59025 59040 59044 59045 59056 
59075 59075 59090 59098 59100 59109 59109 59114 59116 59117 
59123 59129 59134 59147 59169 59169 59170 59175 59176 59182 
59182 59183 59183 59187 59209 59214 59219 59227 59229 59232 
59233 59249 59251 59251 59257 59265 59268 59272 59273 59273 
59286 59289 59290 59296 59301 59309 59315 59316 59325 59327 
59329 59331 59334 59337 59339 59352 59358 59362 59364 59365 
59367 59370 59379 59386 59386 59391 59391 59392 59393 59398 
59401 59403 59406 59413 59415 59416 59423 59424 59429 59434 
59434 59441 59442 59445 59445 59462 59469 59471 59472 59479 
59479 59482 59493 59495 59501 59502 59506 59507 59508 59514 
59519 59521 59524 59539 59541 59542 59546 59553 59553 59566 
59567 59568 59568 59569 59574 59580 59594 59597 59601 59622 
59633 59643 59643 59645 59648 59656 59673 59674 59677 59683 
59697 59714 59718 59721 59739 59754 59755 59758 59763 59766 
59775 59775 59777 59777 59799 59807 59813 59813 59821 59822 
59829 59829 59830 59831 59839 59840 59842 59844 59844 59845 
59845 59856 59861 59872 59873 59896 59912 59912 59913 59921 
59931 59931 59940 59940 59943 59947 59954 59955 59969 59969 
59971 59971 59972 59974 59983 59987 59991 59996 59996 60000 
60004 60005 60017 60017 60023 60026 60029 60033 60034 60038 
60046 60056 60073 60080 60092 60094 60105 60111 60113 60120 
60128 60146 60150 60163 60174 60177 60182 60192 60200 60200 
60206 60209 60214 60231 60233 60258 60260 60263 60268 60272 
60274 60284 60291 60297 60298 60304 60307 60308 60317 60324 
60331 60343 60348 60355 60357 60358 60359 60361 60363 60366 
60391 60392 60393 60396 60397 60404 60412 60415 60418 60421 
60426 60428 60433 60444 60445 60445 60446 60456 60457 60465 
60465 60466 60473 60473 60478 60485 60492 60496 60497 60499 
60503 60522 60532 60548 60552 60565 60572 60573 60575 60580 
60580 60594 60595 60598 60600 60601 60607 60608 60613 60619 
60620 60620 60621 60623 60637 60649 60652 60653 60653 60657 
60658 60659 60666 60668 60674 60674 60679 60686 60690 60691 
60705 60730 60740 60746 60753 60757 60767 60770 60771 60772 
60775 60775 60776 60787 60788 60790 60797 60798 60798 60801 
60802 60803 60810 60831 60852 60856 60858 60862 60864 60871 
60877 60879 60885 60893 60895 60895 60902 60911 60916 60924 
60928 60930 60944 60946 60946 60949 60950 60958 60960 60962 
60964 60977 60979 60981 60983 60990 60990 60991 61002 61005 
61009 61010 61014 61018 61021 61024 61038 61040 61047 61052 
61058 61068 61079 61085 61097 61113 61115 61122 61126 61137 
61137 61146 61146 61149 61149 61156 61157 61160 61164 61173 
61179 61182 61186 61186 61186 61188 61190 61203 61205 61206 
61213 61215 61221 61224 61226 61234 61235 61236 61236 61239 
61245 61247 61252 61256 61257 61258 61261 61261 61261 61265 
61272 61273 61277 61282 61286 61286 61288 61298 61299 61303 
61307 61311 61312 61316 61322 61337 61348 61358 61371 61376 
61379 61379 61381 61386 61390 61392 61392 61402 61405 61448 
61451 61454 61457 61459 61460 61463 61464 61476 61479 61489 
61493 61498 61509 61512 61521 61522 61523 61528 61534 61538 
61546 61557 61557 61558 61577 61588 61602 61605 61619 61619 
61632 61637 61637 61651 61653 61655 61657 61665 61672 61703 
61706 61724 61733 61742 61742 61744 61750 61769 61778 61780 
61782 61787 61789 61792 61794 61798 61799 61802 61808 61810 
61813 61818 61820 61820 61823 61826 61830 61840 61846 61851 
61863 61874 61880 61882 61894 61894 61900 61925 61931 61933 
61934 61942 61953 61955 61957 61958 61960 61967 61968 61970 
61983 61984 61985 61987 61998 62011 62013 62021 62026 62033 
62036 62039 62040 62047 62048 62049 62053 62057 62070 62072 
62087 62091 62094 62098 62109 62112 62114 62118 62121 62129 
62130 62144 62154 62169 62179 62180 62180 62192 62194 62202 
62205 62211 62215 62218 62225 62227 62228 62228 62242 62247 
62255 62258 62279 62289 62292 62294 62302 62304 62305 62306 
62311 62311 62317 62342 62349 62351 62356 62356 62357 62360 
62363 62366 62369 62374 62378 62378 62379 62379 62380 62391 
62394 62401 62405 62407 62408 62415 62415 62419 62420 62421 
62424 62441 62443 62448 62451 62452 62454 62460 62467 62474 
62477 62479 62489 62499 62505 62505 62514 62522 62527 62530 
62534 62535 62538 62542 62542 62543 62544 62553 62555 62558 
62567 62567 62579 62581 62582 62583 62583 62586 62589 62591 
62593 62599 62628 62629 62631 62633 62637 62638 62639 62640 
62644 62649 62651 62663 62667 62676 62678 62679 62685 62685 
62687 62689 62689 62694 62695 62700 62700 62707 62713 62721 
62729 62730 62731 62741 62744 62747 62750 62753 62754 62756 
62758 62767 62785 62797 62799 62808 62812 62820 62832 62832 
62832 62833 62837 62840 62842 62844 62848 62849 62854 62872 
62873 62875 62878 62881 62899 62907 62910 62911 62914 62921 
62933 62935 62939 62955 62981 62989 62990 62994 63010 63013 
63017 63025 63037 63056 63062 63065 63069 63075 63076 63082 
63098 63102 63103 63114 63116 63116 63117 63124 63129 63134 
63143 63147 63152 63164 63166 63169 63172 63173 63175 63180 
63183 63184 63187 63190 63195 63196 63206 63209 63213 63222 
63229 63237 63237 63246 63249 63253 63254 63255 63271 63276 
63280 63280 63281 63283 63286 63290 63294 63298 63299 63300 
63329 63333 63334 63346 63347 63351 63352 63359 63365 63373 
63380 63380 63391 63401 63402 63407 63419 63422 63427 63430 
63433 63448 63460 63463 63465 63466 63468 63470 63470 63478 
63479 63486 63487 63500 63505 63507 63510 63514 63518 63521 
63525 63525 63525 63527 63528 63529 63535 63537 63543 63544 
63545 63550 63554 63568 63569 63575 63587 63589 63592 63592 
63593 63598 63601 63603 63607 63607 63623 63631 63640 63649 
63651 63656 63658 63658 63666 63670 63672 63677 63677 63678 
63690 63696 63702 63702 63705 63709 63734 63735 63740 63740 
63747 63748 63773 63774 63807 63816 63820 63821 63829 63831 
63840 63841 63843 63848 63859 63877 63879 63881 63885 63892 
63892 63901 63904 63906 63912 63916 63917 63921 63932 63935 
63937 63944 63958 63966 63970 63981 63991 63993 63998 63998 
64007 64007 64010 64014 64021 64022 64026 64031 64031 64036 
64043 64055 64061 64068 64072 64078 64079 64082 64087 64089 
64104 64119 64125 64130 64132 64133 64151 64151 64154 64154 
64159 64159 64160 64163 64170 64188 64190 64195 64195 64204 
64210 64218 64228 64229 64239 64240 64246 64247 64251 64254 
64258 64258 64261 64272 64306 64309 64315 64315 64316 64319 
64320 64321 64330 64335 64340 64341 64347 64356 64357 64358 
64360 64364 64366 64366 64367 64370 64375 64376 64378 64382 
64386 64395 64397 64400 64403 64407 64409 64414 64420 64421 
64422 64428 64434 64438 64441 64448 64449 64460 64463 64463 
64468 64477 64480 64487 64488 64492 64496 64497 64498 64499 
64509 64510 64526 64526 64529 64549 64554 64563 64571 64573 
64578 64583 64585 64586 64588 64592 64615 64618 64623 64626 
64634 64636 64640 64647 64666 64669 64669 64674 64686 64686 
64687 64690 64705 64714 64716 64717 64722 64734 64735 64745 
64754 64754 64756 64762 64762 64762 64763 64764 64767 64771 
64775 64777 64777 64778 64779 64780 64789 64795 64804 64808 
64809 64816 64826 64840 64854 64857 64858 64867 64878 64879 
64883 64887 64901 64905 64906 64907 64908 64913 64916 64916 
64922 64925 64944 64946 64953 64963 64966 64971 64974 64976 
64980 64982 64984 64986 64989 64990 64996 64997 64998 64999 
65001 65010 65010 65011 65011 65029 65030 65033 65036 65054 
65057 65065 65068 65073 65074 65078 65093 65095 65101 65105 
65105 65105 65107 65110 65112 65119 65120 65121 65132 65136 
65137 65141 65149 65152 65158 65167 65178 65178 65182 65184 
65186 65188 65193 65194 65204 65219 65225 65225 65226 65228 
65237 65239 65245 65248 65250 65252 65262 65262 65266 65270 
65276 65278 65280 65283 65292 65307 65315 65319 65329 65332 
65336 65358 65363 65381 65386 65399 65402 65405 65406 65409 
65412 65424 65436 65439 65448 65462 65476 65477 65480 65481 
65486 65493 65495 65495 65496 65497 65507 65512 65515 65524 
65528 65530 65542 65548 65554 65567 65577 65580 65581 65582 
65584 65585 65595 65608 65609 65610 65611 65617 65622 65623 
65632 65633 65636 65640 65645 65646 65654 65657 65659 65666 
65667 65673 65688 65694 65695 65706 65708 65715 65715 65717 
65735 65739 65739 65745 65749 65751 65753 65756 65758 65762 
65764 65766 65768 65769 65773 65777 65798 65799 65801 65802 
65804 65807 65809 65810 65816 65821 65829 65830 65843 65847 
65857 65868 65869 65876 65893 65897 65902 65904 65904 65913 
65914 65914 65916 65924 65925 65927 65944 65950 65961 65972 
65978 66003 66010 66014 66019 66021 66034 66036 66045 66058 
66063 66067 66072 66073 66080 66085 66103 66106 66109 66113 
66115 66117 66119 66122 66127 66140 66141 66146 66146 66156 
66157 66164 66167 66167 66172 66174 66182 66190 66209 66216 
66218 66223 66239 66246 66257 66260 66274 66275 66275 66275 
66282 66284 66287 66289 66292 66296 66298 66307 66311 66317 
66318 66333 66337 66345 66349 66352 66353 66369 66373 66375 
66378 66388 66390 66399 66400 66402 66407 66412 66415 66423 
66426 66429 66434 66437 66442 66447 66448 66450 66450 66459 
66466 66474 66482 66483 66485 66499 66504 66505 66515 66517 
66518 66519 66524 66528 66532 66534 66536 66544 66550 66562 
66567 66583 66587 66597 66599 66611 66614 66617 66620 66623 
66629 66630 66632 66640 66642 66647 66650 66650 66685 66687 
66688 66696 66707 66707 66716 66721 66727 66728 66729 66732 
66744 66760 66765 66766 66772 66773 66779 66781 66785 66786 
66790 66802 66811 66815 66816 66830 66834 66838 66848 66854 
66855 66868 66885 66885 66887 66899 66900 66912 66920 66922 
66933 66937 66939 66957 66961 66961 66965 66968 66969 66970 
66994 67001 67013 67015 67016 67021 67025 67026 67032 67032 
67035 67041 67044 67045 67048 67050 67054 67056 67063 67067 
67072 67079 67084 67086 67090 67091 67093 67104 67104 67109 
67109 67110 67112 67115 67124 67130 67135 67135 67137 67137 
67137 67153 67157 67160 67173 67174 67182 67190 67192 67199 
67200 67206 67217 67217 67230 67232 67234 67235 67245 67258 
67265 67273 67281 67287 67292 67292 67294 67301 67307 67317 
67317 67319 67327 67329 67330 67351 67361 67372 67378 67384 
67385 67388 67393 67398 67399 67402 67422 67428 67433 67433 
67439 67445 67446 67452 67452 67460 67476 67483 67484 67487 
67491 67498 67500 67504 67520 67520 67526 67527 67527 67533 
67536 67537 67539 67541 67542 67548 67555 67574 67578 67592 
67593 67594 67595 67596 67598 67598 67598 67604 67612 67612 
67612 67612 67615 67621 67634 67640 67647 67655 67657 67661 
67671 67673 67678 67678 67692 67695 67707 67717 67726 67727 
67728 67728 67734 67736 67743 67752 67767 67771 67780 67780 
67792 67795 67802 67811 67822 67823 67824 67825 67826 67827 
67833 67835 67836 67854 67861 67861 67874 67876 67877 67878 
67878 67882 67887 67895 67898 67902 67902 67902 67906 67907 
67913 67914 67919 67921 67922 67922 67930 67930 67935 67935 
67953 67956 67962 67968 67976 67976 67977 67983 67984 67989 
68004 68008 68010 68015 68022 68025 68040 68043 68049 68055 
68059 68062 68063 68063 68066 68072 68073 68074 68077 68079 
68093 68103 68106 68107 68112 68114 68114 68117 68137 68139 
68140 68144 68149 68149 68164 68165 68165 68165 68186 68200 
68208 68210 68219 68228 68247 68251 68252 68255 68258 68268 
68277 68278 68278 68279 68282 68283 68292 68292 68305 68306 
68309 68310 68316 68319 68325 68330 68331 68336 68337 68349 
68352 68354 68356 68367 68375 68386 68389 68395 68396 68398 
68399 68403 68410 68410 68414 68418 68421 68426 68428 68429 
68432 68445 68447 68453 68456 68460 68463 68464 68468 68474 
68480 68481 68483 68489 68493 68496 68500 68506 68524 68525 
68531 68535 68542 68543 68543 68544 68545 68551 68562 68565 
68584 68588 68591 68594 68600 68606 68608 68611 68623 68631 
68637 68638 68638 68640 68643 68650 68654 68661 68681 68683 
68698 68707 68709 68711 68712 68712 68716 68720 68720 68720 
68734 68749 68752 68757 68770 68774 68777 68777 68778 68782 
68785 68789 68791 68793 68796 68811 68817 68823 68827 68828 
68831 68836 68841 68842 68862 68863 68865 68877 68879 68885 
68889 68890 68894 68905 68908 68914 68919 68927 68928 68930 
68932 68938 68938 68939 68945 68963 68970 68984 68987 68990 
68997 68999 69001 69011 69015 69018 69023 69028 69033 69044 
69051 69053 69060 69062 69062 69065 69078 69078 69080 69081 
69088 69091 69093 69099 69104 69109 69110 69120 69124 69135 
69136 69140 69144 69160 69161 69162 69166 69166 69176 69182 
69185 69190 69190 69195 69197 69204 69220 69221 69226 69231 
69237 69257 69259 69259 69272 69279 69281 69282 69290 69292 
69295 69298 69301 69306 69308 69313 69318 69336 69345 69347 
69348 69352 69361 69363 69371 69372 69375 69376 69387 69393 
69396 69396 69399 69400 69402 69403 69406 69413 69413 69413 
69417 69421 69428 69431 69449 69458 69459 69462 69472 69473 
69487 69494 69500 69504 69508 69509 69515 69516 69520 69529 
69536 69543 69544 69550 69553 69562 69570 69598 69608 69611 
69615 69617 69625 69638 69661 69686 69689 69690 69690 69694 
69699 69710 69723 69726 69742 69742 69750 69768 69771 69772 
69776 69784 69790 69792 69801 69804 69804 69808 69813 69813 
69813 69816 69817 69818 69820 69820 69842 69846 69847 69848 
69857 69858 69884 69885 69889 69898 69905 69907 69909 69910 
69922 69925 69934 69936 69940 69942 69946 69961 69962 69963 
69973 69974 69976 69980 69986 69992 69995 69996 70001 70004 
70007 70011 70013 70025 70025 70031 70048 70057 70061 70080 
70082 70089 70090 70097 70100 70104 70105 70113 70126 70126 
70127 70132 70136 70137 70140 70149 70161 70162 70164 70166 
70173 70180 70187 70191 70204 70217 70217 70219 70219 70224 
70228 70230 70237 70237 70238 70257 70258 70262 70274 70278 
70290 70292 70292 70294 70297 70309 70312 70313 70322 70327 
70330 70332 70332 70336 70338 70341 70353 70358 70378 70380 
70398 70401 70405 70410 70412 70412 70413 70417 70418 70419 
70426 70427 70428 70428 70431 70435 70436 70438 70438 70445 
70447 70453 70455 70461 70462 70469 70469 70470 70477 70486 
70486 70486 70489 70489 70494 70495 70496 70497 70497 70501 
70503 70505 70507 70509 70512 70512 70513 70515 70516 70519 
70519 70520 70525 70535 70543 70559 70564 70566 70578 70580 
70589 70593 70597 70603 70603 70611 70618 70621 70633 70641 
70649 70657 70657 70658 70662 70664 70672 70673 70674 70674 
70684 70693 70703 70710 70714 70720 70728 70734 70735 70739 
70748 70748 70752 70754 70756 70757 70764 70776 70778 70795 
70799 70803 70804 70814 70827 70831 70838 70851 70858 70863 
70864 70867 70873 70874 70882 70884 70885 70889 70902 70905 
70905 70906 70906 70919 70919 70923 70924 70927 70931 70933 
70938 70947 70953 70954 70963 70971 70973 70974 70983 70985 
70989 70992 70993 70996 71012 71014 71017 71020 71021 71029 
71033 71043 71054 71059 71062 71067 71068 71071 71075 71077 
71077 71080 71101 71103 71107 71109 71115 71115 71120 71125 
71138 71140 71140 71141 71148 71158 71158 71159 71160 71162 
71180 71180 71183 71187 71190 71191 71194 71198 71203 71209 
71211 71218 71229 71231 71232 71234 71235 71241 71243 71243 
71244 71246 71246 71248 71252 71257 71258 71261 71265 71268 
71271 71272 71273 71283 71290 71291 71297 71299 71300 71311 
71321 71324 71335 71335 71350 71354 71355 71358 71362 71364 
71367 71374 71377 71382 71389 71395 71395 71397 71399 71407 
71408 71414 71414 71414 71415 71417 71418 71421 71424 71440 
71471 71473 71482 71487 71494 71502 71503 71508 71512 71526 
71533 71540 71547 71552 71574 71582 71587 71588 71593 71602 
71606 71607 71611 71623 71624 71633 71633 71639 71642 71644 
71644 71649 71652 71654 71657 71659 71661 71668 71675 71683 
71683 71684 71686 71694 71701 71701 71704 71705 71711 71716 
71722 71729 71743 71745 71752 71759 71759 71760 71766 71772 
71774 71783 71784 71786 71792 71799 71803 71805 71812 71813 
71816 71817 71820 71829 71838 71840 71841 71848 71849 71867 
71879 71880 71897 71901 71912 71912 71914 71927 71930 71930 
71944 71945 71965 71966 71967 71971 71978 71986 71991 72005 
72015 72024 72024 72043 72048 72049 72055 72058 72061 72061 
72068 72073 72081 72089 72090 72095 72105 72116 72116 72120 
72125 72134 72142 72143 72143 72144 72146 72153 72157 72164 
72165 72173 72177 72183 72200 72216 72222 72224 72225 72226 
72229 72230 72233 72240 72241 72246 72248 72251 72254 72257 
72257 72263 72264 72272 72272 72277 72294 72295 72297 72298 
72300 72303 72304 72304 72305 72308 72309 72316 72323 72343 
72349 72360 72362 72367 72373 72376 72378 72387 72389 72389 
72396 72399 72404 72405 72408 72412 72414 72423 72428 72431 
72432 72441 72442 72444 72445 72445 72457 72460 72462 72463 
72463 72464 72469 72471 72479 72483 72486 72488 72490 72493 
72494 72495 72505 72523 72523 72527 72529 72531 72533 72539 
72544 72563 72566 72577 72589 72590 72592 72598 72603 72605 
72629 72637 72642 72643 72645 72655 72662 72670 72670 72675 
72679 72682 72685 72688 72691 72718 72737 72738 72747 72748 
72759 72776 72779 72782 72787 72791 72798 72803 72804 72810 
72813 72827 72831 72832 72842 72846 72850 72865 72867 72875 
72887 72893 72894 72896 72903 72904 72906 72916 72920 72924 
72930 72933 72936 72940 72947 72951 72952 72959 72968 72969 
72975 72976 72993 72998 72998 73000 73017 73019 73022 73026 
73026 73026 73032 73047 73048 73066 73070 73074 73078 73081 
73086 73089 73090 73091 73115 73115 73116 73117 73119 73125 
73126 73127 73134 73135 73138 73140 73143 73145 73146 73155 
73156 73161 73172 73177 73177 73179 73181 73182 73188 73193 
73194 73195 73200 73208 73210 73211 73221 73222 73227 73244 
73256 73256 73257 73258 73259 73262 73264 73266 73272 73274 
73275 73286 73292 73298 73301 73301 73307 73314 73315 73318 
73321 73326 73328 73332 73341 73341 73347 73357 73361 73379 
73385 73405 73405 73410 73411 73423 73429 73442 73444 73453 
73455 73455 73456 73456 73461 73461 73465 73468 73469 73473 
73480 73481 73482 73491 73492 73497 73497 73498 73512 73512 
73513 73515 73517 73518 73523 73525 73532 73548 73552 73555 
73561 73571 73581 73587 73592 73602 73605 73608 73611 73613 
73642 73659 73662 73666 73673 73675 73676 73682 73688 73688 
73696 73701 73712 73714 73717 73721 73735 73741 73744 73748 
73760 73761 73763 73768 73794 73800 73802 73805 73806 73817 
73819 73826 73834 73835 73837 73842 73846 73857 73865 73866 
73873 73875 73887 73891 73892 73894 73906 73909 73913 73913 
73924 73929 73932 73944 73952 73959 73969 73986 73995 74003 
74007 74017 74018 74032 74034 74036 74046 74048 74050 74054 
74056 74060 74064 74080 74092 74092 74093 74100 74100 74121 
74133 74138 74141 74143 74147 74148 74151 74154 74162 74167 
74170 74180 74183 74191 74201 74205 74205 74213 74217 74223 
74235 74240 74247 74248 74251 74255 74257 74258 74259 74262 
74264 74268 74271 74273 74275 74280 74283 74299 74317 74318 
74334 74335 74342 74346 74347 74354 74354 74355 74359 74360 
74362 74362 74387 74389 74391 74391 74395 74396 74397 74401 
74401 74402 74403 74404 74409 74411 74412 74414 74417 74432 
74434 74437 74438 74447 74450 74451 74466 74478 74480 74484 
74485 74487 74498 74501 74501 74501 74502 74502 74513 74516 
74542 74545 74547 74548 74550 74551 74558 74558 74560 74566 
74575 74578 74590 74590 74602 74603 74610 74615 74628 74630 
74640 74648 74649 74654 74658 74658 74669 74669 74673 74680 
74681 74682 74685 74694 74694 74710 74714 74720 74723 74723 
74724 74728 74733 74735 74745 74747 74747 74749 74752 74759 
74772 74773 74777 74782 74783 74788 74790 74797 74802 74804 
74809 74811 74823 74823 74827 74840 74842 74848 74850 74856 
74857 74863 74868 74882 74892 74892 74893 74894 74896 74903 
74907 74910 74911 74913 74914 74916 74919 74920 74930 74949 
74955 74957 74972 74987 75005 75007 75011 75023 75024 75026 
75030 75032 75032 75035 75040 75056 75057 75063 75071 75073 
75078 75087 75092 75093 75102 75103 75104 75104 75106 75108 
75120 75123 75125 75133 75133 75136 75137 75139 75140 75156 
75159 75159 75160 75161 75167 75170 75175 75183 75200 75200 
75204 75207 75212 75214 75219 75221 75237 75239 75241 75243 
75247 75251 75251 75252 75253 75263 75263 75269 75274 75287 
75293 75297 75304 75326 75328 75329 75332 75333 75338 75354 
75358 75361 75375 75392 75418 75424 75431 75432 75444 75445 
75446 75450 75471 75472 75475 75489 75497 75505 75507 75507 
75509 75511 75533 75534 75541 75550 75551 75552 75557 75557 
75558 75562 75569 75570 75574 75577 75581 75588 75593 75594 
75598 75604 75604 75605 75606 75606 75612 75613 75618 75622 
75639 75645 75646 75647 75662 75672 75679 75686 75694 75695 
75704 75708 75712 75722 75727 75732 75732 75740 75741 75745 
75751 75752 75755 75759 75770 75776 75781 75784 75788 75798 
75811 75812 75821 75823 75825 75827 75835 75841 75846 75848 
75848 75856 75860 75870 75871 75876 75880 75882 75884 75887 
75893 75898 75908 75912 75912 75916 75926 75958 75958 75972 
75977 75983 75983 75989 75992 75992 75994 76006 76014 76028 
76035 76051 76058 76060 76069 76070 76072 76079 76079 76079 
76082 76083 76083 76084 76086 76086 76093 76094 76096 76131 
76132 76136 76139 76141 76149 76154 76158 76158 76161 76167 
76169 76169 76176 76196 76197 76197 76200 76209 76210 76226 
76230 76242 76245 76250 76256 76258 76286 76288 76289 76303 
76305 76306 76317 76349 76350 76350 76353 76360 76360 76361 
76380 76380 76396 76398 76408 76409 76416 76421 76425 76435 
76440 76457 76473 76474 76478 76484 76485 76489 76505 76510 
76524 76528 76530 76532 76541 76543 76554 76555 76555 76557 
76559 76570 76575 76579 76590 76594 76595 76601 76604 76622 
76627 76631 76637 76644 76645 76652 76661 76667 76675 76675 
76677 76681 76692 76698 76702 76712 76719 76723 76724 76724 
76726 76731 76741 76749 76753 76771 76773 76777 76782 76785 
76786 76791 76793 76797 76797 76798 76800 76803 76803 76809 
76810 76817 76817 76824 76825 76833 76835 76837 76844 76850 
76851 76860 76862 76862 76862 76869 76869 76876 76882 76883 
76888 76904 76904 76904 76906 76906 76913 76916 76919 76919 
76931 76934 76938 76941 76945 76949 76960 76969 76970 76974 
76974 76987 76990 77002 77003 77004 77008 77011 77014 77018 
77024 77026 77032 77036 77037 77041 77044 77047 77048 77049 
77050 77052 77064 77084 77084 77087 77095 77105 77119 77125 
77144 77147 77149 77149 77156 77159 77163 77165 77168 77173 
77175 77180 77180 77184 77189 77191 77196 77201 77201 77203 
77210 77212 77213 77213 77213 77218 77219 77223 77223 77229 
77231 77237 77240 77242 77244 77249 77252 77261 77264 77265 
77265 77271 77286 77296 77305 77306 77316 77317 77324 77324 
77329 77334 77334 77335 77339 77342 77347 77347 77347 77348 
77350 77358 77358 77360 77361 77372 77376 77380 77389 77390 
77401 77401 77403 77408 77408 77431 77431 77439 77441 77445 
77450 77454 77460 77487 77488 77488 77490 77493 77510 77510 
77516 77538 77541 77542 77546 77553 77555 77564 77580 77581 
77594 77596 77600 77602 77605 77606 77607 77608 77616 77626 
77630 77635 77636 77639 77644 77646 77655 77656 77665 77669 
77676 77687 77688 77693 77697 77700 77701 77706 77706 77706 
77708 77714 77715 77726 77727 77741 77743 77749 77763 77765 
77768 77776 77777 77779 77782 77787 77788 77788 77789 77794 
77798 77799 77800 77800 77803 77813 77819 77822 77826 77833 
77841 77841 77844 77844 77848 77856 77857 77864 77865 77873 
77880 77884 77890 77891 77892 77893 77895 77898 77903 77915 
77925 77929 77930 77932 77939 77939 77940 77942 77942 77942 
77943 77945 77956 77959 77960 77967 77984 77986 77989 78001 
78004 78013 78030 78032 78032 78034 78035 78036 78038 78042 
78052 78065 78065 78066 78071 78072 78072 78078 78079 78087 
78087 78089 78089 78091 78105 78109 78109 78110 78117 78124 
78135 78140 78144 78145 78150 78155 78156 78159 78170 78171 
78175 78190 78193 78196 78198 78200 78209 78211 78211 78216 
78221 78225 78227 78228 78231 78234 78239 78248 78253 78257 
78261 78263 78268 78270 78275 78286 78288 78289 78293 78294 
78296 78300 78305 78306 78312 78312 78313 78320 78325 78326 
78328 78334 78334 78335 78336 78348 78352 78356 78374 78398 
78402 78448 78457 78466 78475 78476 78477 78485 78486 78491 
78499 78505 78506 78510 78511 78515 78517 78525 78527 78532 
78536 78538 78542 78543 78552 78560 78568 78568 78571 78575 
78575 78584 78588 78607 78608 78609 78610 78616 78616 78617 
78619 78622 78639 78645 78648 78663 78666 78666 78670 78673 
78679 78683 78704 78705 78708 78710 78720 78721 78721 78721 
78731 78735 78738 78740 78744 78746 78759 78764 78766 78768 
78769 78771 78771 78772 78775 78775 78780 78781 78782 78783 
78798 78806 78807 78807 78808 78820 78821 78823 78826 78827 
78843 78855 78873 78879 78881 78889 78899 78900 78902 78906 
78906 78919 78930 78931 78932 78933 78939 78940 78942 78945 
78946 78947 78949 78960 78969 78975 78979 78980 78983 78984 
78985 78988 78991 78991 78995 78998 79001 79013 79018 79029 
79034 79038 79039 79040 79042 79058 79059 79067 79067 79068 
79089 79105 79105 79108 79114 79115 79124 79135 79151 79154 
79155 79159 79161 79166 79170 79171 79179 79184 79187 79187 
79188 79205 79211 79213 79215 79218 79218 79218 79222 79229 
79232 79233 79246 79248 79250 79251 79252 79262 79265 79265 
79277 79279 79284 79286 79287 79293 79315 79322 79324 79325 
79331 79335 79343 79347 79347 79350 79351 79353 79357 79361 
79370 79379 79382 79386 79386 79390 79396 79397 79401 79417 
79425 79428 79442 79449 79451 79452 79456 79457 79460 79466 
79468 79468 79471 79482 79488 79490 79497 79501 79507 79520 
79523 79527 79527 79529 79530 79533 79533 79535 79539 79540 
79551 79554 79558 79570 79576 79580 79584 79595 79595 79595 
79598 79603 79611 79623 79624 79625 79626 79629 79629 79640 
79642 79643 79644 79648 79649 79651 79654 79659 79661 79664 
79667 79668 79671 79678 79681 79681 79688 79689 79699 79713 
79713 79714 79723 79726 79735 79738 79742 79746 79748 79757 
79759 79773 79779 79780 79780 79786 79790 79794 79794 79804 
79805 79808 79809 79810 79818 79845 79852 79853 79854 79863 
79864 79865 79868 79871 79872 79875 79875 79881 79899 79906 
79909 79918 79920 79923 79930 79931 79940 79941 79949 79959 
79965 79973 79978 79984 79995 80000 80001 80002 80005 80019 
80024 80029 80033 80039 80041 80042 80057 80058 80070 80073 
80076 80080 80082 80086 80093 80095 80096 80096 80100 80101 
80102 80108 80110 80129 80133 80135 80135 80137 80140 80147 
80151 80154 80154 80154 80167 80182 80186 80188 80196 80220 
80221 80226 80229 80239 80241 80245 80250 80259 80260 80261 
80262 80265 80266 80271 80275 80276 80276 80281 80282 80282 
80283 80288 80289 80295 80297 80300 80304 80307 80316 80318 
80321 80324 80335 80348 80350 80355 80357 80361 80364 80370 
80374 80375 80384 80386 80386 80389 80395 80399 80401 80403 
80409 80421 80426 80427 80428 80429 80429 80432 80438 80444 
80448 80456 80459 80462 80463 80480 80490 80492 80495 80499 
80499 80499 80507 80508 80511 80518 80520 80520 80520 80524 
80526 80531 80535 80541 80544 80545 80555 80560 80560 80564 
80574 80583 80591 80596 80607 80607 80616 80621 80622 80622 
80635 80637 80641 80641 80651 80653 80655 80663 80664 80664 
80665 80674 80678 80684 80684 80685 80686 80710 80714 80716 
80723 80735 80745 80749 80749 80749 80750 80754 80762 80770 
80770 80772 80777 80781 80782 80793 80794 80804 80811 80825 
80829 80843 80850 80854 80855 80876 80882 80882 80882 80883 
80893 80896 80899 80900 80927 80930 80937 80939 80941 80970 
80971 80972 80992 80995 81004 81030 81034 81042 81049 81051 
81052 81057 81058 81067 81072 81073 81083 81085 81096 81097 
81099 81113 81114 81115 81120 81121 81134 81149 81151 81153 
81161 81177 81180 81186 81189 81190 81192 81194 81195 81206 
81212 81217 81221 81221 81241 81245 81247 81254 81257 81257 
81258 81267 81268 81273 81277 81281 81284 81295 81297 81305 
81323 81344 81344 81344 81348 81349 81355 81358 81361 81382 
81389 81396 81400 81402 81405 81406 81410 81415 81416 81421 
81422 81430 81432 81437 81454 81460 81472 81475 81480 81484 
81489 81504 81507 81509 81513 81526 81530 81536 81538 81541 
81545 81553 81560 81560 81564 81591 81593 81602 81605 81606 
81608 81620 81621 81624 81625 81628 81638 81643 81646 81664 
81665 81670 81670 81672 81672 81679 81681 81690 81695 81703 
81705 81709 81718 81719 81721 81735 81755 81769 81769 81771 
81774 81780 81785 81790 81792 81796 81799 81799 81799 81808 
81832 81832 81834 81838 81848 81855 81855 81863 81863 81868 
81890 81894 81896 81910 81911 81921 81926 81942 81944 81953 
81954 81954 81955 81956 81958 81959 81963 81973 81977 81989 
81996 82007 82010 82011 82016 82037 82042 82050 82051 82051 
82056 82058 82062 82062 82071 82071 82084 82087 82097 82100 
82109 82123 82126 82128 82157 82157 82163 82169 82170 82173 
82181 82181 82181 82183 82184 82184 82188 82190 82201 82209 
82209 82221 82231 82232 82250 82252 82253 82265 82273 82275 
82285 82285 82299 82301 82331 82332 82339 82351 82364 82365 
82375 82376 82377 82378 82380 82392 82392 82394 82431 82435 
82443 82443 82444 82457 82458 82458 82467 82473 82474 82477 
82483 82489 82499 82503 82506 82508 82510 82511 82512 82524 
82540 82543 82548 82549 82553 82554 82557 82562 82567 82568 
82569 82574 82584 82587 82595 82602 82607 82607 82609 82624 
82627 82629 82640 82652 82653 82657 82657 82661 82664 82668 
82677 82679 82681 82694 82702 82702 82711 82713 82714 82714 
82721 82727 82730 82736 82736 82744 82745 82746 82749 82769 
82771 82773 82777 82785 82791 82797 82800 82807 82833 82833 
82836 82839 82840 82845 82851 82854 82857 82860 82860 82866 
82883 82904 82913 82916 82919 82922 82924 82926 82938 82945 
82945 82947 82948 82954 82972 82982 82992 82994 83002 83019 
83026 83026 83027 83028 83037 83052 83065 83067 83068 83068 
83071 83073 83074 83075 83081 83084 83092 83096 83098 83104 
83106 83112 83116 83118 83125 83126 83127 83128 83129 83130 
83144 83144 83148 83149 83151 83151 83164 83169 83179 83183 
83187 83188 83190 83192 83195 83199 83215 83217 83217 83219 
83224 83227 83230 83245 83253 83258 83259 83273 83275 83277 
83283 83283 83285 83292 83301 83315 83318 83322 83330 83330 
83335 83341 83341 83344 83354 83357 83360 83360 83368 83377 
83378 83379 83384 83391 83392 83396 83399 83404 83409 83414 
83415 83416 83425 83429 83434 83442 83447 83447 83454 83462 
83468 83468 83469 83472 83481 83485 83499 83502 83505 83505 
83506 83508 83510 83511 83511 83519 83521 83524 83526 83535 
83535 83537 83544 83545 83545 83548 83554 83554 83564 83564 
83571 83575 83581 83581 83587 83594 83594 83606 83614 83617 
83619 83620 83620 83629 83640 83646 83648 83652 83652 83670 
83674 83687 83692 83697 83698 83699 83708 83711 83713 83718 
83719 83719 83724 83729 83731 83740 83741 83745 83750 83750 
83755 83756 83764 83771 83772 83773 83774 83778 83783 83786 
83807 83817 83820 83824 83826 83828 83836 83842 83843 83844 
83855 83861 83863 83864 83882 83886 83887 83889 83895 83897 
83906 83911 83913 83920 83922 83934 83935 83936 83937 83940 
83944 83952 83956 83959 83964 83966 83968 83991 83992 83992 
83996 84004 84005 84024 84027 84030 84033 84035 84049 84052 
84053 84054 84055 84064 84066 84068 84070 84071 84075 84091 
84092 84092 84104 84108 84112 84115 84121 84134 84137 84146 
84158 84160 84170 84186 84190 84190 84192 84203 84207 84215 
84218 84235 84255 84272 84275 84280 84283 84290 84292 84293 
84296 84299 84303 84317 84320 84321 84323 84324 84329 84330 
84331 84338 84343 84347 84350 84352 84353 84357 84362 84366 
84369 84369 84376 84380 84382 84383 84390 84399 84399 84400 
84400 84413 84414 84414 84426 84426 84449 84451 84451 84453 
84456 84457 84466 84477 84482 84491 84492 84493 84500 84501 
84509 84510 84512 84512 84512 84516 84518 84521 84527 84528 
84531 84533 84538 84541 84546 84547 84553 84566 84569 84576 
84580 84582 84584 84586 84589 84595 84603 84609 84609 84614 
84618 84625 84628 84630 84631 84631 84648 84649 84652 84657 
84661 84665 84669 84674 84675 84677 84682 84694 84694 84710 
84713 84732 84734 84743 84749 84769 84776 84780 84787 84791 
84797 84799 84801 84804 84809 84809 84815 84816 84825 84828 
84829 84830 84831 84840 84848 84848 84848 84858 84863 84865 
84866 84870 84871 84874 84886 84891 84900 84903 84908 84910 
84911 84914 84919 84921 84942 84953 84962 84963 84965 84971 
84975 84981 84985 84989 84992 84995 84996 84998 84999 85006 
85009 85011 85014 85019 85021 85021 85027 85028 85028 85038 
85039 85041 85044 85047 85047 85052 85059 85067 85069 85076 
85078 85079 85082 85086 85095 85096 85098 85099 85101 85102 
85105 85110 85117 85128 85129 85130 85137 85144 85145 85148 
85153 85153 85157 85168 85183 85191 85199 85201 85202 85202 
85204 85208 85217 85224 85231 85234 85239 85241 85245 85252 
85257 85260 85262 85264 85277 85282 85287 85289 85305 85306 
85315 85322 85326 85327 85330 85333 85338 85339 85340 85345 
85352 85361 85367 85368 85369 85371 85371 85378 85382 85385 
85386 85389 85393 85408 85415 85416 85418 85425 85428 85430 
85433 85443 85446 85460 85462 85468 85492 85495 85503 85506 
85523 85524 85535 85536 85546 85548 85551 85560 85565 85565 
85580 85584 85585 85586 85589 85591 85598 85620 85625 85646 
85649 85654 85665 85670 85671 85700 85701 85707 85714 85719 
85731 85732 85742 85746 85760 85765 85765 85769 85770 85776 
85779 85784 85787 85787 85788 85799 85802 85806 85813 85825 
85828 85832 85832 85855 85874 85879 85884 85887 85888 85894 
85904 85907 85915 85917 85921 85927 85941 85944 85944 85945 
85955 85961 85966 85985 85986 85987 85987 85994 86005 86006 
86015 86020 86026 86026 86028 86030 86036 86038 86042 86046 
86049 86053 86057 86062 86078 86103 86108 86110 86121 86124 
86127 86131 86137 86139 86145 86156 86165 86171 86183 86187 
86188 86192 86195 86198 86199 86199 86209 86209 86217 86218 
86218 86226 86229 86236 86246 86246 86253 86253 86260 86263 
86268 86270 86281 86292 86294 86299 86300 86301 86307 86321 
86321 86328 86331 86333 86339 86349 86354 86360 86369 86370 
86372 86374 86385 86387 86388 86400 86405 86406 86410 86412 
86416 86421 86422 86435 86445 86446 86451 86459 86465 86474 
86475 86477 86478 86496 86504 86504 86512 86513 86516 86520 
86530 86532 86533 86534 86535 86545 86551 86567 86569 86580 
86589 86599 86603 86609 86613 86613 86623 86634 86638 86653 
86659 86659 86677 86679 86682 86685 86710 86710 86711 86711 
86712 86732 86742 86746 86751 86755 86759 86778 86779 86781 
86785 86794 86801 86802 86802 86804 86811 86815 86821 86823 
86826 86833 86833 86833 86838 86843 86844 86849 86849 86850 
86856 86871 86878 86881 86890 86904 86907 86907 86923 86928 
86937 86939 86944 86944 86956 86964 86975 86975 86982 86985 
86987 86987 86993 86994 86997 87000 87001 87009 87010 87012 
87013 87016 87018 87028 87028 87031 87032 87044 87050 87052 
87078 87080 87080 87093 87095 87099 87104 87106 87108 87113 
87114 87119 87124 87130 87144 87150 87150 87154 87159 87165 
87175 87184 87187 87187 87189 87195 87200 87208 87209 87210 
87211 87212 87214 87225 87226 87228 87233 87234 87248 87253 
87269 87272 87274 87276 87279 87280 87300 87312 87313 87321 
87326 87326 87327 87337 87339 87339 87341 87342 87361 87362 
87363 87364 87378 87383 87387 87403 87405 87412 87415 87417 
87421 87426 87437 87448 87448 87455 87457 87462 87465 87471 
87473 87473 87480 87483 87495 87496 87497 87504 87504 87505 
87508 87518 87518 87523 87531 87537 87542 87551 87561 87565 
87570 87576 87584 87591 87592 87592 87593 87597 87597 87603 
87606 87610 87613 87618 87656 87662 87669 87670 87671 87674 
87676 87678 87687 87688 87689 87695 87695 87697 87698 87698 
87699 87703 87706 87714 87727 87736 87738 87746 87761 87768 
87780 87786 87788 87789 87797 87798 87801 87803 87809 87810 
87814 87814 87816 87817 87820 87825 87832 87840 87841 87843 
87845 87847 87848 87853 87858 87861 87864 87874 87879 87880 
87881 87891 87897 87897 87898 87908 87911 87913 87913 87924 
87930 87937 87940 87943 87944 87946 87948 87948 87956 87958 
87967 87970 87974 87975 87975 87978 87990 87992 87994 87998 
87999 88004 88009 88012 88033 88034 88045 88049 88049 88049 
88067 88067 88069 88070 88070 88070 88071 88089 88092 88103 
88115 88119 88128 88141 88148 88148 88149 88152 88154 88156 
88160 88160 88161 88163 88179 88179 88188 88192 88195 88196 
88210 88212 88217 88220 88223 88231 88233 88235 88238 88240 
88247 88247 88249 88266 88278 88282 88305 88306 88310 88311 
88318 88320 88326 88327 88331 88340 88341 88350 88365 88366 
88368 88380 88382 88382 88383 88384 88387 88395 88396 88405 
88409 88411 88428 88442 88446 88449 88452 88454 88455 88463 
88479 88483 88486 88513 88514 88522 88523 88524 88525 88540 
88544 88545 88545 88561 88568 88576 88577 88592 88593 88603 
88613 88614 88618 88623 88640 88641 88647 88647 88649 88650 
88662 88668 88668 88669 88670 88671 88682 88684 88685 88686 
88689 88691 88703 88704 88710 88721 88723 88735 88736 88739 
88739 88760 88765 88777 88778 88780 88787 88800 88805 88808 
88828 88833 88836 88838 88843 88847 88848 88849 88850 88869 
88870 88872 88875 88878 88880 88885 88885 88892 88895 88898 
88901 88909 88921 88921 88924 88929 88930 88943 88950 88961 
88967 88968 88976 88978 88981 88982 88985 88988 88990 88993 
88995 88996 88998 88998 89000 89020 89020 89023 89029 89031 
89034 89038 89041 89054 89055 89061 89063 89069 89079 89094 
89100 89102 89103 89112 89119 89125 89132 89134 89134 89137 
89138 89141 89143 89144 89151 89153 89154 89156 89163 89168 
89169 89169 89171 89178 89187 89196 89200 89202 89207 89213 
89226 89227 89227 89234 89235 89237 89241 89242 89248 89252 
89253 89255 89278 89289 89295 89306 89308 89313 89315 89318 
89323 89324 89334 89340 89340 89341 89344 89359 89367 89370 
89390 89402 89413 89423 89423 89427 89440 89443 89453 89454 
89455 89456 89458 89465 89467 89470 89472 89473 89476 89479 
89483 89496 89502 89511 89519 89538 89541 89542 89545 89557 
89559 89563 89566 89568 89574 89576 89577 89580 89585 89587 
89589 89591 89602 89609 89619 89623 89623 89624 89633 89647 
89648 89653 89654 89658 89664 89667 89669 89674 89686 89692 
89697 89697 89700 89704 89712 89717 89721 89727 89737 89740 
89743 89746 89750 89752 89754 89758 89764 89768 89780 89789 
89790 89790 89796 89797 89797 89800 89813 89814 89817 89821 
89822 89826 89829 89837 89843 89855 89860 89861 89862 89866 
89869 89872 89881 89891 89894 89921 89923 89928 89933 89934 
89935 89943 89947 89951 89963 89983 89986 89990 90005 90011 
90014 90025 90025 90027 90030 90034 90035 90036 90037 90047 
90048 90051 90054 90056 90056 90057 90064 90078 90079 90086 
90088 90090 90101 90109 90110 90116 90117 90123 90127 90130 
90132 90134 90141 90145 90146 90148 90156 90157 90159 90160 
90164 90165 90166 90180 90181 90188 90191 90217 90218 90220 
90222 90223 90234 90242 90244 90262 90263 90285 90289 90289 
90294 90297 90298 90301 90302 90312 90315 90335 90338 90343 
90344 90352 90358 90358 90358 90359 90363 90367 90369 90375 
90377 90380 90381 90400 90408 90411 90417 90418 90418 90420 
90423 90423 90423 90431 90435 90440 90440 90448 90453 90454 
90459 90460 90470 90474 90476 90476 90484 90487 90490 90495 
90506 90514 90525 90527 90532 90535 90539 90546 90548 90558 
90559 90561 90563 90564 90565 90566 90568 90574 90576 90578 
90580 90589 90592 90595 90597 90600 90606 90608 90610 90612 
90616 90620 90627 90637 90644 90652 90663 90673 90678 90679 
90680 90686 90689 90694 90695 90699 90701 90702 90708 90710 
90719 90719 90728 90734 90744 90751 90751 90755 90761 90775 
90779 90780 90781 90789 90789 90791 90805 90810 90816 90827 
90829 90840 90845 90847 90849 90849 90851 90861 90871 90872 
90880 90884 90892 90896 90897 90899 90912 90915 90918 90944 
90946 90947 90966 90966 90970 90977 90981 90984 90985 90986 
90989 90992 91021 91029 91031 91032 91034 91035 91041 91044 
91048 91066 91068 91071 91075 91078 91082 91084 91088 91092 
91095 91097 91100 91101 91101 91116 91118 91122 91135 91137 
91141 91146 91149 91151 91154 91163 91167 91168 91170 91175 
91179 91179 91190 91203 91211 91218 91223 91230 91232 91233 
91236 91251 91261 91263 91264 91264 91266 91272 91272 91274 
91275 91275 91283 91284 91286 91287 91289 91295 91297 91304 
91306 91306 91307 91314 91319 91319 91322 91323 91326 91338 
91352 91353 91374 91376 91378 91380 91396 91398 91415 91421 
91425 91426 91427 91431 91440 91440 91447 91453 91458 91459 
91467 91471 91476 91480 91480 91481 91482 91483 91491 91492 
91494 91504 91507 91514 91516 91522 91530 91539 91542 91552 
91570 91575 91586 91597 91598 91601 91608 91610 91619 91639 
91641 91655 91656 91659 91661 91662 91669 91670 91672 91672 
91672 91679 91680 91682 91689 91692 91693 91699 91702 91702 
91707 91709 91709 91709 91710 91722 91761 91765 91779 91784 
91790 91797 91798 91802 91810 91814 91817 91828 91828 91828 
91832 91840 91841 91844 91848 91851 91859 91869 91893 91894 
91898 91907 91916 91919 91920 91926 91939 91940 91941 91961 
91964 91967 91968 91981 91981 91987 91987 91989 91997 91998 
92001 92004 92006 92006 92011 92012 92022 92026 92026 92028 
92036 92039 92047 92051 92053 92068 92074 92076 92077 92081 
92083 92084 92085 92102 92115 92126 92126 92128 92129 92139 
92144 92153 92154 92157 92159 92161 92166 92167 92169 92170 
92173 92179 92189 92190 92194 92199 92203 92204 92205 92208 
92216 92226 92227 92231 92235 92241 92245 92246 92265 92274 
92277 92281 92282 92283 92285 92286 92288 92289 92294 92295 
92296 92297 92299 92299 92306 92308 92311 92311 92322 92322 
92333 92334 92343 92352 92353 92356 92357 92363 92366 92371 
92372 92376 92379 92381 92390 92398 92401 92407 92412 92417 
92418 92419 92487 92489 92492 92507 92508 92520 92535 92539 
92550 92552 92554 92580 92580 92584 92587 92592 92598 92602 
92609 92610 92618 92627 92628 92630 92640 92640 92653 92656 
92656 92658 92666 92669 92671 92674 92676 92679 92679 92684 
92687 92702 92704 92712 92713 92719 92720 92729 92730 92734 
92740 92741 92745 92745 92756 92782 92788 92796 92803 92803 
92809 92811 92811 92813 92818 92822 92825 92827 92832 92838 
92841 92843 92846 92846 92859 92860 92865 92870 92871 92872 
92876 92877 92877 92882 92885 92887 92889 92916 92916 92921 
92921 92924 92925 92926 92934 92936 92937 92942 92944 92948 
92951 92954 92954 92956 92963 92966 92972 92974 92975 92979 
92980 92985 92986 92987 92991 92993 92993 93000 93002 93012 
93015 93018 93026 93030 93030 93038 93058 93067 93068 93069 
93073 93074 93079 93080 93084 93085 93085 93090 93095 93104 
93107 93109 93110 93114 93119 93128 93140 93142 93144 93145 
93147 93148 93149 93150 93169 93171 93185 93187 93193 93196 
93199 93200 93219 93220 93221 93234 93254 93254 93254 93257 
93262 93273 93273 93281 93289 93297 93298 93302 93302 93302 
93327 93334 93335 93337 93346 93350 93350 93353 93357 93358 
93361 93372 93375 93383 93392 93396 93398 93399 93410 93413 
93426 93430 93431 93435 93438 93442 93444 93445 93445 93454 
93457 93460 93461 93468 93470 93473 93473 93490 93492 93495 
93495 93499 93504 93509 93509 93529 93533 93537 93544 93549 
93551 93553 93556 93567 93579 93582 93594 93599 93608 93609 
93622 93627 93649 93652 93656 93656 93657 93657 93658 93663 
93665 93681 93688 93691 93695 93697 93704 93707 93708 93715 
93717 93729 93736 93750 93752 93757 93760 93760 93773 93773 
93782 93793 93797 93801 93804 93811 93823 93823 93837 93838 
93840 93844 93845 93850 93852 93854 93856 93864 93865 93869 
93874 93875 93879 93879 93885 93905 93909 93910 93910 93913 
93915 93921 93923 93927 93927 93930 93932 93932 93934 93942 
93947 93949 93951 93958 93959 93960 93961 93964 93969 93969 
93970 93976 93985 93987 93990 93993 93995 94004 94005 94008 
94008 94014 94045 94050 94053 94055 94057 94060 94066 94072 
94076 94078 94079 94100 94110 94123 94124 94125 94128 94129 
94130 94132 94143 94155 94156 94161 94166 94171 94190 94193 
94193 94195 94208 94208 94210 94210 94218 94219 94220 94227 
94228 94229 94232 94238 94239 94251 94252 94254 94259 94261 
94262 94264 94265 94265 94266 94269 94270 94284 94285 94287 
94298 94298 94300 94312 94321 94322 94327 94328 94339 94347 
94348 94352 94355 94373 94373 94385 94386 94394 94402 94415 
94423 94433 94443 94444 94451 94455 94459 94463 94466 94472 
94477 94482 94486 94500 94513 94522 94522 94524 94527 94528 
94531 94538 94541 94549 94556 94558 94573 94574 94576 94576 
94604 94607 94612 94619 94622 94622 94627 94636 94636 94640 
94646 94652 94653 94657 94657 94658 94660 94663 94674 94678 
94684 94705 94705 94714 94716 94718 94729 94730 94733 94736 
94737 94738 94747 94747 94748 94756 94757 94762 94769 94771 
94773 94774 94777 94787 94788 94790 94792 94806 94811 94814 
94816 94823 94830 94830 94830 94833 94834 94834 94841 94846 
94852 94856 94858 94864 94869 94872 94873 94873 94884 94885 
94885 94892 94906 94907 94907 94909 94912 94919 94920 94927 
94928 94931 94932 94932 94943 94953 94963 94966 94967 94980 
94995 95005 95012 95016 95024 95034 95040 95045 95060 95062 
95067 95073 95077 95093 95095 95095 95097 95108 95110 95117 
95123 95128 95129 95129 95130 95134 95135 95136 95141 95143 
95153 95158 95162 95175 95175 95177 95178 95187 95189 95195 
95201 95201 95204 95214 95214 95216 95218 95224 95237 95241 
95257 95260 95270 95278 95283 95287 95289 95301 95301 95302 
95307 95311 95312 95312 95313 95318 95326 95349 95351 95357 
95358 95358 95359 95360 95387 95389 95392 95392 95396 95402 
95405 95417 95419 95428 95430 95430 95441 95442 95443 95448 
95453 95453 95458 95461 95465 95470 95471 95484 95489 95490 
95494 95512 95520 95522 95525 95527 95575 95583 95588 95591 
95595 95596 95599 95610 95612 95614 95618 95620 95621 95626 
95629 95640 95641 95646 95646 95651 95659 95670 95674 95681 
95681 95698 95700 95711 95712 95720 95721 95727 95727 95730 
95735 95753 95759 95764 95772 95774 95774 95788 95802 95802 
95806 95807 95808 95815 95821 95827 95842 95843 95844 95852 
95867 95883 95899 95900 95908 95912 95914 95915 95924 95927 
95928 95950 95957 95966 95971 95973 95983 95991 95999 96004 
96004 96006 96015 96016 96021 96057 96057 96062 96065 96067 
96067 96068 96068 96071 96073 96074 96077 96084 96087 96088 
96098 96099 96109 96113 96116 96122 96130 96144 96144 96147 
96155 96158 96159 96180 96187 96188 96192 96192 96198 96206 
96211 96215 96221 96233 96235 96247 96258 96262 96266 96267 
96268 96274 96275 96279 96286 96292 96296 96298 96315 96317 
96334 96335 96336 96337 96349 96354 96355 96360 96361 96369 
96375 96383 96390 96390 96402 96404 96408 96428 96438 96443 
96446 96455 96457 96457 96463 96468 96471 96475 96477 96479 
96480 96481 96482 96486 96488 96490 96504 96512 96521 96526 
96527 96533 96553 96553 96556 96557 96567 96576 96578 96580 
96589 96602 96607 96609 96615 96621 96631 96638 96638 96645 
96647 96651 96657 96672 96689 96694 96708 96716 96718 96719 
96720 96731 96739 96745 96746 96751 96757 96759 96761 96763 
96765 96770 96777 96784 96786 96788 96789 96792 96800 96806 
96810 96814 96820 96821 96822 96824 96826 96826 96831 96833 
96836 96840 96852 96855 96857 96858 96860 96860 96862 96862 
96865 96874 96894 96900 96903 96908 96919 96937 96939 96941 
96942 96950 96950 96954 96961 96968 96979 96988 96991 96998 
97000 97007 97009 97009 97014 97021 97038 97039 97042 97046 
97049 97051 97054 97054 97054 97055 97065 97066 97068 97068 
97070 97074 97083 97087 97109 97114 97117 97119 97129 97131 
97133 97134 97135 97139 97151 97155 97163 97167 97169 97179 
97185 97195 97196 97201 97206 97207 97211 97212 97222 97226 
97227 97231 97235 97242 97255 97259 97261 97262 97265 97284 
97285 97292 97297 97298 97321 97329 97329 97333 97334 97335 
97342 97344 97351 97368 97369 97369 97376 97377 97378 97380 
97390 97393 97409 97413 97414 97425 97429 97430 97431 97434 
97435 97438 97439 97439 97439 97442 97445 97447 97449 97453 
97455 97458 97459 97462 97465 97466 97467 97470 97473 97484 
97486 97489 97493 97495 97500 97502 97503 97503 97512 97517 
97522 97543 97543 97544 97552 97558 97560 97573 97579 97580 
97584 97592 97593 97599 97600 97611 97614 97632 97644 97657 
97658 97673 97675 97687 97689 97700 97700 97704 97705 97709 
97719 97730 97735 97739 97741 97747 97747 97748 97750 97751 
97752 97755 97765 97766 97768 97776 97776 97777 97795 97797 
97812 97815 97820 97822 97823 97827 97831 97833 97834 97836 
97837 97838 97855 97856 97857 97866 97868 97872 97876 97877 
97878 97894 97898 97898 97915 97917 97922 97952 97953 97955 
97957 97959 97961 97968 97968 97972 97979 97988 97988 97989 
97991 98006 98012 98018 98025 98026 98036 98042 98048 98052 
98056 98062 98063 98068 98077 98118 98121 98121 98121 98122 
98123 98123 98126 98126 98127 98134 98142 98151 98152 98156 
98156 98166 98167 98170 98174 98177 98182 98182 98193 98197 
98202 98213 98215 98222 98223 98229 98230 98230 98237 98242 
98245 98249 98254 98256 98259 98263 98285 98289 98294 98294 
98298 98298 98302 98305 98309 98314 98317 98320 98321 98323 
98327 98329 98335 98336 98340 98347 98349 98350 98356 98357 
98359 98365 98366 98368 98372 98375 98376 98379 98383 98389 
98394 98395 98405 98409 98422 98425 98426 98433 98435 98440 
98441 98448 98450 98451 98452 98460 98471 98474 98475 98476 
98481 98482 98486 98497 98497 98505 98513 98515 98521 98522 
98523 98524 98528 98532 98539 98543 98546 98551 98562 98562 
98566 98568 98572 98576 98579 98584 98585 98586 98604 98611 
98615 98616 98618 98619 98622 98626 98634 98643 98645 98658 
98667 98671 98676 98678 98686 98692 98701 98702 98708 98718 
98720 98721 98736 98743 98748 98751 98757 98761 98764 98764 
98770 98770 98772 98780 98786 98793 98795 98808 98812 98814 
98818 98819 98828 98832 98833 98855 98874 98889 98891 98892 
98901 98913 98920 98923 98924 98934 98946 98956 98959 98961 
98963 98964 98965 98965 98976 98978 98994 98996 99004 99006 
99008 99013 99024 99029 99031 99035 99035 99037 99039 99040 
99043 99052 99058 99060 99063 99071 99080 99083 99088 99090 
99091 99092 99092 99104 99107 99114 99121 99125 99128 99133 
99138 99140 99142 99146 99151 99159 99164 99177 99194 99196 
99198 99224 99225 99226 99231 99233 99235 99239 99241 99243 
99251 99257 99258 99261 99274 99274 99302 99307 99308 99317 
99322 99324 99325 99331 99334 99337 99342 99346 99349 99350 
99352 99360 99364 99364 99364 99368 99383 99388 99392 99395 
99399 99400 99420 99423 99442 99444 99454 99462 99471 99476 
99479 99493 99493 99499 99504 99506 99520 99525 99526 99535 
99539 99540 99563 99563 99574 99575 99577 99587 99592 99608 
99612 99613 99636 99639 99642 99647 99656 99660 99676 99677 
99679 99683 99684 99716 99726 99727 99731 99732 99741 99744 
99746 99753 99757 99781 99783 99799 99808 99809 99811 99811 
99816 99819 99822 99831 99838 99839 99841 99842 99845 99846 
99846 99854 99856 99860 99862 99871 99894 99894 99898 99908 
99910 99910 99911 99914 99914 99915 99919 99920 99924 99925 
99925 99925 99928 99937 99951 99952 99953 99962 99967 99969 
99971 99971 99982 99984 99984 99987 99988 99995 99997 99997 

================================================
Quick Sort : Time: 0.362950 ms
8 11 12 14 15 18 21 23 27 30 
33 37 38 46 51 53 57 61 63 67 
80 82 83 98 98 108 109 109 110 110 
112 114 115 117 123 134 143 147 148 148 
149 158 162 163 164 164 166 167 167 168 
172 172 180 192 193 195 204 210 211 212 
219 221 221 222 234 241 241 246 246 254 
254 256 260 276 281 284 291 298 299 300 
305 315 321 321 322 324 330 330 340 343 
343 350 353 358 358 368 370 371 372 372 
383 384 385 387 394 395 398 420 420 426 
427 428 429 435 439 447 452 454 458 460 
463 468 469 469 469 472 486 490 491 491 
495 497 499 502 509 513 521 524 525 540 
543 550 554 555 555 559 560 565 569 572 
573 578 592 594 594 594 600 601 603 606 
609 611 622 623 627 630 636 644 647 655 
659 659 667 668 676 686 686 687 698 706 
707 709 713 720 731 733 739 740 742 742 
743 747 748 754 756 758 763 772 777 788 
790 809 810 811 814 815 817 820 831 834 
864 884 898 898 915 915 921 924 930 932 
939 943 951 952 962 966 967 969 973 974 
983 985 985 988 988 997 1001 1003 1003 1004 
1004 1004 1017 1020 1021 1023 1024 1032 1032 1040 
1043 1052 1052 1070 1071 1081 1084 1086 1096 1101 
1107 1109 1120 1122 1131 1134 1138 1155 1164 1167 
1168 1184 1188 1191 1192 1197 1198 1204 1204 1205 
1205 1208 1217 1219 1222 1224 1224 1233 1239 1247 
1248 1252 1255 1256 1257 1266 1268 1269 1269 1271 
1280 1283 1285 1290 1294 1305 1312 1315 1320 1327 
1336 1343 1346 1348 1356 1358 1359 1360 1374 1381 
1384 1387 1390 1398 1402 1406 1406 1409 1411 1414 
1415 1419 1421 1422 1433 1435 1436 1455 1455 1457 
1457 1457 1457 1462 1466 1470 1478 1480 1482 1489 
1493 1499 1499 1502 1504 1506 1509 1513 1520 1524 
1528 1532 1538 1539 1545 1548 1550 1552 1566 1569 
1570 1573 1577 1579 1579 1585 1588 1592 1598 1607 
1612 1626 1628 1630 1636 1643 1646 1651 1655 1656 
1659 1659 1668 1670 1673 1673 1682 1689 1692 1693 
1701 1710 1711 1718 1720 1734 1737 1756 1762 1772 
1775 1778 1779 1780 1786 1793 1797 1800 1800 1808 
1819 1835 1842 1843 1844 1853 1874 1881 1885 1907 
1909 1909 1913 1921 1934 1934 1935 1937 1938 1947 
1950 1953 1957 1961 1964 1966 1968 1970 1972 1972 
1978 1980 1982 1994 2002 2010 2014 2036 2037 2039 
2040 2042 2043 2047 2061 2066 2076 2080 2085 2104 
2128 2131 2138 2141 2143 2151 2153 2155 2159 2162 
2166 2168 2168 2169 2170 2176 2180 2182 2186 2198 
2215 2219 2222 2236 2241 2242 2250 2253 2257 2261 
2265 2270 2273 2276 2277 2287 2289 2289 2294 2295 
2303 2309 2309 2311 2311 2315 2316 2325 2326 2334 
2341 2342 2346 2349 2349 2350 2352 2357 2358 2361 
2363 2365 2366 2366 2368 2369 2369 2374 2383 2385 
2395 2395 2400 2406 2411 2414 2422 2426 2429 2440 
2442 2451 2453 2461 2461 2464 2465 2466 2473 2473 
2475 2484 2486 2487 2491 2493 2500 2505 2513 2514 
2517 2525 2527 2535 2538 2540 2548 2549 2552 2555 
2567 2572 2572 2574 2586 2587 2588 2594 2595 2599 
2604 2608 2609 2615 2618 2626 2633 2636 2640 2643 
2644 2649 2651 2652 2663 2667 2668 2670 2672 2683 
2683 2684 2692 2697 2700 2713 2718 2723 2724 2726 
2727 2735 2739 2740 2752 2752 2757 2763 2766 2768 
2769 2779 2789 2794 2794 2796 2814 2826 2826 2829 
2838 2853 2853 2853 2854 2855 2863 2869 2871 2877 
2880 2881 2881 2882 2883 2895 2896 2898 2901 2911 
2919 2920 2930 2939 2949 2953 2954 2956 2956 2969 
2970 2972 2973 2984 2984 2991 2997 3006 3010 3011 
3012 3028 3038 3044 3046 3049 3056 3065 3066 3066 
3080 3087 3088 3098 3099 3100 3102 3103 3109 3114 
3123 3123 3126 3135 3138 3139 3142 3144 3150 3154 
3166 3168 3171 3174 3204 3206 3208 3209 3215 3222 
3223 3230 3236 3243 3244 3246 3250 3252 3253 3265 
3267 3274 3275 3277 3289 3294 3298 3302 3306 3312 
3323 3327 3328 3328 3335 3337 3342 3348 3353 3354 
3356 3358 3358 3359 3362 3363 3375 3378 3380 3384 
3389 3390 3391 3392 3393 3394 3396 3402 3403 3412 
3413 3417 3418 3423 3427 3442 3450 3454 3457 3468 
3468 3469 3470 3470 3475 3477 3483 3486 3490 3492 
3497 3497 3499 3501 3502 3513 3529 3531 3533 3538 
3539 3545 3548 3552 3553 3556 3566 3573 3577 3584 
3585 3591 3592 3594 3596 3596 3597 3599 3617 3618 
3624 3625 3625 3626 3632 3637 3643 3644 3648 3648 
3660 3661 3663 3667 3670 3671 3671 3683 3685 3699 
3701 3701 3701 3707 3708 3714 3715 3717 3720 3723 
3727 3732 3741 3742 3742 3748 3757 3759 3762 3766 
3769 3785 3790 3801 3805 3815 3820 3821 3826 3826 
3830 3835 3851 3852 3867 3900 3901 3907 3908 3917 
3918 3919 3923 3925 3931 3934 3940 3944 3944 3945 
3957 3967 3972 3978 3991 3994 4004 4022 4023 4035 
4037 4037 4039 4041 4041 4042 4046 4059 4064 4070 
4072 4076 4077 4078 4088 4092 4093 4097 4101 4102 
4103 4112 4114 4116 4116 4122 4123 4123 4133 4144 
4145 4151 4152 4157 4160 4165 4170 4171 4174 4190 
4195 4203 4204 4205 4211 4212 4213 4230 4235 4238 
4238 4241 4245 4251 4255 4256 4264 4265 4265 4267 
4271 4278 4289 4311 4320 4332 4333 4345 4351 4352 
4362 4368 4372 4384 4390 4394 4397 4399 4404 4420 
4420 4420 4425 4430 4446 4454 4454 4465 4465 4467 
4469 4474 4479 4484 4484 4486 4493 4493 4505 4507 
4508 4509 4513 4516 4516 4522 4525 4527 4528 4529 
4531 4532 4534 4535 4540 4545 4555 4555 4556 4568 
4571 4580 4590 4594 4597 4598 4609 4611 4615 4616 
4617 4632 4643 4643 4661 4664 4666 4669 4671 4681 
4690 4693 4694 4695 4700 4700 4700 4703 4722 4723 
4726 4727 4737 4739 4739 4742 4747 4748 4753 4754 
4755 4757 4762 4769 4773 4776 4789 4790 4792 4806 
4808 4811 4813 4817 4823 4827 4833 4834 4845 4848 
4863 4865 4871 4877 4883 4886 4891 4898 4907 4907 
4908 4915 4927 4928 4928 4942 4943 4950 4955 4956 
4966 4970 4972 4973 4975 4985 4991 5002 5003 5012 
5016 5022 5025 5040 5040 5043 5056 5057 5060 5067 
5068 5070 5076 5082 5083 5083 5084 5089 5090 5097 
5106 5112 5124 5134 5136 5141 5141 5141 5157 5167 
5175 5182 5183 5190 5192 5200 5207 5212 5212 5215 
5217 5222 5224 5224 5244 5249 5252 5267 5289 5290 
5291 5296 5303 5305 5310 5311 5321 5324 5338 5351 
5351 5363 5364 5367 5380 5384 5384 5393 5400 5402 
5404 5405 5409 5414 5427 5429 5449 5450 5456 5459 
5460 5462 5468 5470 5473 5477 5483 5487 5495 5497 
5504 5504 5512 5518 5519 5521 5523 5527 5527 5531 
5540 5541 5544 5549 5550 5553 5555 5564 5564 5573 
5576 5580 5587 5588 5591 5603 5606 5606 5619 5619 
5621 5624 5636 5640 5641 5642 5645 5645 5646 5646 
5660 5662 5668 5670 5671 5679 5681 5688 5696 5699 
5702 5704 5715 5722 5723 5724 5725 5732 5735 5737 
5748 5748 5751 5754 5759 5760 5786 5794 5800 5805 
5812 5813 5824 5826 5830 5835 5835 5837 5843 5846 
5854 5869 5879 5889 5891 5907 5909 5913 5913 5917 
5919 5921 5921 5925 5933 5938 5941 5941 5946 5947 
5948 5951 5955 5957 5964 5970 5971 5977 5977 5983 
5986 5987 5989 5992 6003 6003 6016 6024 6027 6032 
6062 6067 6071 6077 6083 6088 6089 6092 6093 6100 
6108 6108 6110 6122 6127 6132 6144 6145 6149 6152 
6157 6160 6166 6169 6180 6181 6182 6186 6189 6189 
6200 6212 6214 6226 6235 6242 6243 6248 6249 6261 
6263 6268 6269 6269 6283 6286 6286 6288 6300 6302 
6303 6309 6310 6315 6315 6319 6333 6340 6345 6354 
6365 6365 6367 6395 6395 6397 6399 6399 6403 6404 
6419 6429 6432 6437 6437 6446 6447 6447 6449 6453 
6460 6468 6477 6491 6492 6498 6510 6512 6513 6517 
6524 6525 6525 6525 6525 6529 6532 6537 6542 6543 
6546 6547 6550 6558 6562 6568 6569 6569 6582 6585 
6598 6601 6622 6622 6622 6624 6636 6637 6641 6641 
6648 6665 6666 6667 6671 6681 6683 6685 6691 6701 
6705 6705 6710 6712 6715 6715 6719 6722 6722 6736 
6737 6743 6755 6761 6762 6768 6771 6781 6782 6788 
6790 6790 6803 6804 6807 6810 6816 6818 6819 6823 
6831 6835 6838 6843 6848 6862 6869 6871 6873 6875 
6879 6879 6898 6898 6902 6907 6924 6938 6942 6951 
6953 6956 6964 6964 6967 6989 6989 6992 7002 7003 
7006 7007 7016 7018 7025 7025 7029 7034 7037 7046 
7052 7058 7064 7065 7070 7081 7082 7084 7086 7087 
7094 7113 7114 7114 7126 7128 7129 7137 7141 7145 
7148 7150 7154 7155 7157 7160 7161 7168 7170 7172 
7177 7187 7190 7194 7195 7203 7215 7217 7222 7226 
7227 7235 7258 7258 7269 7269 7276 7281 7285 7293 
7315 7322 7326 7330 7330 7333 7334 7345 7348 7352 
7355 7356 7358 7367 7379 7382 7384 7389 7397 7403 
7406 7415 7415 7416 7418 7436 7443 7443 7449 7455 
7458 7462 7465 7467 7475 7480 7503 7508 7517 7524 
7528 7544 7555 7567 7570 7576 7580 7587 7589 7599 
7608 7612 7626 7627 7627 7642 7642 7662 7667 7669 
7679 7686 7694 7710 7725 7725 7727 7733 7735 7741 
7744 7748 7756 7760 7775 7775 7787 7790 7791 7794 
7795 7799 7801 7810 7811 7816 7820 7820 7820 7828 
7834 7841 7842 7854 7861 7866 7875 7875 7878 7879 
7879 7881 7889 7889 7907 7916 7923 7931 7932 7934 
7936 7938 7949 7950 7955 7960 7970 7973 7980 7985 
7988 7999 8002 8009 8010 8015 8025 8028 8030 8038 
8039 8043 8043 8047 8056 8062 8065 8077 8081 8085 
8103 8111 8119 8119 8120 8123 8126 8127 8133 8140 
8141 8142 8148 8151 8155 8159 8159 8161 8177 8178 
8192 8195 8204 8211 8214 8228 8230 8231 8234 8244 
8255 8255 8282 8284 8285 8294 8295 8302 8305 8324 
8346 8352 8354 8358 8362 8363 8365 8365 8369 8371 
8372 8372 8391 8398 8415 8417 8432 8436 8438 8441 
8444 8446 8450 8464 8465 8481 8489 8491 8496 8496 
8500 8513 8524 8532 8542 8543 8548 8549 8554 8562 
8567 8572 8573 8573 8577 8585 8586 8593 8594 8594 
8602 8606 8623 8630 8632 8633 8634 8644 8652 8655 
8655 8656 8658 8659 8665 8693 8698 8703 8707 8708 
8709 8717 8720 8722 8729 8737 8738 8738 8739 8742 
8752 8755 8758 8758 8763 8764 8773 8776 8784 8787 
8792 8796 8797 8799 8800 8801 8804 8812 8816 8817 
8821 8826 8829 8831 8831 8839 8840 8841 8850 8863 
8872 8880 8882 8883 8886 8887 8887 8892 8895 8904 
8904 8906 8916 8923 8927 8928 8928 8930 8937 8938 
8947 8947 8952 8956 8956 8956 8962 8965 8970 8971 
8971 8976 8983 8987 8988 8989 8989 8998 9002 9003 
9008 9015 9016 9021 9021 9025 9028 9030 9039 9042 
9055 9059 9062 9081 9084 9084 9099 9104 9107 9111 
9112 9116 9130 9132 9138 9140 9144 9145 9147 9151 
9161 9164 9168 9170 9177 9182 9188 9189 9204 9206 
9208 9213 9218 9233 9236 9244 9248 9254 9256 9261 
9264 9267 9269 9277 9286 9302 9302 9304 9311 9323 
9324 9332 9334 9340 9366 9366 9367 9370 9380 9387 
9387 9396 9397 9397 9403 9404 9410 9411 9413 9419 
9421 9423 9427 9429 9431 9433 9438 9440 9440 9446 
9447 9452 9454 9461 9461 9464 9467 9471 9472 9475 
9479 9489 9490 9492 9497 9497 9500 9508 9508 9511 
9512 9513 9517 9520 9522 9554 9556 9556 9565 9582 
9583 9586 9587 9596 9598 9600 9605 9610 9615 9618 
9619 9623 9627 9630 9630 9632 9633 9636 9643 9653 
9659 9660 9662 9662 9665 9669 9670 9685 9709 9713 
9716 9716 9733 9734 9735 9747 9749 9750 9751 9757 
9758 9761 9767 9768 9777 9782 9789 9799 9801 9803 
9806 9810 9818 9818 9826 9827 9833 9838 9840 9846 
9847 9850 9850 9851 9853 9861 9872 9874 9890 9896 
9900 9908 9908 9912 9917 9933 9936 9938 9941 9950 
9951 9957 9958 9961 9966 9968 9975 9975 9986 9988 
9989 9990 9991 10005 10017 10030 10033 10045 10053 10055 
10058 10060 10065 10065 10066 10067 10069 10076 10076 10077 
10082 10090 10099 10103 10106 10108 10115 10124 10141 10143 
10145 10151 10165 10184 10185 10194 10197 10198 10200 10208 
10208 10209 10216 10220 10222 10226 10228 10229 10231 10257 
10262 10262 10272 10272 10277 10280 10281 10282 10293 10296 
10313 10330 10338 10343 10345 10347 10347 10351 10357 10358 
10363 10366 10370 10371 10373 10375 10377 10383 10385 10397 
10398 10400 10401 10415 10417 10420 10428 10437 10449 10450 
10451 10452 10465 10468 10487 10487 10493 10497 10498 10500 
10502 10505 10513 10516 10516 10526 10527 10527 10534 10539 
10545 10550 10558 10565 10565 10566 10571 10574 10581 10586 
10594 10598 10599 10601 10604 10605 10605 10616 10630 10656 
10668 10670 10674 10683 10686 10686 10691 10693 10702 10706 
10710 10711 10715 10726 10728 10729 10735 10735 10748 10753 
10753 10755 10770 10770 10775 10777 10788 10790 10790 10791 
10794 10794 10794 10796 10801 10808 10815 10817 10824 10826 
10827 10835 10837 10838 10839 10850 10851 10854 10860 10889 
10890 10898 10909 10909 10910 10915 10916 10925 10929 10930 
10953 10958 10963 10964 10973 10990 10996 10998 11001 11001 
11003 11004 11006 11032 11039 11055 11064 11071 11078 11085 
11094 11095 11097 11100 11101 11101 11106 11114 11116 11118 
11121 11124 11126 11128 11131 11134 11137 11137 11166 11167 
11175 11175 11177 11181 11186 11188 11191 11195 11196 11199 
11205 11205 11207 11208 11214 11227 11230 11231 11233 11235 
11237 11241 11246 11246 11250 11278 11281 11296 11299 11306 
11309 11313 11320 11338 11354 11357 11364 11365 11367 11369 
11373 11379 11388 11391 11395 11397 11411 11417 11418 11427 
11439 11442 11451 11453 11464 11464 11475 11481 11491 11498 
11500 11504 11505 11505 11527 11529 11533 11540 11546 11549 
11550 11562 11563 11567 11567 11573 11574 11575 11580 11596 
11597 11602 11613 11616 11624 11625 11627 11634 11647 11647 
11647 11648 11649 11649 11657 11662 11671 11674 11677 11680 
11682 11696 11698 11700 11712 11716 11721 11723 11725 11727 
11729 11729 11732 11733 11736 11743 11745 11747 11779 11780 
11791 11801 11804 11804 11813 11813 11815 11820 11829 11830 
11839 11842 11845 11846 11855 11863 11864 11870 11883 11883 
11884 11885 11888 11897 11898 11899 11899 11899 11901 11907 
11915 11916 11928 11938 11941 11944 11944 11945 11947 11953 
11954 11956 11956 11964 11966 11966 11970 11975 11976 11976 
11980 11986 11992 11992 12013 12015 12035 12054 12057 12062 
12065 12074 12077 12079 12082 12087 12093 12099 12102 12105 
12116 12116 12117 12118 12119 12122 12124 12129 12130 12132 
12142 12147 12153 12156 12160 12165 12168 12172 12175 12176 
12183 12192 12194 12198 12199 12213 12217 12218 12220 12221 
12221 12232 12236 12248 12273 12275 12287 12295 12299 12306 
12313 12314 12319 12323 12326 12339 12342 12373 12383 12384 
12384 12388 12391 12417 12423 12428 12430 12433 12440 12442 
12449 12451 12457 12462 12462 12470 12472 12475 12480 12489 
12491 12493 12498 12499 12508 12516 12517 12521 12527 12529 
12531 12550 12554 12557 12560 12562 12572 12572 12573 12584 
12606 12615 12618 12624 12637 12647 12653 12658 12659 12664 
12664 12665 12667 12677 12683 12689 12691 12692 12706 12715 
12716 12717 12718 12724 12724 12725 12727 12734 12742 12750 
12752 12755 12770 12773 12779 12781 12790 12797 12807 12808 
12810 12810 12813 12816 12820 12823 12838 12843 12852 12855 
12860 12861 12862 12864 12867 12870 12872 12882 12883 12883 
12887 12888 12889 12896 12896 12898 12898 12907 12907 12922 
12941 12947 12957 12965 12966 12966 12969 12978 12985 12990 
12994 12994 12998 13000 13008 13014 13017 13023 13025 13028 
13041 13042 13046 13046 13051 13052 13056 13056 13066 13069 
13070 13071 13071 13080 13080 13082 13084 13090 13096 13099 
13107 13115 13117 13120 13120 13124 13125 13126 13126 13135 
13136 13153 13160 13173 13181 13183 13196 13206 13226 13229 
13240 13248 13253 13253 13254 13257 13257 13262 13274 13289 
13291 13299 13301 13303 13304 13308 13316 13318 13331 13335 
13338 13339 13344 13347 13352 13353 13367 13377 13391 13395 
13396 13398 13429 13429 13441 13463 13466 13468 13475 13481 
13484 13489 13496 13496 13500 13502 13518 13524 13528 13529 
13532 13533 13534 13565 13569 13569 13569 13574 13580 13588 
13602 13607 13618 13619 13619 13619 13623 13626 13633 13637 
13639 13649 13649 13650 13652 13654 13660 13661 13666 13684 
13685 13689 13689 13699 13718 13718 13721 13724 13726 13730 
13740 13749 13760 13763 13767 13774 13777 13780 13780 13789 
13799 13809 13816 13816 13820 13822 13823 13825 13832 13834 
13837 13845 13851 13851 13854 13862 13863 13864 13864 13865 
13872 13873 13874 13876 13881 13891 13893 13893 13895 13903 
13917 13924 13925 13928 13931 13943 13944 13944 13948 13950 
13960 13960 13968 13975 13981 13985 13996 13999 14003 14017 
14021 14023 14026 14027 14029 14035 14037 14047 14064 14068 
14074 14079 14085 14093 14102 14113 14122 14125 14146 14166 
14171 14172 14177 14185 14190 14198 14200 14204 14210 14210 
14212 14214 14218 14229 14240 14248 14249 14258 14260 14269 
14277 14289 14290 14304 14309 14309 14310 14312 14351 14358 
14366 14367 14368 14371 14374 14380 14382 14387 14392 14400 
14403 14407 14409 14409 14412 14426 14426 14431 14438 14443 
14443 14444 14445 14446 14453 14458 14462 14464 14464 14464 
14465 14470 14470 14471 14484 14486 14501 14502 14503 14514 
14532 14532 14532 14535 14543 14543 14547 14549 14555 14556 
14564 14571 14572 14583 14586 14590 14591 14598 14598 14603 
14605 14614 14624 14625 14625 14627 14639 14644 14647 14650 
14670 14670 14673 14678 14678 14688 14693 14701 14703 14706 
14716 14716 14717 14719 14736 14743 14745 14750 14751 14752 
14753 14759 14762 14764 14765 14773 14778 14779 14790 14798 
14802 14802 14802 14809 14812 14828 14829 14841 14846 14858 
14859 14864 14870 14873 14880 14884 14884 14890 14903 14910 
14911 14911 14924 14925 14926 14941 14946 14948 14953 14958 
14961 14962 14965 14965 14966 14968 14970 14989 14992 14994 
14995 15001 15002 15005 15007 15012 15031 15032 15032 15033 
15035 15062 15069 15092 15095 15095 15102 15105 15108 15108 
15114 15130 15130 15133 15138 15138 15146 15149 15151 15151 
15155 15155 15159 15165 15165 15179 15180 15193 15204 15205 
15212 15215 15223 15226 15231 15235 15253 15255 15257 15267 
15270 15273 15275 15276 15278 15280 15282 15287 15290 15291 
15293 15293 15296 15297 15317 15317 15317 15320 15332 15332 
15337 15337 15340 15348 15351 15373 15375 15375 15379 15381 
15382 15387 15395 15405 15410 15414 15415 15419 15422 15424 
15428 15436 15441 15447 15453 15463 15469 15473 15474 15482 
15492 15502 15515 15523 15524 15530 15531 15535 15537 15541 
15552 15566 15573 15575 15579 15584 15585 15618 15628 15628 
15628 15634 15640 15644 15649 15653 15655 15662 15670 15678 
15682 15688 15702 15705 15713 15721 15724 15726 15730 15731 
15737 15739 15743 15751 15762 15762 15767 15773 15776 15777 
15779 15789 15806 15807 15813 15816 15820 15825 15825 15826 
15839 15844 15845 15849 15855 15857 15867 15869 15869 15879 
15885 15886 15890 15897 15909 15911 15917 15919 15930 15934 
15936 15945 15963 15965 15967 15970 15971 15971 15973 15978 
15989 15990 15994 15996 15997 16007 16007 16015 16018 16021 
16021 16025 16026 16039 16041 16041 16048 16049 16058 16060 
16067 16070 16074 16075 16081 16085 16086 16095 16096 16097 
16100 16106 16108 16111 16113 16113 16124 16125 16127 16128 
16132 16144 16148 16151 16152 16154 16166 16167 16169 16175 
16185 16186 16189 16192 16197 16207 16208 16214 16234 16241 
16241 16250 16253 16259 16270 16274 16277 16291 16303 16309 
16321 16322 16323 16325 16327 16327 16345 16354 16358 16360 
16365 16369 16372 16377 16378 16382 16387 16403 16404 16408 
16429 16434 16436 16441 16444 16450 16453 16456 16458 16460 
16461 16461 16469 16472 16472 16475 16488 16497 16497 16505 
16507 16517 16521 16523 16525 16526 16528 16531 16533 16534 
16545 16550 16554 16558 16563 16564 16570 16575 16592 16595 
16597 16598 16602 16602 16613 16618 16619 16620 16639 16639 
16648 16649 16650 16651 16651 16653 16657 16658 16672 16688 
16690 16695 16706 16706 16707 16712 16717 16722 16728 16730 
16744 16760 16760 16762 16777 16777 16781 16784 16799 16802 
16813 16821 16821 16823 16826 16826 16838 16842 16855 16856 
16875 16879 16880 16887 16893 16895 16903 16905 16908 16915 
16927 16929 16944 16948 16955 16956 16957 16964 16970 16970 
16973 16974 16982 16995 16998 16998 17004 17006 17010 17016 
17024 17031 17031 17032 17035 17041 17045 17047 17049 17060 
17064 17070 17074 17082 17082 17087 17088 17090 17098 17100 
17101 17104 17104 17107 17114 17115 17115 17116 17130 17136 
17158 17162 17169 17172 17174 17181 17183 17196 17198 17202 
17204 17209 17212 17213 17216 17218 17222 17223 17233 17233 
17238 17239 17248 17250 17253 17265 17274 17276 17279 17283 
17286 17286 17288 17298 17300 17300 17303 17305 17315 17318 
17322 17325 17329 17334 17335 17343 17349 17357 17358 17360 
17369 17383 17384 17386 17389 17394 17394 17402 17405 17407 
17408 17408 17408 17415 17415 17432 17432 17438 17442 17443 
17450 17460 17467 17470 17475 17475 17478 17482 17484 17485 
17491 17497 17497 17502 17504 17518 17519 17520 17520 17524 
17526 17535 17540 17541 17542 17544 17551 17554 17556 17562 
17564 17570 17579 17584 17585 17585 17586 17589 17591 17593 
17600 17601 17611 17621 17625 17628 17631 17632 17646 17650 
17661 17664 17668 17675 17686 17690 17696 17712 17715 17718 
17718 17726 17728 17742 17747 17753 17757 17758 17763 17766 
17768 17776 17779 17789 17789 17791 17802 17803 17816 17826 
17827 17828 17830 17830 17832 17839 17839 17841 17842 17864 
17872 17879 17880 17880 17881 17883 17892 17910 17922 17929 
17933 17936 17936 17937 17950 17964 17964 17968 17968 17971 
17972 17979 17981 17983 17993 17997 18002 18009 18011 18013 
18017 18019 18024 18030 18031 18033 18033 18044 18050 18053 
18055 18061 18085 18086 18093 18098 18100 18111 18112 18117 
18122 18126 18133 18139 18146 18148 18150 18152 18163 18165 
18168 18169 18170 18176 18179 18194 18196 18201 18205 18206 
18218 18218 18219 18220 18234 18239 18241 18276 18278 18296 
18299 18302 18312 18318 18334 18338 18347 18357 18367 18371 
18373 18384 18397 18399 18405 18419 18422 18423 18423 18432 
18436 18451 18453 18457 18459 18463 18466 18472 18476 18476 
18476 18477 18478 18480 18484 18484 18499 18508 18517 18519 
18521 18523 18536 18547 18556 18557 18559 18566 18569 18573 
18578 18585 18589 18591 18594 18600 18601 18609 18613 18621 
18634 18642 18644 18644 18664 18670 18681 18685 18695 18705 
18710 18710 18714 18736 18739 18740 18740 18742 18743 18743 
18745 18749 18752 18756 18760 18761 18771 18776 18777 18778 
18780 18781 18783 18794 18795 18796 18796 18802 18808 18810 
18833 18833 18834 18838 18844 18849 18849 18863 18867 18869 
18870 18875 18878 18881 18888 18889 18909 18913 18919 18934 
18942 18944 18948 18956 18961 18967 18971 18972 18977 18977 
18994 19002 19006 19009 19011 19013 19022 19071 19072 19072 
19078 19098 19105 19108 19108 19112 19127 19130 19137 19143 
19145 19145 19153 19167 19167 19168 19178 19180 19183 19186 
19193 19203 19216 19219 19220 19221 19222 19228 19230 19236 
19239 19244 19250 19253 19263 19263 19271 19271 19281 19284 
19289 19293 19308 19318 19318 19340 19341 19344 19347 19352 
19352 19353 19354 19357 19370 19377 19392 19394 19400 19410 
19415 19415 19420 19423 19426 19435 19439 19448 19448 19450 
19477 19486 19491 19501 19503 19503 19510 19517 19542 19543 
19547 19557 19566 19567 19567 19570 19574 19583 19587 19588 
19588 19596 19600 19602 19602 19606 19609 19610 19613 19616 
19617 19619 19620 19630 19644 19645 19647 19670 19676 19676 
19676 19678 19681 19686 19688 19693 19695 19702 19706 19709 
19710 19715 19722 19726 19743 19747 19750 19754 19757 19768 
19774 19780 19784 19793 19794 19805 19805 19813 19816 19818 
19820 19829 19831 19832 19835 19846 19852 19856 19858 19860 
19862 19866 19875 19876 19886 19895 19910 19911 19915 19917 
19918 19929 19931 19933 19936 19937 19937 19946 19946 19951 
19968 19988 19989 19990 19992 20001 20002 20004 20017 20021 
20031 20038 20045 20046 20054 20061 20064 20065 20073 20074 
20077 20082 20091 20092 20096 20101 20101 20103 20107 20112 
20114 20131 20138 20145 20149 20151 20152 20152 20160 20161 
20163 20171 20180 20185 20189 20194 20196 20210 20210 20215 
20221 20224 20225 20239 20241 20244 20257 20265 20265 20267 
20275 20287 20289 20289 20298 20328 20331 20341 20342 20347 
20351 20355 20357 20364 20387 20389 20391 20405 20411 20414 
20417 20427 20429 20430 20432 20435 20435 20458 20459 20460 
20460 20461 20463 20467 20477 20488 20494 20496 20513 20522 
20528 20538 20543 20546 20561 20570 20574 20575 20583 20586 
20588 20593 20597 20623 20624 20627 20627 20628 20630 20630 
20635 20652 20660 20665 20665 20666 20668 20682 20701 20703 
20712 20718 20748 20751 20752 20752 20759 20784 20786 20806 
20806 20806 20808 20815 20817 20819 20820 20823 20826 20831 
20847 20852 20866 20867 20878 20883 20895 20896 20898 20898 
20899 20900 20900 20906 20918 20924 20925 20934 20941 20945 
20946 20947 20948 20953 20956 20958 20960 20960 20963 20968 
20969 20970 20971 20975 20982 20985 20985 20997 20999 21003 
21004 21006 21006 21007 21008 21010 21014 21024 21028 21032 
21035 21040 21043 21054 21056 21060 21061 21063 21074 21078 
21085 21088 21091 21095 21096 21096 21101 21106 21108 21115 
21116 21118 21119 21127 21132 21141 21167 21168 21169 21180 
21201 21214 21230 21236 21237 21247 21258 21260 21265 21266 
21269 21270 21273 21282 21288 21293 21296 21297 21297 21306 
21314 21320 21323 21337 21339 21346 21347 21354 21357 21358 
21363 21364 21365 21373 21374 21385 21386 21387 21387 21391 
21394 21402 21407 21422 21429 21432 21439 21441 21443 21443 
21446 21446 21448 21452 21462 21467 21469 21474 21477 21478 
21498 21499 21500 21501 21504 21507 21515 21518 21522 21526 
21537 21548 21548 21550 21551 21556 21557 21558 21563 21567 
21571 21572 21580 21586 21600 21600 21603 21605 21608 21608 
21610 21613 21619 21625 21629 21631 21635 21638 21646 21651 
21653 21660 21660 21668 21674 21675 21684 21690 21693 21697 
21698 21707 21711 21712 21714 21714 21720 21735 21740 21741 
21746 21748 21765 21767 21774 21776 21782 21792 21796 21801 
21804 21815 21819 21821 21828 21833 21838 21843 21844 21846 
21848 21850 21857 21864 21870 21872 21873 21873 21882 21892 
21906 21907 21912 21913 21915 21929 21933 21935 21938 21943 
21944 21951 21954 21958 21963 21963 21969 21976 21983 21984 
21986 21997 21998 21998 22002 22007 22019 22025 22027 22039 
22039 22045 22047 22049 22055 22063 22065 22065 22065 22068 
22070 22079 22086 22089 22092 22093 22094 22097 22106 22114 
22115 22126 22131 22136 22137 22140 22141 22141 22143 22146 
22159 22159 22161 22162 22166 22174 22177 22184 22184 22189 
22198 22205 22206 22209 22211 22217 22224 22229 22246 22251 
22258 22260 22261 22263 22267 22267 22285 22294 22294 22305 
22305 22310 22316 22321 22324 22328 22338 22342 22347 22352 
22354 22362 22362 22365 22368 22372 22373 22375 22380 22384 
22389 22393 22404 22416 22423 22433 22434 22442 22447 22453 
22465 22470 22477 22479 22485 22486 22489 22500 22508 22511 
22513 22515 22523 22523 22526 22529 22530 22543 22544 22568 
22570 22577 22583 22592 22608 22610 22611 22611 22615 22616 
22617 22619 22623 22628 22637 22638 22640 22647 22648 22651 
22662 22663 22670 22673 22674 22678 22680 22683 22685 22686 
22687 22698 22707 22707 22709 22712 22717 22718 22718 22719 
22732 22733 22733 22738 22744 22747 22750 22750 22750 22780 
22783 22785 22800 22801 22804 22808 22815 22816 22817 22829 
22832 22832 22836 22837 22842 22843 22846 22850 22850 22853 
22866 22866 22867 22867 22881 22883 22886 22890 22894 22904 
22912 22913 22925 22932 22932 22933 22936 22942 22943 22945 
22946 22947 22951 22955 22956 22962 22975 22979 22988 23013 
23025 23051 23053 23063 23066 23067 23073 23075 23076 23077 
23078 23080 23084 23089 23091 23097 23104 23127 23139 23161 
23161 23162 23165 23185 23191 23191 23191 23196 23196 23198 
23203 23206 23207 23208 23211 23211 23211 23219 23221 23233 
23233 23260 23262 23267 23278 23281 23291 23293 23315 23321 
23324 23340 23341 23350 23367 23371 23375 23393 23394 23400 
23412 23418 23426 23431 23431 23438 23453 23454 23459 23464 
23465 23467 23469 23475 23488 23499 23500 23510 23515 23518 
23520 23523 23530 23540 23542 23544 23550 23564 23564 23567 
23572 23577 23580 23584 23585 23587 23589 23591 23595 23596 
23603 23611 23614 23616 23617 23620 23621 23624 23628 23632 
23653 23653 23654 23672 23677 23684 23694 23696 23696 23697 
23703 23707 23707 23727 23731 23738 23739 23753 23761 23764 
23766 23779 23784 23792 23794 23795 23797 23799 23807 23819 
23822 23834 23848 23859 23861 23863 23864 23865 23870 23881 
23885 23885 23889 23893 23901 23905 23916 23922 23926 23939 
23941 23943 23957 23958 23959 23964 23967 23967 23968 23968 
23971 23975 23979 23982 23990 24005 24008 24017 24017 24019 
24021 24023 24039 24052 24055 24064 24064 24077 24094 24099 
24103 24117 24123 24131 24132 24137 24139 24146 24147 24164 
24166 24168 24172 24172 24175 24175 24185 24190 24192 24201 
24211 24211 24212 24212 24212 24213 24227 24232 24240 24242 
24244 24251 24255 24258 24260 24267 24273 24276 24280 24280 
24281 24290 24291 24299 24300 24302 24305 24307 24309 24311 
24317 24331 24334 24340 24341 24353 24356 24357 24365 24367 
24367 24377 24387 24389 24400 24424 24425 24427 24430 24456 
24457 24457 24458 24487 24489 24497 24500 24502 24513 24514 
24517 24520 24521 24522 24531 24532 24538 24546 24549 24550 
24561 24565 24575 24577 24578 24579 24582 24582 24584 24587 
24589 24599 24613 24614 24614 24615 24617 24620 24620 24622 
24627 24632 24633 24637 24641 24646 24653 24655 24658 24663 
24665 24667 24673 24678 24684 24685 24697 24699 24713 24713 
24715 24720 24722 24732 24734 24737 24743 24743 24743 24747 
24749 24751 24753 24757 24766 24784 24786 24786 24788 24790 
24790 24790 24798 24799 24810 24812 24817 24823 24832 24841 
24844 24845 24853 24857 24857 24859 24863 24872 24876 24878 
24881 24884 24890 24903 24913 24919 24920 24927 24932 24933 
24935 24938 24940 24943 24951 24952 24957 24958 24964 24964 
24974 24983 24990 25002 25009 25012 25020 25021 25021 25022 
25024 25024 25026 25028 25028 25031 25036 25036 25041 25047 
25056 25063 25068 25069 25073 25076 25081 25084 25089 25093 
25099 25101 25105 25110 25113 25116 25117 25119 25127 25129 
25139 25141 25142 25147 25152 25155 25157 25161 25162 25167 
25170 25173 25180 25180 25189 25193 25197 25204 25209 25212 
25213 25217 25227 25229 25235 25238 25254 25259 25273 25275 
25283 25303 25304 25305 25310 25312 25333 25334 25348 25349 
25349 25350 25351 25357 25358 25361 25361 25366 25366 25368 
25412 25413 25415 25417 25421 25424 25427 25427 25439 25453 
25462 25466 25472 25473 25477 25481 25481 25484 25490 25491 
25494 25494 25504 25507 25513 25517 25521 25522 25522 25524 
25526 25533 25534 25535 25537 25539 25539 25542 25558 25567 
25575 25578 25580 25583 25583 25584 25585 25588 25597 25611 
25612 25612 25615 25616 25645 25671 25672 25700 25703 25709 
25715 25716 25739 25748 25751 25752 25755 25760 25772 25782 
25782 25783 25784 25788 25799 25801 25804 25805 25808 25821 
25825 25826 25830 25835 25840 25842 25847 25853 25856 25858 
25859 25861 25861 25877 25891 25891 25892 25894 25903 25913 
25913 25914 25918 25923 25932 25943 25949 25950 25955 25956 
25962 25966 25969 25970 25974 25985 25994 26009 26018 26022 
26031 26033 26034 26038 26041 26046 26051 26074 26076 26084 
26085 26089 26104 26106 26109 26111 26118 26125 26127 26129 
26131 26133 26141 26141 26161 26163 26166 26177 26180 26181 
26184 26187 26192 26197 26201 26202 26215 26235 26242 26242 
26244 26251 26261 26263 26279 26291 26296 26301 26302 26307 
26312 26327 26335 26339 26346 26350 26353 26357 26363 26380 
26381 26383 26391 26394 26399 26405 26407 26409 26434 26443 
26446 26449 26450 26459 26470 26473 26479 26482 26485 26487 
26487 26489 26493 26493 26493 26496 26503 26505 26533 26535 
26537 26537 26547 26553 26557 26561 26566 26577 26578 26579 
26583 26587 26591 26593 26605 26609 26609 26610 26616 26619 
26633 26643 26650 26651 26656 26659 26661 26662 26662 26668 
26668 26675 26691 26692 26700 26701 26712 26721 26730 26746 
26767 26769 26778 26787 26795 26796 26802 26809 26815 26818 
26836 26838 26843 26849 26859 26865 26869 26872 26873 26881 
26886 26889 26898 26901 26904 26909 26912 26921 26923 26929 
26930 26939 26954 26955 26969 26970 26981 26988 26990 26990 
26991 27001 27004 27009 27012 27012 27019 27023 27029 27032 
27035 27045 27045 27053 27061 27066 27069 27077 27079 27083 
27090 27096 27099 27105 27106 27111 27118 27121 27123 27123 
27132 27135 27138 27138 27145 27147 27147 27154 27154 27164 
27172 27172 27185 27187 27190 27190 27202 27203 27210 27216 
27220 27221 27225 27225 27228 27229 27233 27237 27243 27251 
27255 27255 27258 27261 27269 27270 27273 27275 27281 27291 
27293 27294 27294 27302 27306 27316 27332 27337 27349 27355 
27359 27365 27366 27369 27376 27377 27382 27388 27391 27400 
27402 27402 27405 27406 27408 27413 27423 27423 27425 27427 
27430 27437 27437 27437 27439 27439 27443 27448 27451 27452 
27452 27460 27469 27470 27479 27483 27491 27491 27502 27505 
27510 27510 27511 27529 27533 27556 27568 27574 27578 27580 
27583 27587 27617 27626 27641 27646 27649 27649 27653 27663 
27666 27667 27670 27682 27685 27689 27690 27692 27700 27708 
27727 27727 27733 27735 27735 27740 27741 27742 27746 27751 
27758 27761 27776 27780 27781 27781 27782 27786 27788 27789 
27790 27791 27799 27802 27802 27807 27812 27831 27834 27846 
27858 27858 27859 27863 27885 27886 27898 27916 27924 27926 
27929 27931 27934 27937 27938 27944 27952 27963 27978 27992 
27992 28000 28010 28012 28014 28014 28018 28018 28038 28042 
28043 28046 28046 28053 28065 28068 28072 28076 28091 28097 
28098 28102 28103 28104 28114 28118 28128 28129 28130 28132 
28142 28148 28149 28153 28162 28164 28167 28167 28168 28180 
28185 28196 28205 28213 28226 28227 28232 28238 28242 28245 
28246 28255 28256 28263 28267 28271 28284 28288 28294 28295 
28304 28309 28317 28322 28326 28366 28381 28381 28387 28394 
28395 28409 28411 28411 28413 28417 28419 28428 28430 28439 
28441 28443 28444 28447 28447 28447 28450 28451 28451 28452 
28460 28462 28466 28472 28478 28479 28482 28496 28512 28542 
28553 28554 28557 28562 28564 28567 28573 28573 28574 28576 
28582 28604 28606 28612 28627 28631 28632 28643 28643 28645 
28647 28649 28653 28661 28665 28666 28672 28675 28676 28678 
28681 28681 28681 28686 28695 28705 28712 28712 28713 28714 
28715 28724 28726 28727 28730 28739 28743 28751 28757 28772 
28779 28781 28784 28787 28791 28798 28801 28804 28805 28808 
28808 28809 28816 28817 28831 28834 28840 28841 28844 28844 
28849 28854 28865 28876 28878 28885 28910 28917 28919 28921 
28924 28924 28927 28934 28935 28948 28951 28959 28962 28964 
28967 28968 28975 28976 28980 28981 28989 28989 28994 29002 
29011 29023 29023 29024 29044 29048 29052 29055 29059 29064 
29066 29067 29067 29078 29081 29084 29088 29090 29091 29096 
29097 29106 29106 29117 29122 29126 29128 29134 29136 29139 
29139 29140 29148 29168 29176 29179 29180 29181 29184 29188 
29196 29199 29203 29203 29203 29203 29205 29211 29211 29218 
29225 29245 29248 29260 29268 29275 29275 29275 29299 29305 
29312 29321 29323 29325 29329 29354 29356 29362 29376 29377 
29381 29388 29392 29392 29392 29398 29401 29414 29420 29432 
29433 29434 29440 29443 29446 29458 29468 29481 29484 29496 
29496 29502 29506 29507 29508 29516 29517 29522 29523 29537 
29539 29543 29545 29554 29559 29560 29564 29594 29595 29596 
29602 29606 29608 29609 29614 29616 29620 29625 29626 29633 
29644 29656 29665 29681 29682 29689 29700 29713 29723 29728 
29731 29741 29773 29783 29796 29798 29799 29806 29807 29809 
29815 29818 29825 29832 29840 29844 29844 29850 29853 29874 
29881 29884 29886 29895 29896 29897 29898 29898 29905 29910 
29917 29919 29920 29925 29925 29928 29935 29939 29958 29961 
29968 29969 29972 29979 29980 29986 29989 29992 29996 30000 
30003 30005 30005 30017 30021 30045 30057 30058 30060 30061 
30061 30063 30068 30071 30075 30095 30099 30100 30126 30135 
30137 30141 30145 30170 30171 30172 30175 30175 30176 30179 
30179 30182 30183 30183 30214 30229 30234 30240 30252 30252 
30255 30256 30262 30263 30279 30280 30288 30290 30297 30299 
30315 30316 30323 30323 30323 30335 30349 30357 30358 30359 
30360 30366 30372 30375 30375 30376 30377 30391 30395 30397 
30410 30414 30444 30445 30450 30461 30465 30468 30473 30474 
30482 30484 30490 30492 30494 30500 30503 30511 30512 30529 
30531 30531 30531 30531 30532 30533 30536 30540 30541 30546 
30548 30550 30555 30559 30559 30563 30568 30570 30573 30576 
30591 30598 30600 30600 30601 30602 30605 30609 30614 30630 
30630 30631 30632 30641 30643 30651 30655 30661 30662 30668 
30682 30687 30689 30690 30691 30695 30697 30699 30701 30718 
30719 30721 30727 30730 30732 30732 30733 30738 30743 30747 
30752 30755 30760 30766 30767 30768 30770 30774 30774 30777 
30791 30792 30794 30797 30816 30828 30830 30831 30840 30841 
30868 30868 30878 30879 30883 30886 30887 30892 30893 30904 
30905 30910 30912 30917 30918 30919 30941 30942 30949 30951 
30954 30954 30966 30979 30979 30986 30991 31003 31008 31011 
31014 31017 31020 31021 31027 31028 31028 31029 31030 31031 
31041 31042 31061 31066 31073 31094 31099 31101 31104 31108 
31114 31117 31121 31122 31123 31133 31147 31153 31154 31159 
31161 31161 31163 31169 31170 31174 31176 31177 31178 31180 
31188 31197 31199 31200 31204 31206 31208 31214 31215 31216 
31219 31222 31234 31236 31241 31249 31251 31252 31259 31260 
31264 31265 31265 31268 31268 31272 31287 31288 31288 31302 
31306 31314 31320 31323 31333 31342 31342 31347 31354 31358 
31359 31361 31368 31369 31381 31382 31382 31385 31393 31399 
31410 31418 31426 31434 31438 31446 31453 31453 31453 31453 
31454 31458 31459 31460 31462 31463 31475 31482 31485 31486 
31489 31493 31495 31509 31518 31521 31527 31534 31564 31568 
31572 31576 31582 31583 31584 31594 31601 31603 31608 31614 
31616 31624 31638 31649 31651 31666 31677 31682 31685 31685 
31685 31689 31691 31694 31694 31695 31698 31709 31714 31720 
31721 31721 31722 31726 31728 31732 31734 31741 31743 31743 
31746 31751 31752 31756 31770 31771 31776 31801 31803 31805 
31807 31807 31809 31809 31812 31813 31816 31817 31817 31821 
31822 31840 31847 31851 31853 31856 31857 31866 31868 31869 
31874 31883 31883 31883 31884 31888 31893 31895 31895 31897 
31911 31915 31919 31922 31923 31925 31930 31935 31935 31940 
31947 31952 31955 31956 31969 31974 31979 31981 31985 31987 
31989 31989 31991 31994 32003 32006 32011 32017 32034 32036 
32040 32041 32045 32047 32047 32051 32051 32054 32059 32063 
32085 32086 32090 32100 32117 32118 32123 32124 32127 32134 
32139 32142 32152 32153 32155 32159 32159 32163 32165 32166 
32169 32183 32184 32189 32197 32199 32207 32207 32212 32212 
32216 32217 32226 32227 32228 32232 32237 32240 32240 32245 
32264 32264 32265 32267 32270 32274 32274 32274 32292 32299 
32302 32302 32303 32307 32319 32323 32324 32325 32331 32341 
32346 32349 32371 32373 32373 32377 32377 32382 32395 32395 
32397 32404 32407 32408 32418 32420 32427 32432 32441 32442 
32444 32450 32451 32453 32465 32470 32472 32477 32494 32510 
32521 32521 32525 32528 32538 32541 32546 32555 32560 32561 
32562 32563 32572 32574 32583 32590 32593 32595 32597 32617 
32620 32629 32630 32638 32640 32642 32647 32652 32654 32663 
32664 32672 32673 32675 32681 32689 32692 32693 32696 32704 
32713 32713 32714 32717 32717 32736 32741 32756 32762 32767 
32773 32776 32787 32790 32792 32800 32806 32807 32815 32817 
32826 32828 32832 32837 32839 32849 32859 32860 32861 32863 
32863 32867 32875 32879 32880 32885 32890 32890 32892 32896 
32905 32907 32908 32919 32927 32934 32936 32941 32948 32957 
32961 32964 32965 32968 32970 32977 32979 32981 32986 32989 
33004 33016 33018 33020 33024 33026 33030 33043 33044 33045 
33068 33068 33085 33086 33088 33091 33092 33092 33095 33099 
33103 33108 33119 33120 33123 33124 33125 33129 33138 33141 
33144 33155 33155 33158 33159 33166 33166 33167 33172 33172 
33182 33184 33193 33211 33211 33212 33216 33226 33231 33237 
33237 33237 33250 33254 33257 33259 33261 33263 33264 33273 
33276 33279 33286 33296 33304 33320 33322 33330 33331 33331 
33338 33339 33352 33362 33373 33382 33388 33390 33391 33392 
33392 33394 33395 33399 33407 33411 33414 33416 33417 33423 
33429 33430 33431 33432 33433 33433 33440 33451 33455 33466 
33466 33466 33476 33480 33492 33501 33505 33509 33511 33513 
33515 33545 33545 33545 33547 33550 33553 33556 33556 33560 
33562 33567 33571 33577 33589 33591 33592 33597 33598 33599 
33606 33617 33621 33639 33647 33647 33647 33654 33662 33663 
33666 33667 33671 33683 33685 33687 33688 33691 33692 33698 
33704 33705 33734 33735 33738 33738 33739 33745 33760 33760 
33764 33769 33772 33773 33775 33776 33785 33793 33795 33795 
33796 33801 33801 33803 33804 33806 33812 33814 33831 33833 
33835 33838 33847 33849 33867 33871 33882 33883 33885 33891 
33892 33899 33900 33901 33910 33914 33922 33925 33933 33935 
33941 33942 33959 33961 33975 33978 33979 33987 33989 33993 
33995 33996 33999 34001 34007 34014 34016 34021 34021 34022 
34025 34029 34036 34042 34042 34043 34043 34054 34060 34061 
34073 34073 34073 34078 34081 34087 34099 34105 34106 34113 
34122 34131 34135 34141 34146 34149 34156 34165 34168 34168 
34169 34176 34177 34178 34191 34200 34205 34205 34210 34210 
34213 34217 34218 34224 34229 34229 34230 34230 34231 34233 
34246 34249 34256 34261 34262 34269 34271 34278 34283 34287 
34288 34294 34302 34311 34312 34327 34331 34351 34360 34363 
34367 34374 34384 34387 34389 34396 34402 34410 34417 34420 
34420 34428 34430 34432 34441 34447 34452 34454 34460 34463 
34465 34470 34477 34485 34487 34501 34513 34516 34537 34539 
34541 34544 34545 34546 34547 34557 34563 34567 34577 34589 
34592 34594 34596 34598 34600 34608 34609 34610 34622 34624 
34629 34630 34649 34651 34664 34689 34695 34700 34707 34711 
34712 34712 34723 34732 34744 34745 34759 34766 34769 34776 
34787 34789 34792 34792 34793 34812 34819 34823 34825 34832 
34839 34854 34855 34867 34882 34883 34884 34885 34890 34891 
34896 34898 34905 34908 34918 34921 34924 34934 34939 34939 
34945 34946 34950 34958 34968 34975 34978 34989 34991 34997 
34997 35003 35004 35009 35020 35022 35027 35031 35038 35050 
35053 35056 35059 35064 35071 35073 35073 35081 35083 35086 
35102 35103 35108 35109 35114 35122 35125 35127 35130 35131 
35136 35141 35150 35157 35158 35181 35186 35189 35203 35205 
35208 35208 35209 35210 35211 35213 35219 35221 35222 35227 
35230 35263 35268 35268 35278 35280 35290 35290 35291 35293 
35293 35309 35311 35325 35334 35336 35345 35346 35353 35357 
35360 35361 35362 35377 35377 35377 35378 35381 35384 35397 
35403 35407 35412 35420 35422 35426 35427 35443 35448 35448 
35459 35462 35463 35463 35463 35466 35473 35473 35485 35486 
35487 35490 35494 35496 35500 35501 35502 35509 35510 35511 
35529 35533 35533 35535 35536 35544 35556 35569 35572 35572 
35572 35572 35578 35579 35582 35586 35588 35593 35598 35599 
35607 35608 35609 35614 35616 35625 35638 35640 35643 35650 
35651 35652 35656 35664 35672 35688 35696 35702 35706 35712 
35712 35723 35726 35727 35735 35744 35760 35760 35761 35767 
35776 35780 35790 35791 35793 35800 35800 35813 35813 35817 
35821 35822 35824 35826 35841 35847 35851 35855 35860 35867 
35877 35879 35880 35881 35883 35887 35888 35889 35895 35897 
35900 35904 35905 35913 35913 35917 35918 35920 35921 35937 
35938 35939 35940 35946 35947 35949 35951 35953 35953 35955 
35962 35969 35976 35982 35983 35987 35997 36005 36014 36018 
36024 36024 36026 36034 36039 36043 36049 36072 36074 36076 
36082 36090 36103 36104 36105 36112 36130 36131 36138 36140 
36141 36144 36151 36156 36168 36170 36178 36179 36179 36182 
36200 36203 36225 36234 36240 36240 36251 36252 36257 36264 
36277 36279 36287 36292 36295 36299 36316 36318 36319 36324 
36329 36332 36334 36336 36338 36340 36342 36355 36358 36362 
36366 36370 36375 36377 36383 36383 36383 36387 36389 36396 
36397 36397 36398 36403 36409 36417 36419 36426 36427 36430 
36438 36441 36444 36446 36452 36452 36457 36459 36462 36464 
36479 36486 36487 36496 36497 36502 36506 36516 36518 36528 
36534 36542 36543 36545 36546 36554 36567 36575 36583 36586 
36588 36598 36598 36601 36604 36613 36619 36643 36644 36648 
36658 36665 36681 36682 36686 36689 36697 36701 36708 36710 
36712 36716 36720 36728 36730 36732 36734 36736 36740 36745 
36763 36769 36774 36785 36797 36805 36809 36811 36835 36838 
36842 36849 36865 36866 36884 36884 36893 36898 36898 36906 
36918 36922 36923 36935 36939 36942 36950 36954 36972 36973 
36977 36982 36988 37003 37004 37004 37013 37024 37029 37029 
37044 37049 37050 37056 37059 37061 37062 37064 37067 37080 
37084 37102 37105 37106 37109 37115 37119 37134 37145 37163 
37163 37165 37167 37169 37169 37171 37176 37189 37196 37196 
37197 37200 37201 37203 37203 37203 37206 37215 37219 37225 
37227 37237 37242 37255 37257 37257 37260 37265 37269 37272 
37272 37288 37290 37315 37333 37337 37339 37341 37345 37346 
37354 37361 37363 37370 37377 37380 37404 37430 37431 37440 
37445 37445 37445 37446 37446 37459 37469 37473 37474 37476 
37478 37479 37480 37480 37481 37481 37490 37491 37492 37494 
37496 37499 37504 37512 37514 37515 37523 37523 37524 37526 
37528 37528 37537 37537 37538 37541 37546 37547 37565 37573 
37573 37578 37580 37583 37589 37594 37596 37597 37602 37606 
37621 37625 37627 37634 37637 37645 37649 37651 37652 37653 
37660 37661 37667 37669 37673 37675 37676 37681 37683 37691 
37696 37704 37706 37706 37711 37713 37713 37719 37723 37727 
37730 37731 37735 37741 37742 37743 37744 37748 37748 37761 
37771 37773 37785 37786 37788 37791 37792 37793 37794 37805 
37808 37811 37817 37818 37825 37827 37827 37831 37832 37834 
37843 37844 37845 37857 37858 37859 37860 37861 37874 37887 
37888 37888 37888 37889 37894 37896 37898 37916 37918 37925 
37934 37937 37938 37939 37951 37966 37975 37978 38016 38022 
38024 38036 38038 38039 38044 38045 38048 38052 38053 38069 
38075 38086 38093 38094 38099 38099 38100 38104 38106 38108 
38110 38132 38135 38140 38146 38156 38158 38167 38175 38175 
38211 38218 38219 38222 38226 38229 38236 38238 38243 38248 
38269 38270 38279 38280 38284 38285 38286 38287 38304 38313 
38314 38314 38316 38327 38332 38334 38350 38350 38354 38355 
38358 38363 38365 38368 38369 38370 38370 38376 38377 38390 
38397 38410 38415 38428 38429 38430 38436 38439 38446 38453 
38457 38465 38476 38478 38491 38492 38498 38498 38502 38502 
38509 38517 38528 38533 38537 38537 38555 38583 38596 38600 
38604 38608 38620 38622 38623 38628 38630 38631 38639 38651 
38652 38658 38660 38664 38665 38667 38673 38682 38684 38689 
38704 38705 38709 38716 38736 38736 38741 38745 38746 38748 
38750 38766 38767 38773 38775 38810 38823 38825 38825 38831 
38841 38848 38866 38869 38871 38871 38873 38875 38876 38880 
38882 38901 38902 38912 38915 38919 38921 38923 38939 38942 
38942 38951 38952 38959 38960 38973 38980 38992 38992 38994 
38998 39003 39012 39015 39017 39025 39030 39031 39035 39038 
39038 39052 39053 39055 39058 39060 39061 39077 39095 39100 
39100 39100 39105 39147 39150 39155 39168 39172 39173 39174 
39175 39186 39197 39203 39215 39217 39217 39220 39229 39229 
39230 39231 39232 39233 39234 39238 39243 39245 39245 39254 
39254 39259 39262 39272 39272 39274 39280 39290 39293 39295 
39301 39303 39307 39309 39312 39313 39327 39331 39334 39337 
39339 39340 39343 39351 39356 39358 39361 39361 39362 39366 
39367 39374 39379 39383 39397 39410 39419 39435 39436 39442 
39454 39454 39455 39456 39457 39458 39462 39464 39469 39473 
39474 39476 39478 39480 39488 39492 39494 39514 39530 39531 
39544 39560 39566 39567 39567 39573 39574 39576 39582 39587 
39590 39594 39598 39600 39607 39607 39609 39615 39616 39620 
39621 39626 39628 39629 39636 39646 39654 39657 39658 39659 
39671 39674 39676 39691 39692 39696 39698 39707 39710 39728 
39738 39738 39741 39742 39745 39747 39749 39750 39759 39774 
39778 39784 39788 39798 39804 39804 39811 39817 39823 39831 
39867 39867 39881 39897 39899 39914 39920 39925 39927 39929 
39938 39954 39960 39967 39969 39986 39988 39989 39995 40002 
40006 40009 40019 40024 40026 40030 40044 40047 40051 40065 
40074 40075 40076 40082 40093 40094 40095 40100 40111 40113 
40113 40117 40118 40128 40132 40134 40142 40144 40148 40148 
40150 40160 40162 40167 40169 40176 40177 40186 40191 40199 
40205 40207 40218 40218 40225 40230 40231 40233 40238 40242 
40242 40244 40251 40255 40268 40268 40272 40286 40299 40324 
40328 40329 40341 40341 40341 40343 40356 40358 40377 40385 
40387 40392 40393 40400 40405 40406 40407 40407 40423 40426 
40435 40439 40443 40445 40452 40455 40462 40470 40479 40480 
40486 40487 40498 40499 40511 40513 40516 40519 40522 40524 
40524 40536 40539 40542 40546 40562 40569 40582 40582 40582 
40588 40592 40597 40598 40604 40606 40606 40607 40609 40619 
40627 40629 40631 40633 40643 40650 40650 40650 40674 40689 
40696 40699 40701 40702 40704 40714 40717 40722 40726 40732 
40743 40745 40746 40747 40754 40770 40773 40773 40775 40777 
40780 40782 40788 40790 40806 40821 40823 40826 40829 40829 
40832 40835 40851 40864 40869 40876 40883 40908 40912 40919 
40924 40924 40927 40930 40937 40943 40945 40945 40946 40946 
40947 40952 40957 40970 40989 40992 40993 40998 41001 41019 
41023 41027 41034 41037 41040 41045 41045 41058 41061 41074 
41077 41093 41095 41108 41115 41122 41125 41128 41129 41130 
41131 41149 41165 41172 41177 41185 41198 41200 41206 41233 
41235 41236 41239 41240 41241 41247 41255 41257 41261 41263 
41264 41287 41295 41296 41311 41311 41326 41340 41344 41348 
41350 41352 41357 41366 41369 41369 41372 41381 41381 41384 
41395 41396 41399 41399 41402 41402 41404 41406 41407 41408 
41411 41415 41417 41421 41421 41423 41423 41430 41432 41435 
41435 41442 41447 41452 41457 41459 41463 41467 41474 41480 
41480 41481 41488 41495 41495 41496 41498 41504 41507 41508 
41510 41514 41519 41519 41523 41527 41537 41554 41563 41563 
41565 41565 41569 41591 41597 41603 41608 41608 41611 41615 
41618 41629 41629 41630 41637 41637 41638 41641 41642 41648 
41656 41676 41679 41679 41680 41684 41692 41693 41696 41710 
41739 41747 41748 41750 41751 41751 41754 41758 41760 41767 
41773 41773 41782 41785 41789 41803 41805 41805 41807 41808 
41815 41820 41821 41821 41822 41826 41828 41836 41844 41850 
41860 41876 41877 41880 41886 41887 41892 41893 41894 41894 
41900 41910 41915 41931 41939 41944 41944 41945 41948 41951 
41951 41961 41962 41963 41972 41978 41981 41994 41994 41996 
41998 42001 42004 42006 42009 42021 42037 42040 42043 42048 
42054 42057 42061 42065 42067 42069 42071 42073 42078 42084 
42086 42106 42114 42126 42136 42137 42137 42141 42148 42150 
42156 42159 42161 42170 42172 42173 42173 42174 42183 42191 
42195 42202 42205 42207 42213 42216 42216 42218 42224 42235 
42235 42241 42252 42255 42267 42273 42298 42302 42307 42318 
42329 42335 42335 42335 42339 42343 42347 42357 42357 42362 
42375 42378 42384 42384 42395 42396 42396 42406 42408 42414 
42415 42417 42436 42440 42444 42450 42452 42453 42456 42457 
42458 42462 42463 42466 42468 42469 42470 42471 42472 42477 
42481 42487 42488 42492 42495 42495 42502 42503 42504 42504 
42509 42512 42518 42518 42521 42523 42531 42534 42535 42538 
42538 42541 42558 42566 42571 42582 42586 42591 42592 42597 
42599 42603 42610 42619 42619 42623 42624 42642 42642 42645 
42647 42650 42651 42652 42660 42664 42675 42677 42684 42686 
42690 42692 42698 42699 42702 42723 42724 42733 42738 42743 
42745 42750 42752 42752 42753 42755 42756 42763 42769 42776 
42777 42778 42793 42797 42801 42802 42805 42820 42823 42824 
42830 42832 42843 42846 42850 42855 42857 42858 42865 42874 
42879 42879 42888 42892 42899 42920 42922 42927 42938 42944 
42945 42946 42948 42949 42958 42964 42965 42966 42967 42970 
42976 42976 42985 42985 42987 42989 42992 43001 43002 43005 
43005 43006 43008 43012 43014 43020 43020 43023 43024 43029 
43035 43036 43043 43044 43062 43065 43075 43079 43088 43089 
43092 43093 43094 43094 43099 43108 43110 43113 43114 43118 
43119 43122 43122 43126 43128 43140 43152 43160 43164 43169 
43177 43181 43189 43197 43202 43208 43216 43223 43230 43232 
43239 43240 43241 43248 43250 43251 43253 43264 43270 43281 
43281 43303 43304 43304 43310 43329 43334 43335 43345 43347 
43349 43349 43353 43360 43370 43370 43372 43378 43380 43386 
43402 43403 43404 43407 43410 43417 43422 43423 43426 43433 
43436 43437 43443 43446 43453 43455 43456 43469 43470 43471 
43475 43485 43486 43489 43496 43496 43501 43501 43505 43510 
43516 43517 43521 43523 43528 43534 43536 43540 43540 43552 
43555 43556 43562 43572 43580 43589 43591 43592 43609 43624 
43631 43632 43635 43640 43643 43660 43664 43668 43676 43686 
43692 43698 43699 43708 43709 43718 43718 43727 43729 43729 
43736 43777 43796 43808 43813 43825 43829 43830 43836 43838 
43843 43844 43854 43856 43859 43859 43881 43884 43884 43884 
43887 43888 43891 43893 43894 43895 43908 43911 43913 43915 
43925 43936 43938 43951 43954 43962 43965 43972 44003 44007 
44008 44011 44012 44045 44046 44051 44053 44054 44055 44057 
44062 44063 44069 44077 44082 44087 44089 44091 44097 44097 
44099 44099 44102 44103 44105 44116 44117 44127 44128 44134 
44136 44152 44161 44167 44168 44172 44178 44180 44188 44198 
44201 44202 44204 44206 44208 44213 44215 44228 44234 44243 
44246 44254 44254 44256 44268 44275 44282 44289 44291 44296 
44299 44303 44309 44318 44326 44328 44328 44336 44336 44336 
44339 44343 44359 44360 44364 44374 44375 44378 44384 44388 
44391 44391 44398 44402 44405 44407 44409 44419 44426 44431 
44440 44442 44452 44453 44453 44455 44458 44463 44463 44464 
44471 44480 44481 44482 44492 44503 44513 44522 44523 44523 
44536 44549 44555 44559 44566 44567 44574 44585 44593 44613 
44639 44650 44651 44655 44667 44672 44679 44682 44683 44687 
44691 44698 44708 44714 44727 44732 44740 44741 44752 44754 
44754 44755 44759 44760 44768 44778 44789 44790 44793 44795 
44796 44802 44803 44808 44812 44812 44813 44815 44821 44827 
44840 44844 44851 44851 44853 44855 44867 44868 44873 44889 
44894 44905 44905 44906 44907 44914 44918 44927 44937 44939 
44964 44974 44989 44990 44995 44996 45006 45008 45012 45016 
45021 45027 45031 45031 45033 45050 45053 45061 45062 45063 
45065 45068 45071 45077 45081 45090 45098 45101 45115 45120 
45122 45128 45134 45141 45151 45151 45157 45160 45166 45167 
45169 45177 45177 45177 45178 45179 45183 45185 45210 45212 
45212 45218 45220 45220 45224 45234 45237 45241 45249 45251 
45257 45258 45261 45262 45268 45269 45271 45274 45276 45279 
45284 45286 45311 45311 45313 45329 45331 45338 45338 45342 
45354 45363 45371 45372 45375 45375 45380 45384 45387 45392 
45395 45408 45409 45411 45413 45417 45418 45422 45438 45441 
45443 45444 45448 45452 45458 45459 45462 45464 45475 45477 
45483 45492 45505 45507 45507 45509 45515 45529 45530 45534 
45535 45542 45546 45549 45559 45584 45602 45605 45606 45623 
45626 45631 45640 45642 45649 45657 45668 45669 45671 45676 
45689 45690 45695 45696 45698 45704 45707 45719 45727 45729 
45729 45748 45749 45757 45761 45785 45787 45787 45804 45805 
45816 45818 45823 45824 45837 45844 45849 45852 45855 45860 
45861 45872 45873 45875 45881 45887 45887 45888 45896 45899 
45901 45906 45908 45920 45923 45935 45935 45940 45950 45954 
45956 45971 45977 45980 45980 45986 45989 45989 45994 45998 
46013 46017 46027 46028 46035 46038 46041 46045 46046 46046 
46066 46068 46077 46087 46088 46089 46099 46102 46103 46112 
46113 46116 46138 46145 46149 46151 46155 46157 46157 46158 
46160 46163 46163 46170 46176 46187 46189 46191 46195 46200 
46220 46226 46233 46236 46237 46240 46242 46242 46245 46248 
46262 46264 46266 46269 46276 46281 46282 46287 46288 46290 
46295 46301 46302 46305 46314 46319 46323 46325 46335 46337 
46343 46370 46372 46372 46374 46384 46384 46389 46397 46400 
46404 46407 46415 46422 46423 46430 46431 46436 46437 46443 
46448 46451 46459 46463 46464 46465 46468 46481 46490 46491 
46495 46495 46497 46498 46499 46500 46516 46518 46526 46542 
46542 46543 46544 46547 46548 46555 46573 46575 46576 46582 
46584 46589 46589 46591 46611 46614 46615 46616 46621 46628 
46632 46633 46637 46648 46663 46665 46666 46668 46671 46673 
46675 46682 46686 46690 46692 46699 46702 46708 46710 46720 
46725 46730 46735 46743 46751 46755 46757 46762 46767 46771 
46774 46774 46786 46787 46787 46793 46797 46800 46801 46810 
46813 46817 46817 46825 46827 46834 46838 46839 46840 46848 
46855 46860 46875 46877 46884 46892 46893 46894 46901 46903 
46911 46915 46919 46925 46938 46940 46949 46959 46962 46965 
46967 46972 46973 46985 46986 46987 46990 46993 46995 46997 
47012 47015 47016 47022 47025 47026 47032 47035 47039 47039 
47043 47047 47051 47053 47053 47055 47060 47064 47073 47078 
47079 47090 47093 47095 47098 47104 47111 47112 47120 47124 
47125 47127 47133 47137 47144 47150 47159 47174 47186 47206 
47210 47211 47228 47229 47245 47253 47255 47256 47258 47258 
47259 47261 47263 47263 47270 47271 47279 47285 47289 47298 
47302 47310 47323 47323 47327 47328 47332 47334 47336 47338 
47342 47343 47346 47354 47359 47363 47370 47377 47384 47385 
47387 47391 47392 47395 47402 47411 47411 47417 47423 47426 
47427 47436 47438 47439 47450 47454 47454 47468 47469 47473 
47474 47478 47478 47492 47499 47502 47506 47509 47510 47522 
47523 47526 47530 47531 47532 47536 47537 47559 47560 47561 
47566 47574 47575 47579 47584 47588 47593 47594 47594 47611 
47619 47627 47630 47636 47640 47640 47642 47648 47648 47660 
47684 47690 47695 47699 47710 47714 47724 47728 47730 47733 
47734 47740 47748 47766 47772 47773 47783 47793 47795 47799 
47800 47802 47811 47812 47813 47822 47829 47838 47840 47842 
47850 47854 47865 47866 47875 47876 47876 47879 47880 47884 
47894 47894 47900 47911 47913 47915 47916 47918 47922 47928 
47933 47942 47949 47964 47979 47981 47988 47992 48004 48007 
48008 48015 48017 48023 48025 48028 48030 48041 48041 48056 
48057 48062 48063 48072 48080 48081 48085 48090 48091 48094 
48098 48101 48105 48107 48109 48110 48116 48130 48136 48143 
48145 48145 48157 48162 48165 48169 48170 48172 48178 48181 
48185 48185 48198 48220 48224 48228 48235 48238 48239 48239 
48240 48241 48246 48248 48254 48266 48280 48281 48281 48282 
48293 48304 48306 48307 48307 48308 48315 48315 48319 48328 
48331 48341 48344 48352 48366 48368 48377 48378 48379 48382 
48389 48394 48395 48395 48399 48400 48404 48406 48414 48415 
48416 48418 48425 48430 48435 48449 48456 48460 48463 48464 
48465 48468 48469 48477 48478 48479 48491 48496 48500 48503 
48507 48509 48512 48514 48519 48524 48541 48544 48547 48550 
48554 48555 48556 48556 48558 48586 48602 48606 48609 48616 
48627 48633 48644 48647 48649 48655 48655 48656 48659 48673 
48677 48693 48697 48701 48714 48714 48721 48731 48734 48749 
48760 48761 48771 48774 48776 48776 48778 48780 48795 48798 
48798 48799 48802 48805 48807 48807 48809 48813 48813 48814 
48814 48819 48820 48821 48841 48843 48846 48848 48848 48858 
48858 48865 48872 48875 48879 48892 48892 48894 48901 48908 
48917 48926 48933 48934 48936 48936 48937 48938 48940 48944 
48945 48953 48958 48969 48970 48973 48988 48992 48999 49000 
49001 49008 49017 49030 49032 49033 49039 49041 49045 49045 
49051 49078 49078 49083 49084 49089 49090 49098 49099 49101 
49113 49117 49118 49122 49129 49135 49142 49145 49145 49148 
49150 49155 49160 49174 49175 49176 49179 49183 49198 49198 
49202 49222 49229 49233 49243 49251 49258 49260 49261 49269 
49273 49277 49281 49281 49287 49289 49295 49295 49314 49316 
49320 49320 49320 49325 49329 49346 49351 49352 49354 49354 
49359 49363 49367 49369 49377 49378 49396 49397 49400 49400 
49403 49404 49412 49418 49420 49422 49424 49433 49452 49459 
49462 49483 49497 49498 49499 49500 49503 49509 49510 49518 
49534 49538 49540 49552 49552 49558 49560 49561 49563 49573 
49574 49577 49582 49589 49594 49594 49598 49599 49600 49616 
49619 49622 49632 49634 49634 49635 49637 49641 49653 49654 
49655 49662 49662 49664 49670 49677 49678 49680 49682 49687 
49692 49701 49706 49711 49711 49711 49714 49716 49723 49727 
49728 49732 49732 49734 49743 49744 49747 49749 49763 49767 
49770 49776 49777 49782 49785 49799 49801 49803 49809 49812 
49816 49824 49824 49824 49835 49838 49844 49845 49846 49848 
49851 49853 49856 49863 49865 49877 49891 49899 49903 49903 
49917 49917 49921 49922 49936 49937 49938 49943 49953 49954 
49958 49959 49964 49982 49984 49985 49986 49986 49994 49996 
49999 50000 50004 50013 50033 50034 50048 50049 50049 50070 
50071 50081 50086 50087 50093 50093 50102 50105 50107 50110 
50113 50113 50127 50129 50131 50132 50134 50140 50142 50146 
50147 50147 50153 50156 50158 50164 50165 50169 50169 50181 
50194 50196 50200 50202 50202 50206 50207 50209 50209 50210 
50217 50220 50220 50220 50227 50228 50236 50240 50245 50255 
50257 50274 50280 50297 50304 50305 50309 50316 50320 50323 
50325 50328 50330 50330 50332 50332 50337 50341 50342 50344 
50349 50358 50358 50360 50363 50367 50373 50381 50389 50399 
50414 50420 50421 50440 50454 50463 50466 50470 50476 50482 
50488 50494 50494 50494 50496 50499 50504 50505 50510 50515 
50522 50525 50527 50533 50534 50541 50545 50547 50550 50552 
50569 50569 50574 50578 50578 50578 50583 50583 50596 50600 
50608 50613 50616 50618 50633 50638 50645 50649 50655 50657 
50658 50660 50674 50688 50690 50696 50697 50697 50697 50702 
50705 50725 50750 50754 50757 50758 50759 50764 50765 50765 
50778 50787 50788 50795 50812 50814 50827 50838 50845 50848 
50859 50860 50863 50863 50892 50894 50895 50900 50903 50916 
50921 50924 50946 50947 50948 50950 50956 50956 50964 50965 
50972 50975 50977 50993 50994 50994 50997 51002 51004 51005 
51007 51008 51018 51019 51020 51027 51030 51030 51034 51056 
51057 51067 51076 51087 51096 51098 51102 51105 51111 51113 
51113 51114 51127 51133 51141 51143 51146 51149 51154 51159 
51159 51162 51169 51170 51173 51174 51178 51179 51180 51184 
51232 51241 51244 51245 51246 51251 51253 51261 51262 51266 
51266 51279 51287 51302 51304 51314 51316 51320 51330 51330 
51335 51351 51354 51356 51363 51373 51384 51385 51387 51390 
51390 51394 51409 51415 51417 51419 51422 51425 51430 51435 
51446 51452 51455 51460 51472 51478 51480 51487 51491 51498 
51504 51513 51527 51536 51548 51550 51551 51574 51575 51578 
51579 51580 51585 51593 51595 51602 51603 51613 51615 51622 
51630 51634 51642 51654 51662 51664 51692 51693 51696 51697 
51705 51709 51716 51727 51728 51731 51732 51732 51740 51746 
51748 51760 51766 51769 51772 51775 51775 51775 51779 51781 
51783 51784 51787 51789 51792 51794 51806 51810 51811 51811 
51813 51813 51817 51818 51821 51825 51842 51849 51860 51861 
51864 51866 51872 51896 51897 51900 51900 51904 51907 51907 
51911 51915 51922 51930 51930 51933 51939 51940 51953 51958 
51962 51970 51973 51973 51987 51994 51999 51999 52002 52014 
52035 52048 52059 52060 52064 52070 52081 52082 52083 52086 
52104 52104 52105 52107 52108 52112 52117 52130 52132 52139 
52148 52151 52151 52155 52155 52156 52157 52159 52180 52182 
52183 52185 52186 52188 52191 52192 52193 52203 52213 52220 
52221 52221 52232 52232 52239 52244 52261 52262 52281 52282 
52299 52299 52304 52311 52317 52317 52335 52338 52343 52347 
52349 52350 52354 52378 52392 52396 52400 52407 52411 52413 
52439 52439 52444 52445 52455 52457 52459 52461 52471 52471 
52474 52481 52486 52490 52495 52498 52501 52502 52503 52505 
52512 52516 52525 52530 52534 52534 52537 52544 52553 52555 
52556 52557 52559 52562 52564 52567 52571 52572 52574 52587 
52591 52599 52602 52604 52604 52609 52611 52629 52633 52634 
52637 52645 52653 52657 52670 52672 52682 52683 52686 52688 
52690 52692 52692 52699 52702 52709 52717 52722 52734 52739 
52740 52747 52750 52753 52755 52756 52757 52758 52763 52765 
52767 52776 52779 52780 52782 52784 52784 52787 52798 52802 
52821 52832 52832 52834 52835 52838 52847 52864 52880 52883 
52886 52887 52889 52902 52911 52913 52918 52922 52922 52927 
52927 52930 52931 52931 52934 52936 52940 52943 52943 52944 
52946 52947 52949 52950 52957 52966 52966 52968 52976 52984 
52990 52991 52991 52997 53000 53001 53007 53013 53018 53019 
53019 53025 53030 53031 53032 53036 53037 53038 53045 53047 
53047 53051 53058 53065 53078 53080 53081 53082 53086 53086 
53087 53100 53105 53106 53108 53109 53113 53114 53117 53133 
53134 53135 53147 53148 53150 53159 53161 53173 53184 53185 
53186 53191 53193 53194 53200 53204 53205 53208 53208 53211 
53212 53224 53229 53230 53231 53236 53239 53244 53250 53253 
53254 53283 53293 53300 53308 53314 53316 53317 53318 53321 
53322 53322 53341 53348 53349 53353 53353 53366 53367 53367 
53371 53379 53379 53386 53387 53394 53399 53404 53406 53407 
53408 53414 53420 53425 53433 53433 53434 53438 53438 53442 
53442 53461 53462 53467 53469 53471 53472 53473 53478 53478 
53488 53488 53499 53506 53507 53513 53514 53520 53525 53531 
53532 53538 53542 53543 53547 53555 53558 53559 53562 53563 
53572 53575 53575 53582 53586 53591 53598 53603 53614 53615 
53625 53625 53634 53636 53637 53641 53641 53651 53652 53654 
53673 53679 53688 53690 53691 53692 53702 53707 53707 53713 
53720 53724 53724 53739 53742 53743 53746 53749 53758 53771 
53773 53774 53776 53784 53796 53799 53800 53803 53825 53828 
53838 53844 53862 53864 53865 53866 53881 53883 53883 53884 
53886 53889 53889 53894 53895 53895 53907 53914 53914 53922 
53931 53932 53935 53938 53939 53945 53949 53953 53953 53955 
53956 53960 53962 53966 53967 53967 53968 53970 53989 53993 
53993 53994 54000 54000 54004 54005 54009 54014 54019 54021 
54024 54029 54030 54042 54042 54046 54051 54060 54062 54075 
54083 54100 54102 54117 54119 54125 54152 54154 54155 54175 
54182 54184 54191 54193 54200 54200 54206 54208 54213 54224 
54225 54243 54247 54261 54268 54273 54273 54286 54292 54293 
54301 54302 54307 54310 54317 54317 54321 54324 54327 54335 
54338 54339 54342 54343 54346 54353 54354 54356 54363 54364 
54373 54374 54377 54381 54384 54390 54394 54404 54420 54420 
54429 54432 54443 54445 54445 54457 54461 54464 54475 54480 
54497 54497 54498 54503 54503 54503 54508 54527 54536 54537 
54538 54539 54540 54553 54554 54556 54565 54583 54586 54591 
54604 54616 54616 54619 54621 54624 54627 54629 54634 54635 
54635 54640 54645 54646 54663 54664 54671 54681 54683 54684 
54688 54709 54709 54710 54712 54717 54721 54721 54725 54726 
54733 54734 54734 54744 54744 54756 54764 54770 54772 54773 
54774 54785 54790 54794 54795 54802 54805 54822 54825 54826 
54826 54826 54846 54853 54855 54860 54867 54868 54881 54883 
54884 54886 54889 54889 54906 54910 54911 54932 54938 54941 
54955 54962 54969 54989 54990 54994 55001 55016 55022 55026 
55031 55034 55037 55037 55041 55045 55046 55053 55054 55056 
55061 55095 55097 55100 55124 55127 55127 55133 55136 55136 
55152 55161 55162 55164 55174 55180 55181 55181 55184 55188 
55192 55195 55200 55203 55210 55210 55212 55213 55219 55224 
55230 55231 55234 55236 55238 55239 55249 55250 55253 55255 
55256 55257 55259 55259 55263 55267 55272 55274 55279 55280 
55280 55286 55287 55287 55292 55296 55298 55298 55303 55308 
55311 55315 55321 55325 55327 55346 55349 55359 55368 55369 
55375 55376 55377 55378 55385 55396 55398 55407 55430 55432 
55439 55446 55461 55474 55477 55478 55479 55484 55488 55491 
55498 55502 55503 55506 55511 55518 55521 55529 55534 55539 
55540 55559 55567 55570 55575 55581 55590 55591 55592 55595 
55597 55599 55600 55604 55604 55612 55622 55623 55631 55632 
55641 55644 55644 55647 55652 55656 55657 55666 55667 55669 
55685 55691 55691 55691 55713 55715 55735 55736 55740 55742 
55751 55759 55760 55770 55775 55775 55790 55793 55797 55799 
55806 55812 55815 55820 55822 55827 55847 55873 55880 55891 
55896 55899 55904 55908 55909 55913 55932 55936 55938 55939 
55945 55947 55950 55951 55953 55955 55959 55960 55966 55987 
55989 55991 55995 56007 56010 56016 56017 56018 56019 56024 
56026 56032 56036 56037 56042 56043 56046 56060 56063 56075 
56075 56088 56092 56093 56099 56107 56107 56108 56120 56123 
56126 56131 56135 56137 56139 56149 56152 56154 56154 56156 
56163 56163 56168 56171 56179 56184 56185 56187 56202 56203 
56205 56207 56234 56238 56246 56247 56249 56265 56267 56267 
56272 56283 56285 56291 56292 56293 56303 56304 56327 56331 
56338 56340 56341 56346 56347 56347 56377 56377 56385 56386 
56388 56389 56389 56392 56400 56403 56409 56421 56428 56436 
56442 56443 56444 56448 56477 56487 56499 56502 56508 56520 
56524 56547 56549 56550 56553 56555 56560 56561 56561 56564 
56570 56571 56583 56593 56594 56599 56601 56610 56624 56630 
56632 56633 56636 56639 56642 56649 56651 56654 56660 56661 
56667 56683 56697 56711 56713 56717 56721 56722 56727 56727 
56728 56739 56742 56749 56750 56756 56764 56778 56786 56789 
56791 56793 56794 56802 56807 56811 56813 56815 56824 56831 
56832 56844 56848 56854 56857 56857 56861 56863 56864 56865 
56873 56885 56896 56897 56903 56903 56917 56918 56925 56929 
56934 56942 56943 56947 56952 56953 56956 56957 56958 56963 
56964 56968 56971 56985 56985 56988 56991 56994 56995 57000 
57002 57003 57003 57005 57005 57014 57015 57018 57023 57023 
57032 57035 57037 57043 57048 57064 57072 57079 57079 57081 
57090 57091 57100 57101 57107 57108 57117 57118 57125 57127 
57128 57129 57134 57136 57139 57143 57157 57161 57164 57167 
57167 57171 57173 57176 57177 57189 57198 57207 57210 57212 
57217 57220 57230 57232 57233 57239 57243 57250 57250 57259 
57259 57261 57268 57273 57285 57285 57290 57327 57332 57344 
57351 57357 57358 57359 57361 57364 57365 57365 57367 57372 
57374 57380 57382 57383 57395 57407 57411 57431 57438 57439 
57439 57444 57444 57450 57453 57456 57459 57460 57461 57464 
57466 57468 57490 57495 57498 57498 57507 57509 57510 57522 
57526 57528 57528 57530 57535 57537 57538 57543 57546 57548 
57551 57563 57570 57577 57586 57590 57591 57593 57594 57594 
57603 57603 57609 57612 57629 57645 57646 57654 57659 57662 
57664 57668 57671 57676 57680 57684 57688 57691 57695 57713 
57721 57723 57740 57740 57744 57748 57753 57757 57764 57773 
57779 57793 57800 57801 57805 57845 57854 57863 57865 57874 
57889 57890 57895 57900 57902 57908 57915 57924 57925 57927 
57932 57938 57942 57942 57944 57957 57969 57973 57982 57983 
57989 57990 57993 57996 57997 58000 58006 58015 58019 58020 
58028 58030 58032 58032 58033 58038 58053 58054 58067 58081 
58086 58096 58123 58127 58128 58143 58144 58148 58151 58151 
58157 58157 58166 58166 58173 58195 58204 58208 58211 58224 
58230 58238 58239 58251 58254 58255 58263 58267 58269 58270 
58271 58283 58287 58304 58304 58311 58316 58321 58323 58329 
58333 58347 58351 58353 58358 58359 58375 58380 58381 58386 
58390 58393 58397 58399 58400 58404 58408 58414 58419 58420 
58434 58436 58439 58445 58449 58456 58459 58469 58482 58484 
58489 58498 58501 58504 58507 58511 58517 58526 58532 58532 
58543 58551 58560 58563 58564 58574 58574 58578 58578 58579 
58588 58593 58606 58608 58615 58627 58629 58632 58640 58641 
58647 58649 58659 58661 58665 58671 58672 58685 58704 58710 
58710 58710 58717 58720 58730 58739 58743 58756 58758 58760 
58763 58775 58778 58781 58786 58790 58795 58796 58798 58813 
58815 58816 58822 58831 58840 58841 58852 58863 58869 58873 
58876 58879 58887 58894 58902 58906 58913 58914 58917 58923 
58928 58940 58945 58967 58969 58971 58986 58989 59001 59003 
59008 59009 59015 59020 59022 59025 59040 59044 59045 59056 
59075 59075 59090 59098 59100 59109 59109 59114 59116 59117 
59123 59129 59134 59147 59169 59169 59170 59175 59176 59182 
59182 59183 59183 59187 59209 59214 59219 59227 59229 59232 
59233 59249 59251 59251 59257 59265 59268 59272 59273 59273 
59286 59289 59290 59296 59301 59309 59315 59316 59325 59327 
59329 59331 59334 59337 59339 59352 59358 59362 59364 59365 
59367 59370 59379 59386 59386 59391 59391 59392 59393 59398 
59401 59403 59406 59413 59415 59416 59423 59424 59429 59434 
59434 59441 59442 59445 59445 59462 59469 59471 59472 59479 
59479 59482 59493 59495 59501 59502 59506 59507 59508 59514 
59519 59521 59524 59539 59541 59542 59546 59553 59553 59566 
59567 59568 59568 59569 59574 59580 59594 59597 59601 59622 
59633 59643 59643 59645 59648 59656 59673 59674 59677 59683 
59697 59714 59718 59721 59739 59754 59755 59758 59763 59766 
59775 59775 59777 59777 59799 59807 59813 59813 59821 59822 
59829 59829 59830 59831 59839 59840 59842 59844 59844 59845 
59845 59856 59861 59872 59873 59896 59912 59912 59913 59921 
59931 59931 59940 59940 59943 59947 59954 59955 59969 59969 
59971 59971 59972 59974 59983 59987 59991 59996 59996 60000 
60004 60005 60017 60017 60023 60026 60029 60033 60034 60038 
60046 60056 60073 60080 60092 60094 60105 60111 60113 60120 
60128 60146 60150 60163 60174 60177 60182 60192 60200 60200 
60206 60209 60214 60231 60233 60258 60260 60263 60268 60272 
60274 60284 60291 60297 60298 60304 60307 60308 60317 60324 
60331 60343 60348 60355 60357 60358 60359 60361 60363 60366 
60391 60392 60393 60396 60397 60404 60412 60415 60418 60421 
60426 60428 60433 60444 60445 60445 60446 60456 60457 60465 
60465 60466 60473 60473 60478 60485 60492 60496 60497 60499 
60503 60522 60532 60548 60552 60565 60572 60573 60575 60580 
60580 60594 60595 60598 60600 60601 60607 60608 60613 60619 
60620 60620 60621 60623 60637 60649 60652 60653 60653 60657 
60658 60659 60666 60668 60674 60674 60679 60686 60690 60691 
60705 60730 60740 60746 60753 60757 60767 60770 60771 60772 
60775 60775 60776 60787 60788 60790 60797 60798 60798 60801 
60802 60803 60810 60831 60852 60856 60858 60862 60864 60871 
60877 60879 60885 60893 60895 60895 60902 60911 60916 60924 
60928 60930 60944 60946 60946 60949 60950 60958 60960 60962 
60964 60977 60979 60981 60983 60990 60990 60991 61002 61005 
61009 61010 61014 61018 61021 61024 61038 61040 61047 61052 
61058 61068 61079 61085 61097 61113 61115 61122 61126 61137 
61137 61146 61146 61149 61149 61156 61157 61160 61164 61173 
61179 61182 61186 61186 61186 61188 61190 61203 61205 61206 
61213 61215 61221 61224 61226 61234 61235 61236 61236 61239 
61245 61247 61252 61256 61257 61258 61261 61261 61261 61265 
61272 61273 61277 61282 61286 61286 61288 61298 61299 61303 
61307 61311 61312 61316 61322 61337 61348 61358 61371 61376 
61379 61379 61381 61386 61390 61392 61392 61402 61405 61448 
61451 61454 61457 61459 61460 61463 61464 61476 61479 61489 
61493 61498 61509 61512 61521 61522 61523 61528 61534 61538 
61546 61557 61557 61558 61577 61588 61602 61605 61619 61619 
61632 61637 61637 61651 61653 61655 61657 61665 61672 61703 
61706 61724 61733 61742 61742 61744 61750 61769 61778 61780 
61782 61787 61789 61792 61794 61798 61799 61802 61808 61810 
61813 61818 61820 61820 61823 61826 61830 61840 61846 61851 
61863 61874 61880 61882 61894 61894 61900 61925 61931 61933 
61934 61942 61953 61955 61957 61958 61960 61967 61968 61970 
61983 61984 61985 61987 61998 62011 62013 62021 62026 62033 
62036 62039 62040 62047 62048 62049 62053 62057 62070 62072 
62087 62091 62094 62098 62109 62112 62114 62118 62121 62129 
62130 62144 62154 62169 62179 62180 62180 62192 62194 62202 
62205 62211 62215 62218 62225 62227 62228 62228 62242 62247 
62255 62258 62279 62289 62292 62294 62302 62304 62305 62306 
62311 62311 62317 62342 62349 62351 62356 62356 62357 62360 
62363 62366 62369 62374 62378 62378 62379 62379 62380 62391 
62394 62401 62405 62407 62408 62415 62415 62419 62420 62421 
62424 62441 62443 62448 62451 62452 62454 62460 62467 62474 
62477 62479 62489 62499 62505 62505 62514 62522 62527 62530 
62534 62535 62538 62542 62542 62543 62544 62553 62555 62558 
62567 62567 62579 62581 62582 62583 62583 62586 62589 62591 
62593 62599 62628 62629 62631 62633 62637 62638 62639 62640 
62644 62649 62651 62663 62667 62676 62678 62679 62685 62685 
62687 62689 62689 62694 62695 62700 62700 62707 62713 62721 
62729 62730 62731 62741 62744 62747 62750 62753 62754 62756 
62758 62767 62785 62797 62799 62808 62812 62820 62832 62832 
62832 62833 62837 62840 62842 62844 62848 62849 62854 62872 
62873 62875 62878 62881 62899 62907 62910 62911 62914 62921 
62933 62935 62939 62955 62981 62989 62990 62994 63010 63013 
63017 63025 63037 63056 63062 63065 63069 63075 63076 63082 
63098 63102 63103 63114 63116 63116 63117 63124 63129 63134 
63143 63147 63152 63164 63166 63169 63172 63173 63175 63180 
63183 63184 63187 63190 63195 63196 63206 63209 63213 63222 
63229 63237 63237 63246 63249 63253 63254 63255 63271 63276 
63280 63280 63281 63283 63286 63290 63294 63298 63299 63300 
63329 63333 63334 63346 63347 63351 63352 63359 63365 63373 
63380 63380 63391 63401 63402 63407 63419 63422 63427 63430 
63433 63448 63460 63463 63465 63466 63468 63470 63470 63478 
63479 63486 63487 63500 63505 63507 63510 63514 63518 63521 
63525 63525 63525 63527 63528 63529 63535 63537 63543 63544 
63545 63550 63554 63568 63569 63575 63587 63589 63592 63592 
63593 63598 63601 63603 63607 63607 63623 63631 63640 63649 
63651 63656 63658 63658 63666 63670 63672 63677 63677 63678 
63690 63696 63702 63702 63705 63709 63734 63735 63740 63740 
63747 63748 63773 63774 63807 63816 63820 63821 63829 63831 
63840 63841 63843 63848 63859 63877 63879 63881 63885 63892 
63892 63901 63904 63906 63912 63916 63917 63921 63932 63935 
63937 63944 63958 63966 63970 63981 63991 63993 63998 63998 
64007 64007 64010 64014 64021 64022 64026 64031 64031 64036 
64043 64055 64061 64068 64072 64078 64079 64082 64087 64089 
64104 64119 64125 64130 64132 64133 64151 64151 64154 64154 
64159 64159 64160 64163 64170 64188 64190 64195 64195 64204 
64210 64218 64228 64229 64239 64240 64246 64247 64251 64254 
64258 64258 64261 64272 64306 64309 64315 64315 64316 64319 
64320 64321 64330 64335 64340 64341 64347 64356 64357 64358 
64360 64364 64366 64366 64367 64370 64375 64376 64378 64382 
64386 64395 64397 64400 64403 64407 64409 64414 64420 64421 
64422 64428 64434 64438 64441 64448 64449 64460 64463 64463 
64468 64477 64480 64487 64488 64492 64496 64497 64498 64499 
64509 64510 64526 64526 64529 64549 64554 64563 64571 64573 
64578 64583 64585 64586 64588 64592 64615 64618 64623 64626 
64634 64636 64640 64647 64666 64669 64669 64674 64686 64686 
64687 64690 64705 64714 64716 64717 64722 64734 64735 64745 
64754 64754 64756 64762 64762 64762 64763 64764 64767 64771 
64775 64777 64777 64778 64779 64780 64789 64795 64804 64808 
64809 64816 64826 64840 64854 64857 64858 64867 64878 64879 
64883 64887 64901 64905 64906 64907 64908 64913 64916 64916 
64922 64925 64944 64946 64953 64963 64966 64971 64974 64976 
64980 64982 64984 64986 64989 64990 64996 64997 64998 64999 
65001 65010 65010 65011 65011 65029 65030 65033 65036 65054 
65057 65065 65068 65073 65074 65078 65093 65095 65101 65105 
65105 65105 65107 65110 65112 65119 65120 65121 65132 65136 
65137 65141 65149 65152 65158 65167 65178 65178 65182 65184 
65186 65188 65193 65194 65204 65219 65225 65225 65226 65228 
65237 65239 65245 65248 65250 65252 65262 65262 65266 65270 
65276 65278 65280 65283 65292 65307 65315 65319 65329 65332 
65336 65358 65363 65381 65386 65399 65402 65405 65406 65409 
65412 65424 65436 65439 65448 65462 65476 65477 65480 65481 
65486 65493 65495 65495 65496 65497 65507 65512 65515 65524 
65528 65530 65542 65548 65554 65567 65577 65580 65581 65582 
65584 65585 65595 65608 65609 65610 65611 65617 65622 65623 
65632 65633 65636 65640 65645 65646 65654 65657 65659 65666 
65667 65673 65688 65694 65695 65706 65708 65715 65715 65717 
65735 65739 65739 65745 65749 65751 65753 65756 65758 65762 
65764 65766 65768 65769 65773 65777 65798 65799 65801 65802 
65804 65807 65809 65810 65816 65821 65829 65830 65843 65847 
65857 65868 65869 65876 65893 65897 65902 65904 65904 65913 
65914 65914 65916 65924 65925 65927 65944 65950 65961 65972 
65978 66003 66010 66014 66019 66021 66034 66036 66045 66058 
66063 66067 66072 66073 66080 66085 66103 66106 66109 66113 
66115 66117 66119 66122 66127 66140 66141 66146 66146 66156 
66157 66164 66167 66167 66172 66174 66182 66190 66209 66216 
66218 66223 66239 66246 66257 66260 66274 66275 66275 66275 
66282 66284 66287 66289 66292 66296 66298 66307 66311 66317 
66318 66333 66337 66345 66349 66352 66353 66369 66373 66375 
66378 66388 66390 66399 66400 66402 66407 66412 66415 66423 
66426 66429 66434 66437 66442 66447 66448 66450 66450 66459 
66466 66474 66482 66483 66485 66499 66504 66505 66515 66517 
66518 66519 66524 66528 66532 66534 66536 66544 66550 66562 
66567 66583 66587 66597 66599 66611 66614 66617 66620 66623 
66629 66630 66632 66640 66642 66647 66650 66650 66685 66687 
66688 66696 66707 66707 66716 66721 66727 66728 66729 66732 
66744 66760 66765 66766 66772 66773 66779 66781 66785 66786 
66790 66802 66811 66815 66816 66830 66834 66838 66848 66854 
66855 66868 66885 66885 66887 66899 66900 66912 66920 66922 
66933 66937 66939 66957 66961 66961 66965 66968 66969 66970 
66994 67001 67013 67015 67016 67021 67025 67026 67032 67032 
67035 67041 67044 67045 67048 67050 67054 67056 67063 67067 
67072 67079 67084 67086 67090 67091 67093 67104 67104 67109 
67109 67110 67112 67115 67124 67130 67135 67135 67137 67137 
67137 67153 67157 67160 67173 67174 67182 67190 67192 67199 
67200 67206 67217 67217 67230 67232 67234 67235 67245 67258 
67265 67273 67281 67287 67292 67292 67294 67301 67307 67317 
67317 67319 67327 67329 67330 67351 67361 67372 67378 67384 
67385 67388 67393 67398 67399 67402 67422 67428 67433 67433 
67439 67445 67446 67452 67452 67460 67476 67483 67484 67487 
67491 67498 67500 67504 67520 67520 67526 67527 67527 67533 
67536 67537 67539 67541 67542 67548 67555 67574 67578 67592 
67593 67594 67595 67596 67598 67598 67598 67604 67612 67612 
67612 67612 67615 67621 67634 67640 67647 67655 67657 67661 
67671 67673 67678 67678 67692 67695 67707 67717 67726 67727 
67728 67728 67734 67736 67743 67752 67767 67771 67780 67780 
67792 67795 67802 67811 67822 67823 67824 67825 67826 67827 
67833 67835 67836 67854 67861 67861 67874 67876 67877 67878 
67878 67882 67887 67895 67898 67902 67902 67902 67906 67907 
67913 67914 67919 67921 67922 67922 67930 67930 67935 67935 
67953 67956 67962 67968 67976 67976 67977 67983 67984 67989 
68004 68008 68010 68015 68022 68025 68040 68043 68049 68055 
68059 68062 68063 68063 68066 68072 68073 68074 68077 68079 
68093 68103 68106 68107 68112 68114 68114 68117 68137 68139 
68140 68144 68149 68149 68164 68165 68165 68165 68186 68200 
68208 68210 68219 68228 68247 68251 68252 68255 68258 68268 
68277 68278 68278 68279 68282 68283 68292 68292 68305 68306 
68309 68310 68316 68319 68325 68330 68331 68336 68337 68349 
68352 68354 68356 68367 68375 68386 68389 68395 68396 68398 
68399 68403 68410 68410 68414 68418 68421 68426 68428 68429 
68432 68445 68447 68453 68456 68460 68463 68464 68468 68474 
68480 68481 68483 68489 68493 68496 68500 68506 68524 68525 
68531 68535 68542 68543 68543 68544 68545 68551 68562 68565 
68584 68588 68591 68594 68600 68606 68608 68611 68623 68631 
68637 68638 68638 68640 68643 68650 68654 68661 68681 68683 
68698 68707 68709 68711 68712 68712 68716 68720 68720 68720 
68734 68749 68752 68757 68770 68774 68777 68777 68778 68782 
68785 68789 68791 68793 68796 68811 68817 68823 68827 68828 
68831 68836 68841 68842 68862 68863 68865 68877 68879 68885 
68889 68890 68894 68905 68908 68914 68919 68927 68928 68930 
68932 68938 68938 68939 68945 68963 68970 68984 68987 68990 
68997 68999 69001 69011 69015 69018 69023 69028 69033 69044 
69051 69053 69060 69062 69062 69065 69078 69078 69080 69081 
69088 69091 69093 69099 69104 69109 69110 69120 69124 69135 
69136 69140 69144 69160 69161 69162 69166 69166 69176 69182 
69185 69190 69190 69195 69197 69204 69220 69221 69226 69231 
69237 69257 69259 69259 69272 69279 69281 69282 69290 69292 
69295 69298 69301 69306 69308 69313 69318 69336 69345 69347 
69348 69352 69361 69363 69371 69372 69375 69376 69387 69393 
69396 69396 69399 69400 69402 69403 69406 69413 69413 69413 
69417 69421 69428 69431 69449 69458 69459 69462 69472 69473 
69487 69494 69500 69504 69508 69509 69515 69516 69520 69529 
69536 69543 69544 69550 69553 69562 69570 69598 69608 69611 
69615 69617 69625 69638 69661 69686 69689 69690 69690 69694 
69699 69710 69723 69726 69742 69742 69750 69768 69771 69772 
69776 69784 69790 69792 69801 69804 69804 69808 69813 69813 
69813 69816 69817 69818 69820 69820 69842 69846 69847 69848 
69857 69858 69884 69885 69889 69898 69905 69907 69909 69910 
69922 69925 69934 69936 69940 69942 69946 69961 69962 69963 
69973 69974 69976 69980 69986 69992 69995 69996 70001 70004 
70007 70011 70013 70025 70025 70031 70048 70057 70061 70080 
70082 70089 70090 70097 70100 70104 70105 70113 70126 70126 
70127 70132 70136 70137 70140 70149 70161 70162 70164 70166 
70173 70180 70187 70191 70204 70217 70217 70219 70219 70224 
70228 70230 70237 70237 70238 70257 70258 70262 70274 70278 
70290 70292 70292 70294 70297 70309 70312 70313 70322 70327 
70330 70332 70332 70336 70338 70341 70353 70358 70378 70380 
70398 70401 70405 70410 70412 70412 70413 70417 70418 70419 
70426 70427 70428 70428 70431 70435 70436 70438 70438 70445 
70447 70453 70455 70461 70462 70469 70469 70470 70477 70486 
70486 70486 70489 70489 70494 70495 70496 70497 70497 70501 
70503 70505 70507 70509 70512 70512 70513 70515 70516 70519 
70519 70520 70525 70535 70543 70559 70564 70566 70578 70580 
70589 70593 70597 70603 70603 70611 70618 70621 70633 70641 
70649 70657 70657 70658 70662 70664 70672 70673 70674 70674 
70684 70693 70703 70710 70714 70720 70728 70734 70735 70739 
70748 70748 70752 70754 70756 70757 70764 70776 70778 70795 
70799 70803 70804 70814 70827 70831 70838 70851 70858 70863 
70864 70867 70873 70874 70882 70884 70885 70889 70902 70905 
70905 70906 70906 70919 70919 70923 70924 70927 70931 70933 
70938 70947 70953 70954 70963 70971 70973 70974 70983 70985 
70989 70992 70993 70996 71012 71014 71017 71020 71021 71029 
71033 71043 71054 71059 71062 71067 71068 71071 71075 71077 
71077 71080 71101 71103 71107 71109 71115 71115 71120 71125 
71138 71140 71140 71141 71148 71158 71158 71159 71160 71162 
71180 71180 71183 71187 71190 71191 71194 71198 71203 71209 
71211 71218 71229 71231 71232 71234 71235 71241 71243 71243 
71244 71246 71246 71248 71252 71257 71258 71261 71265 71268 
71271 71272 71273 71283 71290 71291 71297 71299 71300 71311 
71321 71324 71335 71335 71350 71354 71355 71358 71362 71364 
71367 71374 71377 71382 71389 71395 71395 71397 71399 71407 
71408 71414 71414 71414 71415 71417 71418 71421 71424 71440 
71471 71473 71482 71487 71494 71502 71503 71508 71512 71526 
71533 71540 71547 71552 71574 71582 71587 71588 71593 71602 
71606 71607 71611 71623 71624 71633 71633 71639 71642 71644 
71644 71649 71652 71654 71657 71659 71661 71668 71675 71683 
71683 71684 71686 71694 71701 71701 71704 71705 71711 71716 
71722 71729 71743 71745 71752 71759 71759 71760 71766 71772 
71774 71783 71784 71786 71792 71799 71803 71805 71812 71813 
71816 71817 71820 71829 71838 71840 71841 71848 71849 71867 
71879 71880 71897 71901 71912 71912 71914 71927 71930 71930 
71944 71945 71965 71966 71967 71971 71978 71986 71991 72005 
72015 72024 72024 72043 72048 72049 72055 72058 72061 72061 
72068 72073 72081 72089 72090 72095 72105 72116 72116 72120 
72125 72134 72142 72143 72143 72144 72146 72153 72157 72164 
72165 72173 72177 72183 72200 72216 72222 72224 72225 72226 
72229 72230 72233 72240 72241 72246 72248 72251 72254 72257 
72257 72263 72264 72272 72272 72277 72294 72295 72297 72298 
72300 72303 72304 72304 72305 72308 72309 72316 72323 72343 
72349 72360 72362 72367 72373 72376 72378 72387 72389 72389 
72396 72399 72404 72405 72408 72412 72414 72423 72428 72431 
72432 72441 72442 72444 72445 72445 72457 72460 72462 72463 
72463 72464 72469 72471 72479 72483 72486 72488 72490 72493 
72494 72495 72505 72523 72523 72527 72529 72531 72533 72539 
72544 72563 72566 72577 72589 72590 72592 72598 72603 72605 
72629 72637 72642 72643 72645 72655 72662 72670 72670 72675 
72679 72682 72685 72688 72691 72718 72737 72738 72747 72748 
72759 72776 72779 72782 72787 72791 72798 72803 72804 72810 
72813 72827 72831 72832 72842 72846 72850 72865 72867 72875 
72887 72893 72894 72896 72903 72904 72906 72916 72920 72924 
72930 72933 72936 72940 72947 72951 72952 72959 72968 72969 
72975 72976 72993 72998 72998 73000 73017 73019 73022 73026 
73026 73026 73032 73047 73048 73066 73070 73074 73078 73081 
73086 73089 73090 73091 73115 73115 73116 73117 73119 73125 
73126 73127 73134 73135 73138 73140 73143 73145 73146 73155 
73156 73161 73172 73177 73177 73179 73181 73182 73188 73193 
73194 73195 73200 73208 73210 73211 73221 73222 73227 73244 
73256 73256 73257 73258 73259 73262 73264 73266 73272 73274 
73275 73286 73292 73298 73301 73301 73307 73314 73315 73318 
73321 73326 73328 73332 73341 73341 73347 73357 73361 73379 
73385 73405 73405 73410 73411 73423 73429 73442 73444 73453 
73455 73455 73456 73456 73461 73461 73465 73468 73469 73473 
73480 73481 73482 73491 73492 73497 73497 73498 73512 73512 
73513 73515 73517 73518 73523 73525 73532 73548 73552 73555 
73561 73571 73581 73587 73592 73602 73605 73608 73611 73613 
73642 73659 73662 73666 73673 73675 73676 73682 73688 73688 
73696 73701 73712 73714 73717 73721 73735 73741 73744 73748 
73760 73761 73763 73768 73794 73800 73802 73805 73806 73817 
73819 73826 73834 73835 73837 73842 73846 73857 73865 73866 
73873 73875 73887 73891 73892 73894 73906 73909 73913 73913 
73924 73929 73932 73944 73952 73959 73969 73986 73995 74003 
74007 74017 74018 74032 74034 74036 74046 74048 74050 74054 
74056 74060 74064 74080 74092 74092 74093 74100 74100 74121 
74133 74138 74141 74143 74147 74148 74151 74154 74162 74167 
74170 74180 74183 74191 74201 74205 74205 74213 74217 74223 
74235 74240 74247 74248 74251 74255 74257 74258 74259 74262 
74264 74268 74271 74273 74275 74280 74283 74299 74317 74318 
74334 74335 74342 74346 74347 74354 74354 74355 74359 74360 
74362 74362 74387 74389 74391 74391 74395 74396 74397 74401 
74401 74402 74403 74404 74409 74411 74412 74414 74417 74432 
74434 74437 74438 74447 74450 74451 74466 74478 74480 74484 
74485 74487 74498 74501 74501 74501 74502 74502 74513 74516 
74542 74545 74547 74548 74550 74551 74558 74558 74560 74566 
74575 74578 74590 74590 74602 74603 74610 74615 74628 74630 
74640 74648 74649 74654 74658 74658 74669 74669 74673 74680 
74681 74682 74685 74694 74694 74710 74714 74720 74723 74723 
74724 74728 74733 74735 74745 74747 74747 74749 74752 74759 
74772 74773 74777 74782 74783 74788 74790 74797 74802 74804 
74809 74811 74823 74823 74827 74840 74842 74848 74850 74856 
74857 74863 74868 74882 74892 74892 74893 74894 74896 74903 
74907 74910 74911 74913 74914 74916 74919 74920 74930 74949 
74955 74957 74972 74987 75005 75007 75011 75023 75024 75026 
75030 75032 75032 75035 75040 75056 75057 75063 75071 75073 
75078 75087 75092 75093 75102 75103 75104 75104 75106 75108 
75120 75123 75125 75133 75133 75136 75137 75139 75140 75156 
75159 75159 75160 75161 75167 75170 75175 75183 75200 75200 
75204 75207 75212 75214 75219 75221 75237 75239 75241 75243 
75247 75251 75251 75252 75253 75263 75263 75269 75274 75287 
75293 75297 75304 75326 75328 75329 75332 75333 75338 75354 
75358 75361 75375 75392 75418 75424 75431 75432 75444 75445 
75446 75450 75471 75472 75475 75489 75497 75505 75507 75507 
75509 75511 75533 75534 75541 75550 75551 75552 75557 75557 
75558 75562 75569 75570 75574 75577 75581 75588 75593 75594 
75598 75604 75604 75605 75606 75606 75612 75613 75618 75622 
75639 75645 75646 75647 75662 75672 75679 75686 75694 75695 
75704 75708 75712 75722 75727 75732 75732 75740 75741 75745 
75751 75752 75755 75759 75770 75776 75781 75784 75788 75798 
75811 75812 75821 75823 75825 75827 75835 75841 75846 75848 
75848 75856 75860 75870 75871 75876 75880 75882 75884 75887 
75893 75898 75908 75912 75912 75916 75926 75958 75958 75972 
75977 75983 75983 75989 75992 75992 75994 76006 76014 76028 
76035 76051 76058 76060 76069 76070 76072 76079 76079 76079 
76082 76083 76083 76084 76086 76086 76093 76094 76096 76131 
76132 76136 76139 76141 76149 76154 76158 76158 76161 76167 
76169 76169 76176 76196 76197 76197 76200 76209 76210 76226 
76230 76242 76245 76250 76256 76258 76286 76288 76289 76303 
76305 76306 76317 76349 76350 76350 76353 76360 76360 76361 
76380 76380 76396 76398 76408 76409 76416 76421 76425 76435 
76440 76457 76473 76474 76478 76484 76485 76489 76505 76510 
76524 76528 76530 76532 76541 76543 76554 76555 76555 76557 
76559 76570 76575 76579 76590 76594 76595 76601 76604 76622 
76627 76631 76637 76644 76645 76652 76661 76667 76675 76675 
76677 76681 76692 76698 76702 76712 76719 76723 76724 76724 
76726 76731 76741 76749 76753 76771 76773 76777 76782 76785 
76786 76791 76793 76797 76797 76798 76800 76803 76803 76809 
76810 76817 76817 76824 76825 76833 76835 76837 76844 76850 
76851 76860 76862 76862 76862 76869 76869 76876 76882 76883 
76888 76904 76904 76904 76906 76906 76913 76916 76919 76919 
76931 76934 76938 76941 76945 76949 76960 76969 76970 76974 
76974 76987 76990 77002 77003 77004 77008 77011 77014 77018 
77024 77026 77032 77036 77037 77041 77044 77047 77048 77049 
77050 77052 77064 77084 77084 77087 77095 77105 77119 77125 
77144 77147 77149 77149 77156 77159 77163 77165 77168 77173 
77175 77180 77180 77184 77189 77191 77196 77201 77201 77203 
77210 77212 77213 77213 77213 77218 77219 77223 77223 77229 
77231 77237 77240 77242 77244 77249 77252 77261 77264 77265 
77265 77271 77286 77296 77305 77306 77316 77317 77324 77324 
77329 77334 77334 77335 77339 77342 77347 77347 77347 77348 
77350 77358 77358 77360 77361 77372 77376 77380 77389 77390 
77401 77401 77403 77408 77408 77431 77431 77439 77441 77445 
77450 77454 77460 77487 77488 77488 77490 77493 77510 77510 
77516 77538 77541 77542 77546 77553 77555 77564 77580 77581 
77594 77596 77600 77602 77605 77606 77607 77608 77616 77626 
77630 77635 77636 77639 77644 77646 77655 77656 77665 77669 
77676 77687 77688 77693 77697 77700 77701 77706 77706 77706 
77708 77714 77715 77726 77727 77741 77743 77749 77763 77765 
77768 77776 77777 77779 77782 77787 77788 77788 77789 77794 
77798 77799 77800 77800 77803 77813 77819 77822 77826 77833 
77841 77841 77844 77844 77848 77856 77857 77864 77865 77873 
77880 77884 77890 77891 77892 77893 77895 77898 77903 77915 
77925 77929 77930 77932 77939 77939 77940 77942 77942 77942 
77943 77945 77956 77959 77960 77967 77984 77986 77989 78001 
78004 78013 78030 78032 78032 78034 78035 78036 78038 78042 
78052 78065 78065 78066 78071 78072 78072 78078 78079 78087 
78087 78089 78089 78091 78105 78109 78109 78110 78117 78124 
78135 78140 78144 78145 78150 78155 78156 78159 78170 78171 
78175 78190 78193 78196 78198 78200 78209 78211 78211 78216 
78221 78225 78227 78228 78231 78234 78239 78248 78253 78257 
78261 78263 78268 78270 78275 78286 78288 78289 78293 78294 
78296 78300 78305 78306 78312 78312 78313 78320 78325 78326 
78328 78334 78334 78335 78336 78348 78352 78356 78374 78398 
78402 78448 78457 78466 78475 78476 78477 78485 78486 78491 
78499 78505 78506 78510 78511 78515 78517 78525 78527 78532 
78536 78538 78542 78543 78552 78560 78568 78568 78571 78575 
78575 78584 78588 78607 78608 78609 78610 78616 78616 78617 
78619 78622 78639 78645 78648 78663 78666 78666 78670 78673 
78679 78683 78704 78705 78708 78710 78720 78721 78721 78721 
78731 78735 78738 78740 78744 78746 78759 78764 78766 78768 
78769 78771 78771 78772 78775 78775 78780 78781 78782 78783 
78798 78806 78807 78807 78808 78820 78821 78823 78826 78827 
78843 78855 78873 78879 78881 78889 78899 78900 78902 78906 
78906 78919 78930 78931 78932 78933 78939 78940 78942 78945 
78946 78947 78949 78960 78969 78975 78979 78980 78983 78984 
78985 78988 78991 78991 78995 78998 79001 79013 79018 79029 
79034 79038 79039 79040 79042 79058 79059 79067 79067 79068 
79089 79105 79105 79108 79114 79115 79124 79135 79151 79154 
79155 79159 79161 79166 79170 79171 79179 79184 79187 79187 
79188 79205 79211 79213 79215 79218 79218 79218 79222 79229 
79232 79233 79246 79248 79250 79251 79252 79262 79265 79265 
79277 79279 79284 79286 79287 79293 79315 79322 79324 79325 
79331 79335 79343 79347 79347 79350 79351 79353 79357 79361 
79370 79379 79382 79386 79386 79390 79396 79397 79401 79417 
79425 79428 79442 79449 79451 79452 79456 79457 79460 79466 
79468 79468 79471 79482 79488 79490 79497 79501 79507 79520 
79523 79527 79527 79529 79530 79533 79533 79535 79539 79540 
79551 79554 79558 79570 79576 79580 79584 79595 79595 79595 
79598 79603 79611 79623 79624 79625 79626 79629 79629 79640 
79642 79643 79644 79648 79649 79651 79654 79659 79661 79664 
79667 79668 79671 79678 79681 79681 79688 79689 79699 79713 
79713 79714 79723 79726 79735 79738 79742 79746 79748 79757 
79759 79773 79779 79780 79780 79786 79790 79794 79794 79804 
79805 79808 79809 79810 79818 79845 79852 79853 79854 79863 
79864 79865 79868 79871 79872 79875 79875 79881 79899 79906 
79909 79918 79920 79923 79930 79931 79940 79941 79949 79959 
79965 79973 79978 79984 79995 80000 80001 80002 80005 80019 
80024 80029 80033 80039 80041 80042 80057 80058 80070 80073 
80076 80080 80082 80086 80093 80095 80096 80096 80100 80101 
80102 80108 80110 80129 80133 80135 80135 80137 80140 80147 
80151 80154 80154 80154 80167 80182 80186 80188 80196 80220 
80221 80226 80229 80239 80241 80245 80250 80259 80260 80261 
80262 80265 80266 80271 80275 80276 80276 80281 80282 80282 
80283 80288 80289 80295 80297 80300 80304 80307 80316 80318 
80321 80324 80335 80348 80350 80355 80357 80361 80364 80370 
80374 80375 80384 80386 80386 80389 80395 80399 80401 80403 
80409 80421 80426 80427 80428 80429 80429 80432 80438 80444 
80448 80456 80459 80462 80463 80480 80490 80492 80495 80499 
80499 80499 80507 80508 80511 80518 80520 80520 80520 80524 
80526 80531 80535 80541 80544 80545 80555 80560 80560 80564 
80574 80583 80591 80596 80607 80607 80616 80621 80622 80622 
80635 80637 80641 80641 80651 80653 80655 80663 80664 80664 
80665 80674 80678 80684 80684 80685 80686 80710 80714 80716 
80723 80735 80745 80749 80749 80749 80750 80754 80762 80770 
80770 80772 80777 80781 80782 80793 80794 80804 80811 80825 
80829 80843 80850 80854 80855 80876 80882 80882 80882 80883 
80893 80896 80899 80900 80927 80930 80937 80939 80941 80970 
80971 80972 80992 80995 81004 81030 81034 81042 81049 81051 
81052 81057 81058 81067 81072 81073 81083 81085 81096 81097 
81099 81113 81114 81115 81120 81121 81134 81149 81151 81153 
81161 81177 81180 81186 81189 81190 81192 81194 81195 81206 
81212 81217 81221 81221 81241 81245 81247 81254 81257 81257 
81258 81267 81268 81273 81277 81281 81284 81295 81297 81305 
81323 81344 81344 81344 81348 81349 81355 81358 81361 81382 
81389 81396 81400 81402 81405 81406 81410 81415 81416 81421 
81422 81430 81432 81437 81454 81460 81472 81475 81480 81484 
81489 81504 81507 81509 81513 81526 81530 81536 81538 81541 
81545 81553 81560 81560 81564 81591 81593 81602 81605 81606 
81608 81620 81621 81624 81625 81628 81638 81643 81646 81664 
81665 81670 81670 81672 81672 81679 81681 81690 81695 81703 
81705 81709 81718 81719 81721 81735 81755 81769 81769 81771 
81774 81780 81785 81790 81792 81796 81799 81799 81799 81808 
81832 81832 81834 81838 81848 81855 81855 81863 81863 81868 
81890 81894 81896 81910 81911 81921 81926 81942 81944 81953 
81954 81954 81955 81956 81958 81959 81963 81973 81977 81989 
81996 82007 82010 82011 82016 82037 82042 82050 82051 82051 
82056 82058 82062 82062 82071 82071 82084 82087 82097 82100 
82109 82123 82126 82128 82157 82157 82163 82169 82170 82173 
82181 82181 82181 82183 82184 82184 82188 82190 82201 82209 
82209 82221 82231 82232 82250 82252 82253 82265 82273 82275 
82285 82285 82299 82301 82331 82332 82339 82351 82364 82365 
82375 82376 82377 82378 82380 82392 82392 82394 82431 82435 
82443 82443 82444 82457 82458 82458 82467 82473 82474 82477 
82483 82489 82499 82503 82506 82508 82510 82511 82512 82524 
82540 82543 82548 82549 82553 82554 82557 82562 82567 82568 
82569 82574 82584 82587 82595 82602 82607 82607 82609 82624 
82627 82629 82640 82652 82653 82657 82657 82661 82664 82668 
82677 82679 82681 82694 82702 82702 82711 82713 82714 82714 
82721 82727 82730 82736 82736 82744 82745 82746 82749 82769 
82771 82773 82777 82785 82791 82797 82800 82807 82833 82833 
82836 82839 82840 82845 82851 82854 82857 82860 82860 82866 
82883 82904 82913 82916 82919 82922 82924 82926 82938 82945 
82945 82947 82948 82954 82972 82982 82992 82994 83002 83019 
83026 83026 83027 83028 83037 83052 83065 83067 83068 83068 
83071 83073 83074 83075 83081 83084 83092 83096 83098 83104 
83106 83112 83116 83118 83125 83126 83127 83128 83129 83130 
83144 83144 83148 83149 83151 83151 83164 83169 83179 83183 
83187 83188 83190 83192 83195 83199 83215 83217 83217 83219 
83224 83227 83230 83245 83253 83258 83259 83273 83275 83277 
83283 83283 83285 83292 83301 83315 83318 83322 83330 83330 
83335 83341 83341 83344 83354 83357 83360 83360 83368 83377 
83378 83379 83384 83391 83392 83396 83399 83404 83409 83414 
83415 83416 83425 83429 83434 83442 83447 83447 83454 83462 
83468 83468 83469 83472 83481 83485 83499 83502 83505 83505 
83506 83508 83510 83511 83511 83519 83521 83524 83526 83535 
83535 83537 83544 83545 83545 83548 83554 83554 83564 83564 
83571 83575 83581 83581 83587 83594 83594 83606 83614 83617 
83619 83620 83620 83629 83640 83646 83648 83652 83652 83670 
83674 83687 83692 83697 83698 83699 83708 83711 83713 83718 
83719 83719 83724 83729 83731 83740 83741 83745 83750 83750 
83755 83756 83764 83771 83772 83773 83774 83778 83783 83786 
83807 83817 83820 83824 83826 83828 83836 83842 83843 83844 
83855 83861 83863 83864 83882 83886 83887 83889 83895 83897 
83906 83911 83913 83920 83922 83934 83935 83936 83937 83940 
83944 83952 83956 83959 83964 83966 83968 83991 83992 83992 
83996 84004 84005 84024 84027 84030 84033 84035 84049 84052 
84053 84054 84055 84064 84066 84068 84070 84071 84075 84091 
84092 84092 84104 84108 84112 84115 84121 84134 84137 84146 
84158 84160 84170 84186 84190 84190 84192 84203 84207 84215 
84218 84235 84255 84272 84275 84280 84283 84290 84292 84293 
84296 84299 84303 84317 84320 84321 84323 84324 84329 84330 
84331 84338 84343 84347 84350 84352 84353 84357 84362 84366 
84369 84369 84376 84380 84382 84383 84390 84399 84399 84400 
84400 84413 84414 84414 84426 84426 84449 84451 84451 84453 
84456 84457 84466 84477 84482 84491 84492 84493 84500 84501 
84509 84510 84512 84512 84512 84516 84518 84521 84527 84528 
84531 84533 84538 84541 84546 84547 84553 84566 84569 84576 
84580 84582 84584 84586 84589 84595 84603 84609 84609 84614 
84618 84625 84628 84630 84631 84631 84648 84649 84652 84657 
84661 84665 84669 84674 84675 84677 84682 84694 84694 84710 
84713 84732 84734 84743 84749 84769 84776 84780 84787 84791 
84797 84799 84801 84804 84809 84809 84815 84816 84825 84828 
84829 84830 84831 84840 84848 84848 84848 84858 84863 84865 
84866 84870 84871 84874 84886 84891 84900 84903 84908 84910 
84911 84914 84919 84921 84942 84953 84962 84963 84965 84971 
84975 84981 84985 84989 84992 84995 84996 84998 84999 85006 
85009 85011 85014 85019 85021 85021 85027 85028 85028 85038 
85039 85041 85044 85047 85047 85052 85059 85067 85069 85076 
85078 85079 85082 85086 85095 85096 85098 85099 85101 85102 
85105 85110 85117 85128 85129 85130 85137 85144 85145 85148 
85153 85153 85157 85168 85183 85191 85199 85201 85202 85202 
85204 85208 85217 85224 85231 85234 85239 85241 85245 85252 
85257 85260 85262 85264 85277 85282 85287 85289 85305 85306 
85315 85322 85326 85327 85330 85333 85338 85339 85340 85345 
85352 85361 85367 85368 85369 85371 85371 85378 85382 85385 
85386 85389 85393 85408 85415 85416 85418 85425 85428 85430 
85433 85443 85446 85460 85462 85468 85492 85495 85503 85506 
85523 85524 85535 85536 85546 85548 85551 85560 85565 85565 
85580 85584 85585 85586 85589 85591 85598 85620 85625 85646 
85649 85654 85665 85670 85671 85700 85701 85707 85714 85719 
85731 85732 85742 85746 85760 85765 85765 85769 85770 85776 
85779 85784 85787 85787 85788 85799 85802 85806 85813 85825 
85828 85832 85832 85855 85874 85879 85884 85887 85888 85894 
85904 85907 85915 85917 85921 85927 85941 85944 85944 85945 
85955 85961 85966 85985 85986 85987 85987 85994 86005 86006 
86015 86020 86026 86026 86028 86030 86036 86038 86042 86046 
86049 86053 86057 86062 86078 86103 86108 86110 86121 86124 
86127 86131 86137 86139 86145 86156 86165 86171 86183 86187 
86188 86192 86195 86198 86199 86199 86209 86209 86217 86218 
86218 86226 86229 86236 86246 86246 86253 86253 86260 86263 
86268 86270 86281 86292 86294 86299 86300 86301 86307 86321 
86321 86328 86331 86333 86339 86349 86354 86360 86369 86370 
86372 86374 86385 86387 86388 86400 86405 86406 86410 86412 
86416 86421 86422 86435 86445 86446 86451 86459 86465 86474 
86475 86477 86478 86496 86504 86504 86512 86513 86516 86520 
86530 86532 86533 86534 86535 86545 86551 86567 86569 86580 
86589 86599 86603 86609 86613 86613 86623 86634 86638 86653 
86659 86659 86677 86679 86682 86685 86710 86710 86711 86711 
86712 86732 86742 86746 86751 86755 86759 86778 86779 86781 
86785 86794 86801 86802 86802 86804 86811 86815 86821 86823 
86826 86833 86833 86833 86838 86843 86844 86849 86849 86850 
86856 86871 86878 86881 86890 86904 86907 86907 86923 86928 
86937 86939 86944 86944 86956 86964 86975 86975 86982 86985 
86987 86987 86993 86994 86997 87000 87001 87009 87010 87012 
87013 87016 87018 87028 87028 87031 87032 87044 87050 87052 
87078 87080 87080 87093 87095 87099 87104 87106 87108 87113 
87114 87119 87124 87130 87144 87150 87150 87154 87159 87165 
87175 87184 87187 87187 87189 87195 87200 87208 87209 87210 
87211 87212 87214 87225 87226 87228 87233 87234 87248 87253 
87269 87272 87274 87276 87279 87280 87300 87312 87313 87321 
87326 87326 87327 87337 87339 87339 87341 87342 87361 87362 
87363 87364 87378 87383 87387 87403 87405 87412 87415 87417 
87421 87426 87437 87448 87448 87455 87457 87462 87465 87471 
87473 87473 87480 87483 87495 87496 87497 87504 87504 87505 
87508 87518 87518 87523 87531 87537 87542 87551 87561 87565 
87570 87576 87584 87591 87592 87592 87593 87597 87597 87603 
87606 87610 87613 87618 87656 87662 87669 87670 87671 87674 
87676 87678 87687 87688 87689 87695 87695 87697 87698 87698 
87699 87703 87706 87714 87727 87736 87738 87746 87761 87768 
87780 87786 87788 87789 87797 87798 87801 87803 87809 87810 
87814 87814 87816 87817 87820 87825 87832 87840 87841 87843 
87845 87847 87848 87853 87858 87861 87864 87874 87879 87880 
87881 87891 87897 87897 87898 87908 87911 87913 87913 87924 
87930 87937 87940 87943 87944 87946 87948 87948 87956 87958 
87967 87970 87974 87975 87975 87978 87990 87992 87994 87998 
87999 88004 88009 88012 88033 88034 88045 88049 88049 88049 
88067 88067 88069 88070 88070 88070 88071 88089 88092 88103 
88115 88119 88128 88141 88148 88148 88149 88152 88154 88156 
88160 88160 88161 88163 88179 88179 88188 88192 88195 88196 
88210 88212 88217 88220 88223 88231 88233 88235 88238 88240 
88247 88247 88249 88266 88278 88282 88305 88306 88310 88311 
88318 88320 88326 88327 88331 88340 88341 88350 88365 88366 
88368 88380 88382 88382 88383 88384 88387 88395 88396 88405 
88409 88411 88428 88442 88446 88449 88452 88454 88455 88463 
88479 88483 88486 88513 88514 88522 88523 88524 88525 88540 
88544 88545 88545 88561 88568 88576 88577 88592 88593 88603 
88613 88614 88618 88623 88640 88641 88647 88647 88649 88650 
88662 88668 88668 88669 88670 88671 88682 88684 88685 88686 
88689 88691 88703 88704 88710 88721 88723 88735 88736 88739 
88739 88760 88765 88777 88778 88780 88787 88800 88805 88808 
88828 88833 88836 88838 88843 88847 88848 88849 88850 88869 
88870 88872 88875 88878 88880 88885 88885 88892 88895 88898 
88901 88909 88921 88921 88924 88929 88930 88943 88950 88961 
88967 88968 88976 88978 88981 88982 88985 88988 88990 88993 
88995 88996 88998 88998 89000 89020 89020 89023 89029 89031 
89034 89038 89041 89054 89055 89061 89063 89069 89079 89094 
89100 89102 89103 89112 89119 89125 89132 89134 89134 89137 
89138 89141 89143 89144 89151 89153 89154 89156 89163 89168 
89169 89169 89171 89178 89187 89196 89200 89202 89207 89213 
89226 89227 89227 89234 89235 89237 89241 89242 89248 89252 
89253 89255 89278 89289 89295 89306 89308 89313 89315 89318 
89323 89324 89334 89340 89340 89341 89344 89359 89367 89370 
89390 89402 89413 89423 89423 89427 89440 89443 89453 89454 
89455 89456 89458 89465 89467 89470 89472 89473 89476 89479 
89483 89496 89502 89511 89519 89538 89541 89542 89545 89557 
89559 89563 89566 89568 89574 89576 89577 89580 89585 89587 
89589 89591 89602 89609 89619 89623 89623 89624 89633 89647 
89648 89653 89654 89658 89664 89667 89669 89674 89686 89692 
89697 89697 89700 89704 89712 89717 89721 89727 89737 89740 
89743 89746 89750 89752 89754 89758 89764 89768 89780 89789 
89790 89790 89796 89797 89797 89800 89813 89814 89817 89821 
89822 89826 89829 89837 89843 89855 89860 89861 89862 89866 
89869 89872 89881 89891 89894 89921 89923 89928 89933 89934 
89935 89943 89947 89951 89963 89983 89986 89990 90005 90011 
90014 90025 90025 90027 90030 90034 90035 90036 90037 90047 
90048 90051 90054 90056 90056 90057 90064 90078 90079 90086 
90088 90090 90101 90109 90110 90116 90117 90123 90127 90130 
90132 90134 90141 90145 90146 90148 90156 90157 90159 90160 
90164 90165 90166 90180 90181 90188 90191 90217 90218 90220 
90222 90223 90234 90242 90244 90262 90263 90285 90289 90289 
90294 90297 90298 90301 90302 90312 90315 90335 90338 90343 
90344 90352 90358 90358 90358 90359 90363 90367 90369 90375 
90377 90380 90381 90400 90408 90411 90417 90418 90418 90420 
90423 90423 90423 90431 90435 90440 90440 90448 90453 90454 
90459 90460 90470 90474 90476 90476 90484 90487 90490 90495 
90506 90514 90525 90527 90532 90535 90539 90546 90548 90558 
90559 90561 90563 90564 90565 90566 90568 90574 90576 90578 
90580 90589 90592 90595 90597 90600 90606 90608 90610 90612 
90616 90620 90627 90637 90644 90652 90663 90673 90678 90679 
90680 90686 90689 90694 90695 90699 90701 90702 90708 90710 
90719 90719 90728 90734 90744 90751 90751 90755 90761 90775 
90779 90780 90781 90789 90789 90791 90805 90810 90816 90827 
90829 90840 90845 90847 90849 90849 90851 90861 90871 90872 
90880 90884 90892 90896 90897 90899 90912 90915 90918 90944 
90946 90947 90966 90966 90970 90977 90981 90984 90985 90986 
90989 90992 91021 91029 91031 91032 91034 91035 91041 91044 
91048 91066 91068 91071 91075 91078 91082 91084 91088 91092 
91095 91097 91100 91101 91101 91116 91118 91122 91135 91137 
91141 91146 91149 91151 91154 91163 91167 91168 91170 91175 
91179 91179 91190 91203 91211 91218 91223 91230 91232 91233 
91236 91251 91261 91263 91264 91264 91266 91272 91272 91274 
91275 91275 91283 91284 91286 91287 91289 91295 91297 91304 
91306 91306 91307 91314 91319 91319 91322 91323 91326 91338 
91352 91353 91374 91376 91378 91380 91396 91398 91415 91421 
91425 91426 91427 91431 91440 91440 91447 91453 91458 91459 
91467 91471 91476 91480 91480 91481 91482 91483 91491 91492 
91494 91504 91507 91514 91516 91522 91530 91539 91542 91552 
91570 91575 91586 91597 91598 91601 91608 91610 91619 91639 
91641 91655 91656 91659 91661 91662 91669 91670 91672 91672 
91672 91679 91680 91682 91689 91692 91693 91699 91702 91702 
91707 91709 91709 91709 91710 91722 91761 91765 91779 91784 
91790 91797 91798 91802 91810 91814 91817 91828 91828 91828 
91832 91840 91841 91844 91848 91851 91859 91869 91893 91894 
91898 91907 91916 91919 91920 91926 91939 91940 91941 91961 
91964 91967 91968 91981 91981 91987 91987 91989 91997 91998 
92001 92004 92006 92006 92011 92012 92022 92026 92026 92028 
92036 92039 92047 92051 92053 92068 92074 92076 92077 92081 
92083 92084 92085 92102 92115 92126 92126 92128 92129 92139 
92144 92153 92154 92157 92159 92161 92166 92167 92169 92170 
92173 92179 92189 92190 92194 92199 92203 92204 92205 92208 
92216 92226 92227 92231 92235 92241 92245 92246 92265 92274 
92277 92281 92282 92283 92285 92286 92288 92289 92294 92295 
92296 92297 92299 92299 92306 92308 92311 92311 92322 92322 
92333 92334 92343 92352 92353 92356 92357 92363 92366 92371 
92372 92376 92379 92381 92390 92398 92401 92407 92412 92417 
92418 92419 92487 92489 92492 92507 92508 92520 92535 92539 
92550 92552 92554 92580 92580 92584 92587 92592 92598 92602 
92609 92610 92618 92627 92628 92630 92640 92640 92653 92656 
92656 92658 92666 92669 92671 92674 92676 92679 92679 92684 
92687 92702 92704 92712 92713 92719 92720 92729 92730 92734 
92740 92741 92745 92745 92756 92782 92788 92796 92803 92803 
92809 92811 92811 92813 92818 92822 92825 92827 92832 92838 
92841 92843 92846 92846 92859 92860 92865 92870 92871 92872 
92876 92877 92877 92882 92885 92887 92889 92916 92916 92921 
92921 92924 92925 92926 92934 92936 92937 92942 92944 92948 
92951 92954 92954 92956 92963 92966 92972 92974 92975 92979 
92980 92985 92986 92987 92991 92993 92993 93000 93002 93012 
93015 93018 93026 93030 93030 93038 93058 93067 93068 93069 
93073 93074 93079 93080 93084 93085 93085 93090 93095 93104 
93107 93109 93110 93114 93119 93128 93140 93142 93144 93145 
93147 93148 93149 93150 93169 93171 93185 93187 93193 93196 
93199 93200 93219 93220 93221 93234 93254 93254 93254 93257 
93262 93273 93273 93281 93289 93297 93298 93302 93302 93302 
93327 93334 93335 93337 93346 93350 93350 93353 93357 93358 
93361 93372 93375 93383 93392 93396 93398 93399 93410 93413 
93426 93430 93431 93435 93438 93442 93444 93445 93445 93454 
93457 93460 93461 93468 93470 93473 93473 93490 93492 93495 
93495 93499 93504 93509 93509 93529 93533 93537 93544 93549 
93551 93553 93556 93567 93579 93582 93594 93599 93608 93609 
93622 93627 93649 93652 93656 93656 93657 93657 93658 93663 
93665 93681 93688 93691 93695 93697 93704 93707 93708 93715 
93717 93729 93736 93750 93752 93757 93760 93760 93773 93773 
93782 93793 93797 93801 93804 93811 93823 93823 93837 93838 
93840 93844 93845 93850 93852 93854 93856 93864 93865 93869 
93874 93875 93879 93879 93885 93905 93909 93910 93910 93913 
93915 93921 93923 93927 93927 93930 93932 93932 93934 93942 
93947 93949 93951 93958 93959 93960 93961 93964 93969 93969 
93970 93976 93985 93987 93990 93993 93995 94004 94005 94008 
94008 94014 94045 94050 94053 94055 94057 94060 94066 94072 
94076 94078 94079 94100 94110 94123 94124 94125 94128 94129 
94130 94132 94143 94155 94156 94161 94166 94171 94190 94193 
94193 94195 94208 94208 94210 94210 94218 94219 94220 94227 
94228 94229 94232 94238 94239 94251 94252 94254 94259 94261 
94262 94264 94265 94265 94266 94269 94270 94284 94285 94287 
94298 94298 94300 94312 94321 94322 94327 94328 94339 94347 
94348 94352 94355 94373 94373 94385 94386 94394 94402 94415 
94423 94433 94443 94444 94451 94455 94459 94463 94466 94472 
94477 94482 94486 94500 94513 94522 94522 94524 94527 94528 
94531 94538 94541 94549 94556 94558 94573 94574 94576 94576 
94604 94607 94612 94619 94622 94622 94627 94636 94636 94640 
94646 94652 94653 94657 94657 94658 94660 94663 94674 94678 
94684 94705 94705 94714 94716 94718 94729 94730 94733 94736 
94737 94738 94747 94747 94748 94756 94757 94762 94769 94771 
94773 94774 94777 94787 94788 94790 94792 94806 94811 94814 
94816 94823 94830 94830 94830 94833 94834 94834 94841 94846 
94852 94856 94858 94864 94869 94872 94873 94873 94884 94885 
94885 94892 94906 94907 94907 94909 94912 94919 94920 94927 
94928 94931 94932 94932 94943 94953 94963 94966 94967 94980 
94995 95005 95012 95016 95024 95034 95040 95045 95060 95062 
95067 95073 95077 95093 95095 95095 95097 95108 95110 95117 
95123 95128 95129 95129 95130 95134 95135 95136 95141 95143 
95153 95158 95162 95175 95175 95177 95178 95187 95189 95195 
95201 95201 95204 95214 95214 95216 95218 95224 95237 95241 
95257 95260 95270 95278 95283 95287 95289 95301 95301 95302 
95307 95311 95312 95312 95313 95318 95326 95349 95351 95357 
95358 95358 95359 95360 95387 95389 95392 95392 95396 95402 
95405 95417 95419 95428 95430 95430 95441 95442 95443 95448 
95453 95453 95458 95461 95465 95470 95471 95484 95489 95490 
95494 95512 95520 95522 95525 95527 95575 95583 95588 95591 
95595 95596 95599 95610 95612 95614 95618 95620 95621 95626 
95629 95640 95641 95646 95646 95651 95659 95670 95674 95681 
95681 95698 95700 95711 95712 95720 95721 95727 95727 95730 
95735 95753 95759 95764 95772 95774 95774 95788 95802 95802 
95806 95807 95808 95815 95821 95827 95842 95843 95844 95852 
95867 95883 95899 95900 95908 95912 95914 95915 95924 95927 
95928 95950 95957 95966 95971 95973 95983 95991 95999 96004 
96004 96006 96015 96016 96021 96057 96057 96062 96065 96067 
96067 96068 96068 96071 96073 96074 96077 96084 96087 96088 
96098 96099 96109 96113 96116 96122 96130 96144 96144 96147 
96155 96158 96159 96180 96187 96188 96192 96192 96198 96206 
96211 96215 96221 96233 96235 96247 96258 96262 96266 96267 
96268 96274 96275 96279 96286 96292 96296 96298 96315 96317 
96334 96335 96336 96337 96349 96354 96355 96360 96361 96369 
96375 96383 96390 96390 96402 96404 96408 96428 96438 96443 
96446 96455 96457 96457 96463 96468 96471 96475 96477 96479 
96480 96481 96482 96486 96488 96490 96504 96512 96521 96526 
96527 96533 96553 96553 96556 96557 96567 96576 96578 96580 
96589 96602 96607 96609 96615 96621 96631 96638 96638 96645 
96647 96651 96657 96672 96689 96694 96708 96716 96718 96719 
96720 96731 96739 96745 96746 96751 96757 96759 96761 96763 
96765 96770 96777 96784 96786 96788 96789 96792 96800 96806 
96810 96814 96820 96821 96822 96824 96826 96826 96831 96833 
96836 96840 96852 96855 96857 96858 96860 96860 96862 96862 
96865 96874 96894 96900 96903 96908 96919 96937 96939 96941 
96942 96950 96950 96954 96961 96968 96979 96988 96991 96998 
97000 97007 97009 97009 97014 97021 97038 97039 97042 97046 
97049 97051 97054 97054 97054 97055 97065 97066 97068 97068 
97070 97074 97083 97087 97109 97114 97117 97119 97129 97131 
97133 97134 97135 97139 97151 97155 97163 97167 97169 97179 
97185 97195 97196 97201 97206 97207 97211 97212 97222 97226 
97227 97231 97235 97242 97255 97259 97261 97262 97265 97284 
97285 97292 97297 97298 97321 97329 97329 97333 97334 97335 
97342 97344 97351 97368 97369 97369 97376 97377 97378 97380 
97390 97393 97409 97413 97414 97425 97429 97430 97431 97434 
97435 97438 97439 97439 97439 97442 97445 97447 97449 97453 
97455 97458 97459 97462 97465 97466 97467 97470 97473 97484 
97486 97489 97493 97495 97500 97502 97503 97503 97512 97517 
97522 97543 97543 97544 97552 97558 97560 97573 97579 97580 
97584 97592 97593 97599 97600 97611 97614 97632 97644 97657 
97658 97673 97675 97687 97689 97700 97700 97704 97705 97709 
97719 97730 97735 97739 97741 97747 97747 97748 97750 97751 
97752 97755 97765 97766 97768 97776 97776 97777 97795 97797 
97812 97815 97820 97822 97823 97827 97831 97833 97834 97836 
97837 97838 97855 97856 97857 97866 97868 97872 97876 97877 
97878 97894 97898 97898 97915 97917 97922 97952 97953 97955 
97957 97959 97961 97968 97968 97972 97979 97988 97988 97989 
97991 98006 98012 98018 98025 98026 98036 98042 98048 98052 
98056 98062 98063 98068 98077 98118 98121 98121 98121 98122 
98123 98123 98126 98126 98127 98134 98142 98151 98152 98156 
98156 98166 98167 98170 98174 98177 98182 98182 98193 98197 
98202 98213 98215 98222 98223 98229 98230 98230 98237 98242 
98245 98249 98254 98256 98259 98263 98285 98289 98294 98294 
98298 98298 98302 98305 98309 98314 98317 98320 98321 98323 
98327 98329 98335 98336 98340 98347 98349 98350 98356 98357 
98359 98365 98366 98368 98372 98375 98376 98379 98383 98389 
98394 98395 98405 98409 98422 98425 98426 98433 98435 98440 
98441 98448 98450 98451 98452 98460 98471 98474 98475 98476 
98481 98482 98486 98497 98497 98505 98513 98515 98521 98522 
98523 98524 98528 98532 98539 98543 98546 98551 98562 98562 
98566 98568 98572 98576 98579 98584 98585 98586 98604 98611 
98615 98616 98618 98619 98622 98626 98634 98643 98645 98658 
98667 98671 98676 98678 98686 98692 98701 98702 98708 98718 
98720 98721 98736 98743 98748 98751 98757 98761 98764 98764 
98770 98770 98772 98780 98786 98793 98795 98808 98812 98814 
98818 98819 98828 98832 98833 98855 98874 98889 98891 98892 
98901 98913 98920 98923 98924 98934 98946 98956 98959 98961 
98963 98964 98965 98965 98976 98978 98994 98996 99004 99006 
99008 99013 99024 99029 99031 99035 99035 99037 99039 99040 
99043 99052 99058 99060 99063 99071 99080 99083 99088 99090 
99091 99092 99092 99104 99107 99114 99121 99125 99128 99133 
99138 99140 99142 99146 99151 99159 99164 99177 99194 99196 
99198 99224 99225 99226 99231 99233 99235 99239 99241 99243 
99251 99257 99258 99261 99274 99274 99302 99307 99308 99317 
99322 99324 99325 99331 99334 99337 99342 99346 99349 99350 
99352 99360 99364 99364 99364 99368 99383 99388 99392 99395 
99399 99400 99420 99423 99442 99444 99454 99462 99471 99476 
99479 99493 99493 99499 99504 99506 99520 99525 99526 99535 
99539 99540 99563 99563 99574 99575 99577 99587 99592 99608 
99612 99613 99636 99639 99642 99647 99656 99660 99676 99677 
99679 99683 99684 99716 99726 99727 99731 99732 99741 99744 
99746 99753 99757 99781 99783 99799 99808 99809 99811 99811 
99816 99819 99822 99831 99838 99839 99841 99842 99845 99846 
99846 99854 99856 99860 99862 99871 99894 99894 99898 99908 
99910 99910 99911 99914 99914 99915 99919 99920 99924 99925 
99925 99925 99928 99937 99951 99952 99953 99962 99967 99969 
99971 99971 99982 99984 99984 99987 99988 99995 99997 99997 

================================================
Merge Sort : Time: 0.827600 ms
8 11 12 14 15 18 21 23 27 30 
33 37 38 46 51 53 57 61 63 67 
80 82 83 98 98 108 109 109 110 110 
112 114 115 117 123 134 143 147 148 148 
149 158 162 163 164 164 166 167 167 168 
172 172 180 192 193 195 204 210 211 212 
219 221 221 222 234 241 241 246 246 254 
254 256 260 276 281 284 291 298 299 300 
305 315 321 321 322 324 330 330 340 343 
343 350 353 358 358 368 370 371 372 372 
383 384 385 387 394 395 398 420 420 426 
427 428 429 435 439 447 452 454 458 460 
463 468 469 469 469 472 486 490 491 491 
495 497 499 502 509 513 521 524 525 540 
543 550 554 555 555 559 560 565 569 572 
573 578 592 594 594 594 600 601 603 606 
609 611 622 623 627 630 636 644 647 655 
659 659 667 668 676 686 686 687 698 706 
707 709 713 720 731 733 739 740 742 742 
743 747 748 754 756 758 763 772 777 788 
790 809 810 811 814 815 817 820 831 834 
864 884 898 898 915 915 921 924 930 932 
939 943 951 952 962 966 967 969 973 974 
983 985 985 988 988 997 1001 1003 1003 1004 
1004 1004 1017 1020 1021 1023 1024 1032 1032 1040 
1043 1052 1052 1070 1071 1081 1084 1086 1096 1101 
1107 1109 1120 1122 1131 1134 1138 1155 1164 1167 
1168 1184 1188 1191 1192 1197 1198 1204 1204 1205 
1205 1208 1217 1219 1222 1224 1224 1233 1239 1247 
1248 1252 1255 1256 1257 1266 1268 1269 1269 1271 
1280 1283 1285 1290 1294 1305 1312 1315 1320 1327 
1336 1343 1346 1348 1356 1358 1359 1360 1374 1381 
1384 1387 1390 1398 1402 1406 1406 1409 1411 1414 
1415 1419 1421 1422 1433 1435 1436 1455 1455 1457 
1457 1457 1457 1462 1466 1470 1478 1480 1482 1489 
1493 1499 1499 1502 1504 1506 1509 1513 1520 1524 
1528 1532 1538 1539 1545 1548 1550 1552 1566 1569 
1570 1573 1577 1579 1579 1585 1588 1592 1598 1607 
1612 1626 1628 1630 1636 1643 1646 1651 1655 1656 
1659 1659 1668 1670 1673 1673 1682 1689 1692 1693 
1701 1710 1711 1718 1720 1734 1737 1756 1762 1772 
1775 1778 1779 1780 1786 1793 1797 1800 1800 1808 
1819 1835 1842 1843 1844 1853 1874 1881 1885 1907 
1909 1909 1913 1921 1934 1934 1935 1937 1938 1947 
1950 1953 1957 1961 1964 1966 1968 1970 1972 1972 
1978 1980 1982 1994 2002 2010 2014 2036 2037 2039 
2040 2042 2043 2047 2061 2066 2076 2080 2085 2104 
2128 2131 2138 2141 2143 2151 2153 2155 2159 2162 
2166 2168 2168 2169 2170 2176 2180 2182 2186 2198 
2215 2219 2222 2236 2241 2242 2250 2253 2257 2261 
2265 2270 2273 2276 2277 2287 2289 2289 2294 2295 
2303 2309 2309 2311 2311 2315 2316 2325 2326 2334 
2341 2342 2346 2349 2349 2350 2352 2357 2358 2361 
2363 2365 2366 2366 2368 2369 2369 2374 2383 2385 
2395 2395 2400 2406 2411 2414 2422 2426 2429 2440 
2442 2451 2453 2461 2461 2464 2465 2466 2473 2473 
2475 2484 2486 2487 2491 2493 2500 2505 2513 2514 
2517 2525 2527 2535 2538 2540 2548 2549 2552 2555 
2567 2572 2572 2574 2586 2587 2588 2594 2595 2599 
2604 2608 2609 2615 2618 2626 2633 2636 2640 2643 
2644 2649 2651 2652 2663 2667 2668 2670 2672 2683 
2683 2684 2692 2697 2700 2713 2718 2723 2724 2726 
2727 2735 2739 2740 2752 2752 2757 2763 2766 2768 
2769 2779 2789 2794 2794 2796 2814 2826 2826 2829 
2838 2853 2853 2853 2854 2855 2863 2869 2871 2877 
2880 2881 2881 2882 2883 2895 2896 2898 2901 2911 
2919 2920 2930 2939 2949 2953 2954 2956 2956 2969 
2970 2972 2973 2984 2984 2991 2997 3006 3010 3011 
3012 3028 3038 3044 3046 3049 3056 3065 3066 3066 
3080 3087 3088 3098 3099 3100 3102 3103 3109 3114 
3123 3123 3126 3135 3138 3139 3142 3144 3150 3154 
3166 3168 3171 3174 3204 3206 3208 3209 3215 3222 
3223 3230 3236 3243 3244 3246 3250 3252 3253 3265 
3267 3274 3275 3277 3289 3294 3298 3302 3306 3312 
3323 3327 3328 3328 3335 3337 3342 3348 3353 3354 
3356 3358 3358 3359 3362 3363 3375 3378 3380 3384 
3389 3390 3391 3392 3393 3394 3396 3402 3403 3412 
3413 3417 3418 3423 3427 3442 3450 3454 3457 3468 
3468 3469 3470 3470 3475 3477 3483 3486 3490 3492 
3497 3497 3499 3501 3502 3513 3529 3531 3533 3538 
3539 3545 3548 3552 3553 3556 3566 3573 3577 3584 
3585 3591 3592 3594 3596 3596 3597 3599 3617 3618 
3624 3625 3625 3626 3632 3637 3643 3644 3648 3648 
3660 3661 3663 3667 3670 3671 3671 3683 3685 3699 
3701 3701 3701 3707 3708 3714 3715 3717 3720 3723 
3727 3732 3741 3742 3742 3748 3757 3759 3762 3766 
3769 3785 3790 3801 3805 3815 3820 3821 3826 3826 
3830 3835 3851 3852 3867 3900 3901 3907 3908 3917 
3918 3919 3923 3925 3931 3934 3940 3944 3944 3945 
3957 3967 3972 3978 3991 3994 4004 4022 4023 4035 
4037 4037 4039 4041 4041 4042 4046 4059 4064 4070 
4072 4076 4077 4078 4088 4092 4093 4097 4101 4102 
4103 4112 4114 4116 4116 4122 4123 4123 4133 4144 
4145 4151 4152 4157 4160 4165 4170 4171 4174 4190 
4195 4203 4204 4205 4211 4212 4213 4230 4235 4238 
4238 4241 4245 4251 4255 4256 4264 4265 4265 4267 
4271 4278 4289 4311 4320 4332 4333 4345 4351 4352 
4362 4368 4372 4384 4390 4394 4397 4399 4404 4420 
4420 4420 4425 4430 4446 4454 4454 4465 4465 4467 
4469 4474 4479 4484 4484 4486 4493 4493 4505 4507 
4508 4509 4513 4516 4516 4522 4525 4527 4528 4529 
4531 4532 4534 4535 4540 4545 4555 4555 4556 4568 
4571 4580 4590 4594 4597 4598 4609 4611 4615 4616 
4617 4632 4643 4643 4661 4664 4666 4669 4671 4681 
4690 4693 4694 4695 4700 4700 4700 4703 4722 4723 
4726 4727 4737 4739 4739 4742 4747 4748 4753 4754 
4755 4757 4762 4769 4773 4776 4789 4790 4792 4806 
4808 4811 4813 4817 4823 4827 4833 4834 4845 4848 
4863 4865 4871 4877 4883 4886 4891 4898 4907 4907 
4908 4915 4927 4928 4928 4942 4943 4950 4955 4956 
4966 4970 4972 4973 4975 4985 4991 5002 5003 5012 
5016 5022 5025 5040 5040 5043 5056 5057 5060 5067 
5068 5070 5076 5082 5083 5083 5084 5089 5090 5097 
5106 5112 5124 5134 5136 5141 5141 5141 5157 5167 
5175 5182 5183 5190 5192 5200 5207 5212 5212 5215 
5217 5222 5224 5224 5244 5249 5252 5267 5289 5290 
5291 5296 5303 5305 5310 5311 5321 5324 5338 5351 
5351 5363 5364 5367 5380 5384 5384 5393 5400 5402 
5404 5405 5409 5414 5427 5429 5449 5450 5456 5459 
5460 5462 5468 5470 5473 5477 5483 5487 5495 5497 
5504 5504 5512 5518 5519 5521 5523 5527 5527 5531 
5540 5541 5544 5549 5550 5553 5555 5564 5564 5573 
5576 5580 5587 5588 5591 5603 5606 5606 5619 5619 
5621 5624 5636 5640 5641 5642 5645 5645 5646 5646 
5660 5662 5668 5670 5671 5679 5681 5688 5696 5699 
5702 5704 5715 5722 5723 5724 5725 5732 5735 5737 
5748 5748 5751 5754 5759 5760 5786 5794 5800 5805 
5812 5813 5824 5826 5830 5835 5835 5837 5843 5846 
5854 5869 5879 5889 5891 5907 5909 5913 5913 5917 
5919 5921 5921 5925 5933 5938 5941 5941 5946 5947 
5948 5951 5955 5957 5964 5970 5971 5977 5977 5983 
5986 5987 5989 5992 6003 6003 6016 6024 6027 6032 
6062 6067 6071 6077 6083 6088 6089 6092 6093 6100 
6108 6108 6110 6122 6127 6132 6144 6145 6149 6152 
6157 6160 6166 6169 6180 6181 6182 6186 6189 6189 
6200 6212 6214 6226 6235 6242 6243 6248 6249 6261 
6263 6268 6269 6269 6283 6286 6286 6288 6300 6302 
6303 6309 6310 6315 6315 6319 6333 6340 6345 6354 
6365 6365 6367 6395 6395 6397 6399 6399 6403 6404 
6419 6429 6432 6437 6437 6446 6447 6447 6449 6453 
6460 6468 6477 6491 6492 6498 6510 6512 6513 6517 
6524 6525 6525 6525 6525 6529 6532 6537 6542 6543 
6546 6547 6550 6558 6562 6568 6569 6569 6582 6585 
6598 6601 6622 6622 6622 6624 6636 6637 6641 6641 
6648 6665 6666 6667 6671 6681 6683 6685 6691 6701 
6705 6705 6710 6712 6715 6715 6719 6722 6722 6736 
6737 6743 6755 6761 6762 6768 6771 6781 6782 6788 
6790 6790 6803 6804 6807 6810 6816 6818 6819 6823 
6831 6835 6838 6843 6848 6862 6869 6871 6873 6875 
6879 6879 6898 6898 6902 6907 6924 6938 6942 6951 
6953 6956 6964 6964 6967 6989 6989 6992 7002 7003 
7006 7007 7016 7018 7025 7025 7029 7034 7037 7046 
7052 7058 7064 7065 7070 7081 7082 7084 7086 7087 
7094 7113 7114 7114 7126 7128 7129 7137 7141 7145 
7148 7150 7154 7155 7157 7160 7161 7168 7170 7172 
7177 7187 7190 7194 7195 7203 7215 7217 7222 7226 
7227 7235 7258 7258 7269 7269 7276 7281 7285 7293 
7315 7322 7326 7330 7330 7333 7334 7345 7348 7352 
7355 7356 7358 7367 7379 7382 7384 7389 7397 7403 
7406 7415 7415 7416 7418 7436 7443 7443 7449 7455 
7458 7462 7465 7467 7475 7480 7503 7508 7517 7524 
7528 7544 7555 7567 7570 7576 7580 7587 7589 7599 
7608 7612 7626 7627 7627 7642 7642 7662 7667 7669 
7679 7686 7694 7710 7725 7725 7727 7733 7735 7741 
7744 7748 7756 7760 7775 7775 7787 7790 7791 7794 
7795 7799 7801 7810 7811 7816 7820 7820 7820 7828 
7834 7841 7842 7854 7861 7866 7875 7875 7878 7879 
7879 7881 7889 7889 7907 7916 7923 7931 7932 7934 
7936 7938 7949 7950 7955 7960 7970 7973 7980 7985 
7988 7999 8002 8009 8010 8015 8025 8028 8030 8038 
8039 8043 8043 8047 8056 8062 8065 8077 8081 8085 
8103 8111 8119 8119 8120 8123 8126 8127 8133 8140 
8141 8142 8148 8151 8155 8159 8159 8161 8177 8178 
8192 8195 8204 8211 8214 8228 8230 8231 8234 8244 
8255 8255 8282 8284 8285 8294 8295 8302 8305 8324 
8346 8352 8354 8358 8362 8363 8365 8365 8369 8371 
8372 8372 8391 8398 8415 8417 8432 8436 8438 8441 
8444 8446 8450 8464 8465 8481 8489 8491 8496 8496 
8500 8513 8524 8532 8542 8543 8548 8549 8554 8562 
8567 8572 8573 8573 8577 8585 8586 8593 8594 8594 
8602 8606 8623 8630 8632 8633 8634 8644 8652 8655 
8655 8656 8658 8659 8665 8693 8698 8703 8707 8708 
8709 8717 8720 8722 8729 8737 8738 8738 8739 8742 
8752 8755 8758 8758 8763 8764 8773 8776 8784 8787 
8792 8796 8797 8799 8800 8801 8804 8812 8816 8817 
8821 8826 8829 8831 8831 8839 8840 8841 8850 8863 
8872 8880 8882 8883 8886 8887 8887 8892 8895 8904 
8904 8906 8916 8923 8927 8928 8928 8930 8937 8938 
8947 8947 8952 8956 8956 8956 8962 8965 8970 8971 
8971 8976 8983 8987 8988 8989 8989 8998 9002 9003 
9008 9015 9016 9021 9021 9025 9028 9030 9039 9042 
9055 9059 9062 9081 9084 9084 9099 9104 9107 9111 
9112 9116 9130 9132 9138 9140 9144 9145 9147 9151 
9161 9164 9168 9170 9177 9182 9188 9189 9204 9206 
9208 9213 9218 9233 9236 9244 9248 9254 9256 9261 
9264 9267 9269 9277 9286 9302 9302 9304 9311 9323 
9324 9332 9334 9340 9366 9366 9367 9370 9380 9387 
9387 9396 9397 9397 9403 9404 9410 9411 9413 9419 
9421 9423 9427 9429 9431 9433 9438 9440 9440 9446 
9447 9452 9454 9461 9461 9464 9467 9471 9472 9475 
9479 9489 9490 9492 9497 9497 9500 9508 9508 9511 
9512 9513 9517 9520 9522 9554 9556 9556 9565 9582 
9583 9586 9587 9596 9598 9600 9605 9610 9615 9618 
9619 9623 9627 9630 9630 9632 9633 9636 9643 9653 
9659 9660 9662 9662 9665 9669 9670 9685 9709 9713 
9716 9716 9733 9734 9735 9747 9749 9750 9751 9757 
9758 9761 9767 9768 9777 9782 9789 9799 9801 9803 
9806 9810 9818 9818 9826 9827 9833 9838 9840 9846 
9847 9850 9850 9851 9853 9861 9872 9874 9890 9896 
9900 9908 9908 9912 9917 9933 9936 9938 9941 9950 
9951 9957 9958 9961 9966 9968 9975 9975 9986 9988 
9989 9990 9991 10005 10017 10030 10033 10045 10053 10055 
10058 10060 10065 10065 10066 10067 10069 10076 10076 10077 
10082 10090 10099 10103 10106 10108 10115 10124 10141 10143 
10145 10151 10165 10184 10185 10194 10197 10198 10200 10208 
10208 10209 10216 10220 10222 10226 10228 10229 10231 10257 
10262 10262 10272 10272 10277 10280 10281 10282 10293 10296 
10313 10330 10338 10343 10345 10347 10347 10351 10357 10358 
10363 10366 10370 10371 10373 10375 10377 10383 10385 10397 
10398 10400 10401 10415 10417 10420 10428 10437 10449 10450 
10451 10452 10465 10468 10487 10487 10493 10497 10498 10500 
10502 10505 10513 10516 10516 10526 10527 10527 10534 10539 
10545 10550 10558 10565 10565 10566 10571 10574 10581 10586 
10594 10598 10599 10601 10604 10605 10605 10616 10630 10656 
10668 10670 10674 10683 10686 10686 10691 10693 10702 10706 
10710 10711 10715 10726 10728 10729 10735 10735 10748 10753 
10753 10755 10770 10770 10775 10777 10788 10790 10790 10791 
10794 10794 10794 10796 10801 10808 10815 10817 10824 10826 
10827 10835 10837 10838 10839 10850 10851 10854 10860 10889 
10890 10898 10909 10909 10910 10915 10916 10925 10929 10930 
10953 10958 10963 10964 10973 10990 10996 10998 11001 11001 
11003 11004 11006 11032 11039 11055 11064 11071 11078 11085 
11094 11095 11097 11100 11101 11101 11106 11114 11116 11118 
11121 11124 11126 11128 11131 11134 11137 11137 11166 11167 
11175 11175 11177 11181 11186 11188 11191 11195 11196 11199 
11205 11205 11207 11208 11214 11227 11230 11231 11233 11235 
11237 11241 11246 11246 11250 11278 11281 11296 11299 11306 
11309 11313 11320 11338 11354 11357 11364 11365 11367 11369 
11373 11379 11388 11391 11395 11397 11411 11417 11418 11427 
11439 11442 11451 11453 11464 11464 11475 11481 11491 11498 
11500 11504 11505 11505 11527 11529 11533 11540 11546 11549 
11550 11562 11563 11567 11567 11573 11574 11575 11580 11596 
11597 11602 11613 11616 11624 11625 11627 11634 11647 11647 
11647 11648 11649 11649 11657 11662 11671 11674 11677 11680 
11682 11696 11698 11700 11712 11716 11721 11723 11725 11727 
11729 11729 11732 11733 11736 11743 11745 11747 11779 11780 
11791 11801 11804 11804 11813 11813 11815 11820 11829 11830 
11839 11842 11845 11846 11855 11863 11864 11870 11883 11883 
11884 11885 11888 11897 11898 11899 11899 11899 11901 11907 
11915 11916 11928 11938 11941 11944 11944 11945 11947 11953 
11954 11956 11956 11964 11966 11966 11970 11975 11976 11976 
11980 11986 11992 11992 12013 12015 12035 12054 12057 12062 
12065 12074 12077 12079 12082 12087 12093 12099 12102 12105 
12116 12116 12117 12118 12119 12122 12124 12129 12130 12132 
12142 12147 12153 12156 12160 12165 12168 12172 12175 12176 
12183 12192 12194 12198 12199 12213 12217 12218 12220 12221 
12221 12232 12236 12248 12273 12275 12287 12295 12299 12306 
12313 12314 12319 12323 12326 12339 12342 12373 12383 12384 
12384 12388 12391 12417 12423 12428 12430 12433 12440 12442 
12449 12451 12457 12462 12462 12470 12472 12475 12480 12489 
12491 12493 12498 12499 12508 12516 12517 12521 12527 12529 
12531 12550 12554 12557 12560 12562 12572 12572 12573 12584 
12606 12615 12618 12624 12637 12647 12653 12658 12659 12664 
12664 12665 12667 12677 12683 12689 12691 12692 12706 12715 
12716 12717 12718 12724 12724 12725 12727 12734 12742 12750 
12752 12755 12770 12773 12779 12781 12790 12797 12807 12808 
12810 12810 12813 12816 12820 12823 12838 12843 12852 12855 
12860 12861 12862 12864 12867 12870 12872 12882 12883 12883 
12887 12888 12889 12896 12896 12898 12898 12907 12907 12922 
12941 12947 12957 12965 12966 12966 12969 12978 12985 12990 
12994 12994 12998 13000 13008 13014 13017 13023 13025 13028 
13041 13042 13046 13046 13051 13052 13056 13056 13066 13069 
13070 13071 13071 13080 13080 13082 13084 13090 13096 13099 
13107 13115 13117 13120 13120 13124 13125 13126 13126 13135 
13136 13153 13160 13173 13181 13183 13196 13206 13226 13229 
13240 13248 13253 13253 13254 13257 13257 13262 13274 13289 
13291 13299 13301 13303 13304 13308 13316 13318 13331 13335 
13338 13339 13344 13347 13352 13353 13367 13377 13391 13395 
13396 13398 13429 13429 13441 13463 13466 13468 13475 13481 
13484 13489 13496 13496 13500 13502 13518 13524 13528 13529 
13532 13533 13534 13565 13569 13569 13569 13574 13580 13588 
13602 13607 13618 13619 13619 13619 13623 13626 13633 13637 
13639 13649 13649 13650 13652 13654 13660 13661 13666 13684 
13685 13689 13689 13699 13718 13718 13721 13724 13726 13730 
13740 13749 13760 13763 13767 13774 13777 13780 13780 13789 
13799 13809 13816 13816 13820 13822 13823 13825 13832 13834 
13837 13845 13851 13851 13854 13862 13863 13864 13864 13865 
13872 13873 13874 13876 13881 13891 13893 13893 13895 13903 
13917 13924 13925 13928 13931 13943 13944 13944 13948 13950 
13960 13960 13968 13975 13981 13985 13996 13999 14003 14017 
14021 14023 14026 14027 14029 14035 14037 14047 14064 14068 
14074 14079 14085 14093 14102 14113 14122 14125 14146 14166 
14171 14172 14177 14185 14190 14198 14200 14204 14210 14210 
14212 14214 14218 14229 14240 14248 14249 14258 14260 14269 
14277 14289 14290 14304 14309 14309 14310 14312 14351 14358 
14366 14367 14368 14371 14374 14380 14382 14387 14392 14400 
14403 14407 14409 14409 14412 14426 14426 14431 14438 14443 
14443 14444 14445 14446 14453 14458 14462 14464 14464 14464 
14465 14470 14470 14471 14484 14486 14501 14502 14503 14514 
14532 14532 14532 14535 14543 14543 14547 14549 14555 14556 
14564 14571 14572 14583 14586 14590 14591 14598 14598 14603 
14605 14614 14624 14625 14625 14627 14639 14644 14647 14650 
14670 14670 14673 14678 14678 14688 14693 14701 14703 14706 
14716 14716 14717 14719 14736 14743 14745 14750 14751 14752 
14753 14759 14762 14764 14765 14773 14778 14779 14790 14798 
14802 14802 14802 14809 14812 14828 14829 14841 14846 14858 
14859 14864 14870 14873 14880 14884 14884 14890 14903 14910 
14911 14911 14924 14925 14926 14941 14946 14948 14953 14958 
14961 14962 14965 14965 14966 14968 14970 14989 14992 14994 
14995 15001 15002 15005 15007 15012 15031 15032 15032 15033 
15035 15062 15069 15092 15095 15095 15102 15105 15108 15108 
15114 15130 15130 15133 15138 15138 15146 15149 15151 15151 
15155 15155 15159 15165 15165 15179 15180 15193 15204 15205 
15212 15215 15223 15226 15231 15235 15253 15255 15257 15267 
15270 15273 15275 15276 15278 15280 15282 15287 15290 15291 
15293 15293 15296 15297 15317 15317 15317 15320 15332 15332 
15337 15337 15340 15348 15351 15373 15375 15375 15379 15381 
15382 15387 15395 15405 15410 15414 15415 15419 15422 15424 
15428 15436 15441 15447 15453 15463 15469 15473 15474 15482 
15492 15502 15515 15523 15524 15530 15531 15535 15537 15541 
15552 15566 15573 15575 15579 15584 15585 15618 15628 15628 
15628 15634 15640 15644 15649 15653 15655 15662 15670 15678 
15682 15688 15702 15705 15713 15721 15724 15726 15730 15731 
15737 15739 15743 15751 15762 15762 15767 15773 15776 15777 
15779 15789 15806 15807 15813 15816 15820 15825 15825 15826 
15839 15844 15845 15849 15855 15857 15867 15869 15869 15879 
15885 15886 15890 15897 15909 15911 15917 15919 15930 15934 
15936 15945 15963 15965 15967 15970 15971 15971 15973 15978 
15989 15990 15994 15996 15997 16007 16007 16015 16018 16021 
16021 16025 16026 16039 16041 16041 16048 16049 16058 16060 
16067 16070 16074 16075 16081 16085 16086 16095 16096 16097 
16100 16106 16108 16111 16113 16113 16124 16125 16127 16128 
16132 16144 16148 16151 16152 16154 16166 16167 16169 16175 
16185 16186 16189 16192 16197 16207 16208 16214 16234 16241 
16241 16250 16253 16259 16270 16274 16277 16291 16303 16309 
16321 16322 16323 16325 16327 16327 16345 16354 16358 16360 
16365 16369 16372 16377 16378 16382 16387 16403 16404 16408 
16429 16434 16436 16441 16444 16450 16453 16456 16458 16460 
16461 16461 16469 16472 16472 16475 16488 16497 16497 16505 
16507 16517 16521 16523 16525 16526 16528 16531 16533 16534 
16545 16550 16554 16558 16563 16564 16570 16575 16592 16595 
16597 16598 16602 16602 16613 16618 16619 16620 16639 16639 
16648 16649 16650 16651 16651 16653 16657 16658 16672 16688 
16690 16695 16706 16706 16707 16712 16717 16722 16728 16730 
16744 16760 16760 16762 16777 16777 16781 16784 16799 16802 
16813 16821 16821 16823 16826 16826 16838 16842 16855 16856 
16875 16879 16880 16887 16893 16895 16903 16905 16908 16915 
16927 16929 16944 16948 16955 16956 16957 16964 16970 16970 
16973 16974 16982 16995 16998 16998 17004 17006 17010 17016 
17024 17031 17031 17032 17035 17041 17045 17047 17049 17060 
17064 17070 17074 17082 17082 17087 17088 17090 17098 17100 
17101 17104 17104 17107 17114 17115 17115 17116 17130 17136 
17158 17162 17169 17172 17174 17181 17183 17196 17198 17202 
17204 17209 17212 17213 17216 17218 17222 17223 17233 17233 
17238 17239 17248 17250 17253 17265 17274 17276 17279 17283 
17286 17286 17288 17298 17300 17300 17303 17305 17315 17318 
17322 17325 17329 17334 17335 17343 17349 17357 17358 17360 
17369 17383 17384 17386 17389 17394 17394 17402 17405 17407 
17408 17408 17408 17415 17415 17432 17432 17438 17442 17443 
17450 17460 17467 17470 17475 17475 17478 17482 17484 17485 
17491 17497 17497 17502 17504 17518 17519 17520 17520 17524 
17526 17535 17540 17541 17542 17544 17551 17554 17556 17562 
17564 17570 17579 17584 17585 17585 17586 17589 17591 17593 
17600 17601 17611 17621 17625 17628 17631 17632 17646 17650 
17661 17664 17668 17675 17686 17690 17696 17712 17715 17718 
17718 17726 17728 17742 17747 17753 17757 17758 17763 17766 
17768 17776 17779 17789 17789 17791 17802 17803 17816 17826 
17827 17828 17830 17830 17832 17839 17839 17841 17842 17864 
17872 17879 17880 17880 17881 17883 17892 17910 17922 17929 
17933 17936 17936 17937 17950 17964 17964 17968 17968 17971 
17972 17979 17981 17983 17993 17997 18002 18009 18011 18013 
18017 18019 18024 18030 18031 18033 18033 18044 18050 18053 
18055 18061 18085 18086 18093 18098 18100 18111 18112 18117 
18122 18126 18133 18139 18146 18148 18150 18152 18163 18165 
18168 18169 18170 18176 18179 18194 18196 18201 18205 18206 
18218 18218 18219 18220 18234 18239 18241 18276 18278 18296 
18299 18302 18312 18318 18334 18338 18347 18357 18367 18371 
18373 18384 18397 18399 18405 18419 18422 18423 18423 18432 
18436 18451 18453 18457 18459 18463 18466 18472 18476 18476 
18476 18477 18478 18480 18484 18484 18499 18508 18517 18519 
18521 18523 18536 18547 18556 18557 18559 18566 18569 18573 
18578 18585 18589 18591 18594 18600 18601 18609 18613 18621 
18634 18642 18644 18644 18664 18670 18681 18685 18695 18705 
18710 18710 18714 18736 18739 18740 18740 18742 18743 18743 
18745 18749 18752 18756 18760 18761 18771 18776 18777 18778 
18780 18781 18783 18794 18795 18796 18796 18802 18808 18810 
18833 18833 18834 18838 18844 18849 18849 18863 18867 18869 
18870 18875 18878 18881 18888 18889 18909 18913 18919 18934 
18942 18944 18948 18956 18961 18967 18971 18972 18977 18977 
18994 19002 19006 19009 19011 19013 19022 19071 19072 19072 
19078 19098 19105 19108 19108 19112 19127 19130 19137 19143 
19145 19145 19153 19167 19167 19168 19178 19180 19183 19186 
19193 19203 19216 19219 19220 19221 19222 19228 19230 19236 
19239 19244 19250 19253 19263 19263 19271 19271 19281 19284 
19289 19293 19308 19318 19318 19340 19341 19344 19347 19352 
19352 19353 19354 19357 19370 19377 19392 19394 19400 19410 
19415 19415 19420 19423 19426 19435 19439 19448 19448 19450 
19477 19486 19491 19501 19503 19503 19510 19517 19542 19543 
19547 19557 19566 19567 19567 19570 19574 19583 19587 19588 
19588 19596 19600 19602 19602 19606 19609 19610 19613 19616 
19617 19619 19620 19630 19644 19645 19647 19670 19676 19676 
19676 19678 19681 19686 19688 19693 19695 19702 19706 19709 
19710 19715 19722 19726 19743 19747 19750 19754 19757 19768 
19774 19780 19784 19793 19794 19805 19805 19813 19816 19818 
19820 19829 19831 19832 19835 19846 19852 19856 19858 19860 
19862 19866 19875 19876 19886 19895 19910 19911 19915 19917 
19918 19929 19931 19933 19936 19937 19937 19946 19946 19951 
19968 19988 19989 19990 19992 20001 20002 20004 20017 20021 
20031 20038 20045 20046 20054 20061 20064 20065 20073 20074 
20077 20082 20091 20092 20096 20101 20101 20103 20107 20112 
20114 20131 20138 20145 20149 20151 20152 20152 20160 20161 
20163 20171 20180 20185 20189 20194 20196 20210 20210 20215 
20221 20224 20225 20239 20241 20244 20257 20265 20265 20267 
20275 20287 20289 20289 20298 20328 20331 20341 20342 20347 
20351 20355 20357 20364 20387 20389 20391 20405 20411 20414 
20417 20427 20429 20430 20432 20435 20435 20458 20459 20460 
20460 20461 20463 20467 20477 20488 20494 20496 20513 20522 
20528 20538 20543 20546 20561 20570 20574 20575 20583 20586 
20588 20593 20597 20623 20624 20627 20627 20628 20630 20630 
20635 20652 20660 20665 20665 20666 20668 20682 20701 20703 
20712 20718 20748 20751 20752 20752 20759 20784 20786 20806 
20806 20806 20808 20815 20817 20819 20820 20823 20826 20831 
20847 20852 20866 20867 20878 20883 20895 20896 20898 20898 
20899 20900 20900 20906 20918 20924 20925 20934 20941 20945 
20946 20947 20948 20953 20956 20958 20960 20960 20963 20968 
20969 20970 20971 20975 20982 20985 20985 20997 20999 21003 
21004 21006 21006 21007 21008 21010 21014 21024 21028 21032 
21035 21040 21043 21054 21056 21060 21061 21063 21074 21078 
21085 21088 21091 21095 21096 21096 21101 21106 21108 21115 
21116 21118 21119 21127 21132 21141 21167 21168 21169 21180 
21201 21214 21230 21236 21237 21247 21258 21260 21265 21266 
21269 21270 21273 21282 21288 21293 21296 21297 21297 21306 
21314 21320 21323 21337 21339 21346 21347 21354 21357 21358 
21363 21364 21365 21373 21374 21385 21386 21387 21387 21391 
21394 21402 21407 21422 21429 21432 21439 21441 21443 21443 
21446 21446 21448 21452 21462 21467 21469 21474 21477 21478 
21498 21499 21500 21501 21504 21507 21515 21518 21522 21526 
21537 21548 21548 21550 21551 21556 21557 21558 21563 21567 
21571 21572 21580 21586 21600 21600 21603 21605 21608 21608 
21610 21613 21619 21625 21629 21631 21635 21638 21646 21651 
21653 21660 21660 21668 21674 21675 21684 21690 21693 21697 
21698 21707 21711 21712 21714 21714 21720 21735 21740 21741 
21746 21748 21765 21767 21774 21776 21782 21792 21796 21801 
21804 21815 21819 21821 21828 21833 21838 21843 21844 21846 
21848 21850 21857 21864 21870 21872 21873 21873 21882 21892 
21906 21907 21912 21913 21915 21929 21933 21935 21938 21943 
21944 21951 21954 21958 21963 21963 21969 21976 21983 21984 
21986 21997 21998 21998 22002 22007 22019 22025 22027 22039 
22039 22045 22047 22049 22055 22063 22065 22065 22065 22068 
22070 22079 22086 22089 22092 22093 22094 22097 22106 22114 
22115 22126 22131 22136 22137 22140 22141 22141 22143 22146 
22159 22159 22161 22162 22166 22174 22177 22184 22184 22189 
22198 22205 22206 22209 22211 22217 22224 22229 22246 22251 
22258 22260 22261 22263 22267 22267 22285 22294 22294 22305 
22305 22310 22316 22321 22324 22328 22338 22342 22347 22352 
22354 22362 22362 22365 22368 22372 22373 22375 22380 22384 
22389 22393 22404 22416 22423 22433 22434 22442 22447 22453 
22465 22470 22477 22479 22485 22486 22489 22500 22508 22511 
22513 22515 22523 22523 22526 22529 22530 22543 22544 22568 
22570 22577 22583 22592 22608 22610 22611 22611 22615 22616 
22617 22619 22623 22628 22637 22638 22640 22647 22648 22651 
22662 22663 22670 22673 22674 22678 22680 22683 22685 22686 
22687 22698 22707 22707 22709 22712 22717 22718 22718 22719 
22732 22733 22733 22738 22744 22747 22750 22750 22750 22780 
22783 22785 22800 22801 22804 22808 22815 22816 22817 22829 
22832 22832 22836 22837 22842 22843 22846 22850 22850 22853 
22866 22866 22867 22867 22881 22883 22886 22890 22894 22904 
22912 22913 22925 22932 22932 22933 22936 22942 22943 22945 
22946 22947 22951 22955 22956 22962 22975 22979 22988 23013 
23025 23051 23053 23063 23066 23067 23073 23075 23076 23077 
23078 23080 23084 23089 23091 23097 23104 23127 23139 23161 
23161 23162 23165 23185 23191 23191 23191 23196 23196 23198 
23203 23206 23207 23208 23211 23211 23211 23219 23221 23233 
23233 23260 23262 23267 23278 23281 23291 23293 23315 23321 
23324 23340 23341 23350 23367 23371 23375 23393 23394 23400 
23412 23418 23426 23431 23431 23438 23453 23454 23459 23464 
23465 23467 23469 23475 23488 23499 23500 23510 23515 23518 
23520 23523 23530 23540 23542 23544 23550 23564 23564 23567 
23572 23577 23580 23584 23585 23587 23589 23591 23595 23596 
23603 23611 23614 23616 23617 23620 23621 23624 23628 23632 
23653 23653 23654 23672 23677 23684 23694 23696 23696 23697 
23703 23707 23707 23727 23731 23738 23739 23753 23761 23764 
23766 23779 23784 23792 23794 23795 23797 23799 23807 23819 
23822 23834 23848 23859 23861 23863 23864 23865 23870 23881 
23885 23885 23889 23893 23901 23905 23916 23922 23926 23939 
23941 23943 23957 23958 23959 23964 23967 23967 23968 23968 
23971 23975 23979 23982 23990 24005 24008 24017 24017 24019 
24021 24023 24039 24052 24055 24064 24064 24077 24094 24099 
24103 24117 24123 24131 24132 24137 24139 24146 24147 24164 
24166 24168 24172 24172 24175 24175 24185 24190 24192 24201 
24211 24211 24212 24212 24212 24213 24227 24232 24240 24242 
24244 24251 24255 24258 24260 24267 24273 24276 24280 24280 
24281 24290 24291 24299 24300 24302 24305 24307 24309 24311 
24317 24331 24334 24340 24341 24353 24356 24357 24365 24367 
24367 24377 24387 24389 24400 24424 24425 24427 24430 24456 
24457 24457 24458 24487 24489 24497 24500 24502 24513 24514 
24517 24520 24521 24522 24531 24532 24538 24546 24549 24550 
24561 24565 24575 24577 24578 24579 24582 24582 24584 24587 
24589 24599 24613 24614 24614 24615 24617 24620 24620 24622 
24627 24632 24633 24637 24641 24646 24653 24655 24658 24663 
24665 24667 24673 24678 24684 24685 24697 24699 24713 24713 
24715 24720 24722 24732 24734 24737 24743 24743 24743 24747 
24749 24751 24753 24757 24766 24784 24786 24786 24788 24790 
24790 24790 24798 24799 24810 24812 24817 24823 24832 24841 
24844 24845 24853 24857 24857 24859 24863 24872 24876 24878 
24881 24884 24890 24903 24913 24919 24920 24927 24932 24933 
24935 24938 24940 24943 24951 24952 24957 24958 24964 24964 
24974 24983 24990 25002 25009 25012 25020 25021 25021 25022 
25024 25024 25026 25028 25028 25031 25036 25036 25041 25047 
25056 25063 25068 25069 25073 25076 25081 25084 25089 25093 
25099 25101 25105 25110 25113 25116 25117 25119 25127 25129 
25139 25141 25142 25147 25152 25155 25157 25161 25162 25167 
25170 25173 25180 25180 25189 25193 25197 25204 25209 25212 
25213 25217 25227 25229 25235 25238 25254 25259 25273 25275 
25283 25303 25304 25305 25310 25312 25333 25334 25348 25349 
25349 25350 25351 25357 25358 25361 25361 25366 25366 25368 
25412 25413 25415 25417 25421 25424 25427 25427 25439 25453 
25462 25466 25472 25473 25477 25481 25481 25484 25490 25491 
25494 25494 25504 25507 25513 25517 25521 25522 25522 25524 
25526 25533 25534 25535 25537 25539 25539 25542 25558 25567 
25575 25578 25580 25583 25583 25584 25585 25588 25597 25611 
25612 25612 25615 25616 25645 25671 25672 25700 25703 25709 
25715 25716 25739 25748 25751 25752 25755 25760 25772 25782 
25782 25783 25784 25788 25799 25801 25804 25805 25808 25821 
25825 25826 25830 25835 25840 25842 25847 25853 25856 25858 
25859 25861 25861 25877 25891 25891 25892 25894 25903 25913 
25913 25914 25918 25923 25932 25943 25949 25950 25955 25956 
25962 25966 25969 25970 25974 25985 25994 26009 26018 26022 
26031 26033 26034 26038 26041 26046 26051 26074 26076 26084 
26085 26089 26104 26106 26109 26111 26118 26125 26127 26129 
26131 26133 26141 26141 26161 26163 26166 26177 26180 26181 
26184 26187 26192 26197 26201 26202 26215 26235 26242 26242 
26244 26251 26261 26263 26279 26291 26296 26301 26302 26307 
26312 26327 26335 26339 26346 26350 26353 26357 26363 26380 
26381 26383 26391 26394 26399 26405 26407 26409 26434 26443 
26446 26449 26450 26459 26470 26473 26479 26482 26485 26487 
26487 26489 26493 26493 26493 26496 26503 26505 26533 26535 
26537 26537 26547 26553 26557 26561 26566 26577 26578 26579 
26583 26587 26591 26593 26605 26609 26609 26610 26616 26619 
26633 26643 26650 26651 26656 26659 26661 26662 26662 26668 
26668 26675 26691 26692 26700 26701 26712 26721 26730 26746 
26767 26769 26778 26787 26795 26796 26802 26809 26815 26818 
26836 26838 26843 26849 26859 26865 26869 26872 26873 26881 
26886 26889 26898 26901 26904 26909 26912 26921 26923 26929 
26930 26939 26954 26955 26969 26970 26981 26988 26990 26990 
26991 27001 27004 27009 27012 27012 27019 27023 27029 27032 
27035 27045 27045 27053 27061 27066 27069 27077 27079 27083 
27090 27096 27099 27105 27106 27111 27118 27121 27123 27123 
27132 27135 27138 27138 27145 27147 27147 27154 27154 27164 
27172 27172 27185 27187 27190 27190 27202 27203 27210 27216 
27220 27221 27225 27225 27228 27229 27233 27237 27243 27251 
27255 27255 27258 27261 27269 27270 27273 27275 27281 27291 
27293 27294 27294 27302 27306 27316 27332 27337 27349 27355 
27359 27365 27366 27369 27376 27377 27382 27388 27391 27400 
27402 27402 27405 27406 27408 27413 27423 27423 27425 27427 
27430 27437 27437 27437 27439 27439 27443 27448 27451 27452 
27452 27460 27469 27470 27479 27483 27491 27491 27502 27505 
27510 27510 27511 27529 27533 27556 27568 27574 27578 27580 
27583 27587 27617 27626 27641 27646 27649 27649 27653 27663 
27666 27667 27670 27682 27685 27689 27690 27692 27700 27708 
27727 27727 27733 27735 27735 27740 27741 27742 27746 27751 
27758 27761 27776 27780 27781 27781 27782 27786 27788 27789 
27790 27791 27799 27802 27802 27807 27812 27831 27834 27846 
27858 27858 27859 27863 27885 27886 27898 27916 27924 27926 
27929 27931 27934 27937 27938 27944 27952 27963 27978 27992 
27992 28000 28010 28012 28014 28014 28018 28018 28038 28042 
28043 28046 28046 28053 28065 28068 28072 28076 28091 28097 
28098 28102 28103 28104 28114 28118 28128 28129 28130 28132 
28142 28148 28149 28153 28162 28164 28167 28167 28168 28180 
28185 28196 28205 28213 28226 28227 28232 28238 28242 28245 
28246 28255 28256 28263 28267 28271 28284 28288 28294 28295 
28304 28309 28317 28322 28326 28366 28381 28381 28387 28394 
28395 28409 28411 28411 28413 28417 28419 28428 28430 28439 
28441 28443 28444 28447 28447 28447 28450 28451 28451 28452 
28460 28462 28466 28472 28478 28479 28482 28496 28512 28542 
28553 28554 28557 28562 28564 28567 28573 28573 28574 28576 
28582 28604 28606 28612 28627 28631 28632 28643 28643 28645 
28647 28649 28653 28661 28665 28666 28672 28675 28676 28678 
28681 28681 28681 28686 28695 28705 28712 28712 28713 28714 
28715 28724 28726 28727 28730 28739 28743 28751 28757 28772 
28779 28781 28784 28787 28791 28798 28801 28804 28805 28808 
28808 28809 28816 28817 28831 28834 28840 28841 28844 28844 
28849 28854 28865 28876 28878 28885 28910 28917 28919 28921 
28924 28924 28927 28934 28935 28948 28951 28959 28962 28964 
28967 28968 28975 28976 28980 28981 28989 28989 28994 29002 
29011 29023 29023 29024 29044 29048 29052 29055 29059 29064 
29066 29067 29067 29078 29081 29084 29088 29090 29091 29096 
29097 29106 29106 29117 29122 29126 29128 29134 29136 29139 
29139 29140 29148 29168 29176 29179 29180 29181 29184 29188 
29196 29199 29203 29203 29203 29203 29205 29211 29211 29218 
29225 29245 29248 29260 29268 29275 29275 29275 29299 29305 
29312 29321 29323 29325 29329 29354 29356 29362 29376 29377 
29381 29388 29392 29392 29392 29398 29401 29414 29420 29432 
29433 29434 29440 29443 29446 29458 29468 29481 29484 29496 
29496 29502 29506 29507 29508 29516 29517 29522 29523 29537 
29539 29543 29545 29554 29559 29560 29564 29594 29595 29596 
29602 29606 29608 29609 29614 29616 29620 29625 29626 29633 
29644 29656 29665 29681 29682 29689 29700 29713 29723 29728 
29731 29741 29773 29783 29796 29798 29799 29806 29807 29809 
29815 29818 29825 29832 29840 29844 29844 29850 29853 29874 
29881 29884 29886 29895 29896 29897 29898 29898 29905 29910 
29917 29919 29920 29925 29925 29928 29935 29939 29958 29961 
29968 29969 29972 29979 29980 29986 29989 29992 29996 30000 
30003 30005 30005 30017 30021 30045 30057 30058 30060 30061 
30061 30063 30068 30071 30075 30095 30099 30100 30126 30135 
30137 30141 30145 30170 30171 30172 30175 30175 30176 30179 
30179 30182 30183 30183 30214 30229 30234 30240 30252 30252 
30255 30256 30262 30263 30279 30280 30288 30290 30297 30299 
30315 30316 30323 30323 30323 30335 30349 30357 30358 30359 
30360 30366 30372 30375 30375 30376 30377 30391 30395 30397 
30410 30414 30444 30445 30450 30461 30465 30468 30473 30474 
30482 30484 30490 30492 30494 30500 30503 30511 30512 30529 
30531 30531 30531 30531 30532 30533 30536 30540 30541 30546 
30548 30550 30555 30559 30559 30563 30568 30570 30573 30576 
30591 30598 30600 30600 30601 30602 30605 30609 30614 30630 
30630 30631 30632 30641 30643 30651 30655 30661 30662 30668 
30682 30687 30689 30690 30691 30695 30697 30699 30701 30718 
30719 30721 30727 30730 30732 30732 30733 30738 30743 30747 
30752 30755 30760 30766 30767 30768 30770 30774 30774 30777 
30791 30792 30794 30797 30816 30828 30830 30831 30840 30841 
30868 30868 30878 30879 30883 30886 30887 30892 30893 30904 
30905 30910 30912 30917 30918 30919 30941 30942 30949 30951 
30954 30954 30966 30979 30979 30986 30991 31003 31008 31011 
31014 31017 31020 31021 31027 31028 31028 31029 31030 31031 
31041 31042 31061 31066 31073 31094 31099 31101 31104 31108 
31114 31117 31121 31122 31123 31133 31147 31153 31154 31159 
31161 31161 31163 31169 31170 31174 31176 31177 31178 31180 
31188 31197 31199 31200 31204 31206 31208 31214 31215 31216 
31219 31222 31234 31236 31241 31249 31251 31252 31259 31260 
31264 31265 31265 31268 31268 31272 31287 31288 31288 31302 
31306 31314 31320 31323 31333 31342 31342 31347 31354 31358 
31359 31361 31368 31369 31381 31382 31382 31385 31393 31399 
31410 31418 31426 31434 31438 31446 31453 31453 31453 31453 
31454 31458 31459 31460 31462 31463 31475 31482 31485 31486 
31489 31493 31495 31509 31518 31521 31527 31534 31564 31568 
31572 31576 31582 31583 31584 31594 31601 31603 31608 31614 
31616 31624 31638 31649 31651 31666 31677 31682 31685 31685 
31685 31689 31691 31694 31694 31695 31698 31709 31714 31720 
31721 31721 31722 31726 31728 31732 31734 31741 31743 31743 
31746 31751 31752 31756 31770 31771 31776 31801 31803 31805 
31807 31807 31809 31809 31812 31813 31816 31817 31817 31821 
31822 31840 31847 31851 31853 31856 31857 31866 31868 31869 
31874 31883 31883 31883 31884 31888 31893 31895 31895 31897 
31911 31915 31919 31922 31923 31925 31930 31935 31935 31940 
31947 31952 31955 31956 31969 31974 31979 31981 31985 31987 
31989 31989 31991 31994 32003 32006 32011 32017 32034 32036 
32040 32041 32045 32047 32047 32051 32051 32054 32059 32063 
32085 32086 32090 32100 32117 32118 32123 32124 32127 32134 
32139 32142 32152 32153 32155 32159 32159 32163 32165 32166 
32169 32183 32184 32189 32197 32199 32207 32207 32212 32212 
32216 32217 32226 32227 32228 32232 32237 32240 32240 32245 
32264 32264 32265 32267 32270 32274 32274 32274 32292 32299 
32302 32302 32303 32307 32319 32323 32324 32325 32331 32341 
32346 32349 32371 32373 32373 32377 32377 32382 32395 32395 
32397 32404 32407 32408 32418 32420 32427 32432 32441 32442 
32444 32450 32451 32453 32465 32470 32472 32477 32494 32510 
32521 32521 32525 32528 32538 32541 32546 32555 32560 32561 
32562 32563 32572 32574 32583 32590 32593 32595 32597 32617 
32620 32629 32630 32638 32640 32642 32647 32652 32654 32663 
32664 32672 32673 32675 32681 32689 32692 32693 32696 32704 
32713 32713 32714 32717 32717 32736 32741 32756 32762 32767 
32773 32776 32787 32790 32792 32800 32806 32807 32815 32817 
32826 32828 32832 32837 32839 32849 32859 32860 32861 32863 
32863 32867 32875 32879 32880 32885 32890 32890 32892 32896 
32905 32907 32908 32919 32927 32934 32936 32941 32948 32957 
32961 32964 32965 32968 32970 32977 32979 32981 32986 32989 
33004 33016 33018 33020 33024 33026 33030 33043 33044 33045 
33068 33068 33085 33086 33088 33091 33092 33092 33095 33099 
33103 33108 33119 33120 33123 33124 33125 33129 33138 33141 
33144 33155 33155 33158 33159 33166 33166 33167 33172 33172 
33182 33184 33193 33211 33211 33212 33216 33226 33231 33237 
33237 33237 33250 33254 33257 33259 33261 33263 33264 33273 
33276 33279 33286 33296 33304 33320 33322 33330 33331 33331 
33338 33339 33352 33362 33373 33382 33388 33390 33391 33392 
33392 33394 33395 33399 33407 33411 33414 33416 33417 33423 
33429 33430 33431 33432 33433 33433 33440 33451 33455 33466 
33466 33466 33476 33480 33492 33501 33505 33509 33511 33513 
33515 33545 33545 33545 33547 33550 33553 33556 33556 33560 
33562 33567 33571 33577 33589 33591 33592 33597 33598 33599 
33606 33617 33621 33639 33647 33647 33647 33654 33662 33663 
33666 33667 33671 33683 33685 33687 33688 33691 33692 33698 
33704 33705 33734 33735 33738 33738 33739 33745 33760 33760 
33764 33769 33772 33773 33775 33776 33785 33793 33795 33795 
33796 33801 33801 33803 33804 33806 33812 33814 33831 33833 
33835 33838 33847 33849 33867 33871 33882 33883 33885 33891 
33892 33899 33900 33901 33910 33914 33922 33925 33933 33935 
33941 33942 33959 33961 33975 33978 33979 33987 33989 33993 
33995 33996 33999 34001 34007 34014 34016 34021 34021 34022 
34025 34029 34036 34042 34042 34043 34043 34054 34060 34061 
34073 34073 34073 34078 34081 34087 34099 34105 34106 34113 
34122 34131 34135 34141 34146 34149 34156 34165 34168 34168 
34169 34176 34177 34178 34191 34200 34205 34205 34210 34210 
34213 34217 34218 34224 34229 34229 34230 34230 34231 34233 
34246 34249 34256 34261 34262 34269 34271 34278 34283 34287 
34288 34294 34302 34311 34312 34327 34331 34351 34360 34363 
34367 34374 34384 34387 34389 34396 34402 34410 34417 34420 
34420 34428 34430 34432 34441 34447 34452 34454 34460 34463 
34465 34470 34477 34485 34487 34501 34513 34516 34537 34539 
34541 34544 34545 34546 34547 34557 34563 34567 34577 34589 
34592 34594 34596 34598 34600 34608 34609 34610 34622 34624 
34629 34630 34649 34651 34664 34689 34695 34700 34707 34711 
34712 34712 34723 34732 34744 34745 34759 34766 34769 34776 
34787 34789 34792 34792 34793 34812 34819 34823 34825 34832 
34839 34854 34855 34867 34882 34883 34884 34885 34890 34891 
34896 34898 34905 34908 34918 34921 34924 34934 34939 34939 
34945 34946 34950 34958 34968 34975 34978 34989 34991 34997 
34997 35003 35004 35009 35020 35022 35027 35031 35038 35050 
35053 35056 35059 35064 35071 35073 35073 35081 35083 35086 
35102 35103 35108 35109 35114 35122 35125 35127 35130 35131 
35136 35141 35150 35157 35158 35181 35186 35189 35203 35205 
35208 35208 35209 35210 35211 35213 35219 35221 35222 35227 
35230 35263 35268 35268 35278 35280 35290 35290 35291 35293 
35293 35309 35311 35325 35334 35336 35345 35346 35353 35357 
35360 35361 35362 35377 35377 35377 35378 35381 35384 35397 
35403 35407 35412 35420 35422 35426 35427 35443 35448 35448 
35459 35462 35463 35463 35463 35466 35473 35473 35485 35486 
35487 35490 35494 35496 35500 35501 35502 35509 35510 35511 
35529 35533 35533 35535 35536 35544 35556 35569 35572 35572 
35572 35572 35578 35579 35582 35586 35588 35593 35598 35599 
35607 35608 35609 35614 35616 35625 35638 35640 35643 35650 
35651 35652 35656 35664 35672 35688 35696 35702 35706 35712 
35712 35723 35726 35727 35735 35744 35760 35760 35761 35767 
35776 35780 35790 35791 35793 35800 35800 35813 35813 35817 
35821 35822 35824 35826 35841 35847 35851 35855 35860 35867 
35877 35879 35880 35881 35883 35887 35888 35889 35895 35897 
35900 35904 35905 35913 35913 35917 35918 35920 35921 35937 
35938 35939 35940 35946 35947 35949 35951 35953 35953 35955 
35962 35969 35976 35982 35983 35987 35997 36005 36014 36018 
36024 36024 36026 36034 36039 36043 36049 36072 36074 36076 
36082 36090 36103 36104 36105 36112 36130 36131 36138 36140 
36141 36144 36151 36156 36168 36170 36178 36179 36179 36182 
36200 36203 36225 36234 36240 36240 36251 36252 36257 36264 
36277 36279 36287 36292 36295 36299 36316 36318 36319 36324 
36329 36332 36334 36336 36338 36340 36342 36355 36358 36362 
36366 36370 36375 36377 36383 36383 36383 36387 36389 36396 
36397 36397 36398 36403 36409 36417 36419 36426 36427 36430 
36438 36441 36444 36446 36452 36452 36457 36459 36462 36464 
36479 36486 36487 36496 36497 36502 36506 36516 36518 36528 
36534 36542 36543 36545 36546 36554 36567 36575 36583 36586 
36588 36598 36598 36601 36604 36613 36619 36643 36644 36648 
36658 36665 36681 36682 36686 36689 36697 36701 36708 36710 
36712 36716 36720 36728 36730 36732 36734 36736 36740 36745 
36763 36769 36774 36785 36797 36805 36809 36811 36835 36838 
36842 36849 36865 36866 36884 36884 36893 36898 36898 36906 
36918 36922 36923 36935 36939 36942 36950 36954 36972 36973 
36977 36982 36988 37003 37004 37004 37013 37024 37029 37029 
37044 37049 37050 37056 37059 37061 37062 37064 37067 37080 
37084 37102 37105 37106 37109 37115 37119 37134 37145 37163 
37163 37165 37167 37169 37169 37171 37176 37189 37196 37196 
37197 37200 37201 37203 37203 37203 37206 37215 37219 37225 
37227 37237 37242 37255 37257 37257 37260 37265 37269 37272 
37272 37288 37290 37315 37333 37337 37339 37341 37345 37346 
37354 37361 37363 37370 37377 37380 37404 37430 37431 37440 
37445 37445 37445 37446 37446 37459 37469 37473 37474 37476 
37478 37479 37480 37480 37481 37481 37490 37491 37492 37494 
37496 37499 37504 37512 37514 37515 37523 37523 37524 37526 
37528 37528 37537 37537 37538 37541 37546 37547 37565 37573 
37573 37578 37580 37583 37589 37594 37596 37597 37602 37606 
37621 37625 37627 37634 37637 37645 37649 37651 37652 37653 
37660 37661 37667 37669 37673 37675 37676 37681 37683 37691 
37696 37704 37706 37706 37711 37713 37713 37719 37723 37727 
37730 37731 37735 37741 37742 37743 37744 37748 37748 37761 
37771 37773 37785 37786 37788 37791 37792 37793 37794 37805 
37808 37811 37817 37818 37825 37827 37827 37831 37832 37834 
37843 37844 37845 37857 37858 37859 37860 37861 37874 37887 
37888 37888 37888 37889 37894 37896 37898 37916 37918 37925 
37934 37937 37938 37939 37951 37966 37975 37978 38016 38022 
38024 38036 38038 38039 38044 38045 38048 38052 38053 38069 
38075 38086 38093 38094 38099 38099 38100 38104 38106 38108 
38110 38132 38135 38140 38146 38156 38158 38167 38175 38175 
38211 38218 38219 38222 38226 38229 38236 38238 38243 38248 
38269 38270 38279 38280 38284 38285 38286 38287 38304 38313 
38314 38314 38316 38327 38332 38334 38350 38350 38354 38355 
38358 38363 38365 38368 38369 38370 38370 38376 38377 38390 
38397 38410 38415 38428 38429 38430 38436 38439 38446 38453 
38457 38465 38476 38478 38491 38492 38498 38498 38502 38502 
38509 38517 38528 38533 38537 38537 38555 38583 38596 38600 
38604 38608 38620 38622 38623 38628 38630 38631 38639 38651 
38652 38658 38660 38664 38665 38667 38673 38682 38684 38689 
38704 38705 38709 38716 38736 38736 38741 38745 38746 38748 
38750 38766 38767 38773 38775 38810 38823 38825 38825 38831 
38841 38848 38866 38869 38871 38871 38873 38875 38876 38880 
38882 38901 38902 38912 38915 38919 38921 38923 38939 38942 
38942 38951 38952 38959 38960 38973 38980 38992 38992 38994 
38998 39003 39012 39015 39017 39025 39030 39031 39035 39038 
39038 39052 39053 39055 39058 39060 39061 39077 39095 39100 
39100 39100 39105 39147 39150 39155 39168 39172 39173 39174 
39175 39186 39197 39203 39215 39217 39217 39220 39229 39229 
39230 39231 39232 39233 39234 39238 39243 39245 39245 39254 
39254 39259 39262 39272 39272 39274 39280 39290 39293 39295 
39301 39303 39307 39309 39312 39313 39327 39331 39334 39337 
39339 39340 39343 39351 39356 39358 39361 39361 39362 39366 
39367 39374 39379 39383 39397 39410 39419 39435 39436 39442 
39454 39454 39455 39456 39457 39458 39462 39464 39469 39473 
39474 39476 39478 39480 39488 39492 39494 39514 39530 39531 
39544 39560 39566 39567 39567 39573 39574 39576 39582 39587 
39590 39594 39598 39600 39607 39607 39609 39615 39616 39620 
39621 39626 39628 39629 39636 39646 39654 39657 39658 39659 
39671 39674 39676 39691 39692 39696 39698 39707 39710 39728 
39738 39738 39741 39742 39745 39747 39749 39750 39759 39774 
39778 39784 39788 39798 39804 39804 39811 39817 39823 39831 
39867 39867 39881 39897 39899 39914 39920 39925 39927 39929 
39938 39954 39960 39967 39969 39986 39988 39989 39995 40002 
40006 40009 40019 40024 40026 40030 40044 40047 40051 40065 
40074 40075 40076 40082 40093 40094 40095 40100 40111 40113 
40113 40117 40118 40128 40132 40134 40142 40144 40148 40148 
40150 40160 40162 40167 40169 40176 40177 40186 40191 40199 
40205 40207 40218 40218 40225 40230 40231 40233 40238 40242 
40242 40244 40251 40255 40268 40268 40272 40286 40299 40324 
40328 40329 40341 40341 40341 40343 40356 40358 40377 40385 
40387 40392 40393 40400 40405 40406 40407 40407 40423 40426 
40435 40439 40443 40445 40452 40455 40462 40470 40479 40480 
40486 40487 40498 40499 40511 40513 40516 40519 40522 40524 
40524 40536 40539 40542 40546 40562 40569 40582 40582 40582 
40588 40592 40597 40598 40604 40606 40606 40607 40609 40619 
40627 40629 40631 40633 40643 40650 40650 40650 40674 40689 
40696 40699 40701 40702 40704 40714 40717 40722 40726 40732 
40743 40745 40746 40747 40754 40770 40773 40773 40775 40777 
40780 40782 40788 40790 40806 40821 40823 40826 40829 40829 
40832 40835 40851 40864 40869 40876 40883 40908 40912 40919 
40924 40924 40927 40930 40937 40943 40945 40945 40946 40946 
40947 40952 40957 40970 40989 40992 40993 40998 41001 41019 
41023 41027 41034 41037 41040 41045 41045 41058 41061 41074 
41077 41093 41095 41108 41115 41122 41125 41128 41129 41130 
41131 41149 41165 41172 41177 41185 41198 41200 41206 41233 
41235 41236 41239 41240 41241 41247 41255 41257 41261 41263 
41264 41287 41295 41296 41311 41311 41326 41340 41344 41348 
41350 41352 41357 41366 41369 41369 41372 41381 41381 41384 
41395 41396 41399 41399 41402 41402 41404 41406 41407 41408 
41411 41415 41417 41421 41421 41423 41423 41430 41432 41435 
41435 41442 41447 41452 41457 41459 41463 41467 41474 41480 
41480 41481 41488 41495 41495 41496 41498 41504 41507 41508 
41510 41514 41519 41519 41523 41527 41537 41554 41563 41563 
41565 41565 41569 41591 41597 41603 41608 41608 41611 41615 
41618 41629 41629 41630 41637 41637 41638 41641 41642 41648 
41656 41676 41679 41679 41680 41684 41692 41693 41696 41710 
41739 41747 41748 41750 41751 41751 41754 41758 41760 41767 
41773 41773 41782 41785 41789 41803 41805 41805 41807 41808 
41815 41820 41821 41821 41822 41826 41828 41836 41844 41850 
41860 41876 41877 41880 41886 41887 41892 41893 41894 41894 
41900 41910 41915 41931 41939 41944 41944 41945 41948 41951 
41951 41961 41962 41963 41972 41978 41981 41994 41994 41996 
41998 42001 42004 42006 42009 42021 42037 42040 42043 42048 
42054 42057 42061 42065 42067 42069 42071 42073 42078 42084 
42086 42106 42114 42126 42136 42137 42137 42141 42148 42150 
42156 42159 42161 42170 42172 42173 42173 42174 42183 42191 
42195 42202 42205 42207 42213 42216 42216 42218 42224 42235 
42235 42241 42252 42255 42267 42273 42298 42302 42307 42318 
42329 42335 42335 42335 42339 42343 42347 42357 42357 42362 
42375 42378 42384 42384 42395 42396 42396 42406 42408 42414 
42415 42417 42436 42440 42444 42450 42452 42453 42456 42457 
42458 42462 42463 42466 42468 42469 42470 42471 42472 42477 
42481 42487 42488 42492 42495 42495 42502 42503 42504 42504 
42509 42512 42518 42518 42521 42523 42531 42534 42535 42538 
42538 42541 42558 42566 42571 42582 42586 42591 42592 42597 
42599 42603 42610 42619 42619 42623 42624 42642 42642 42645 
42647 42650 42651 42652 42660 42664 42675 42677 42684 42686 
42690 42692 42698 42699 42702 42723 42724 42733 42738 42743 
42745 42750 42752 42752 42753 42755 42756 42763 42769 42776 
42777 42778 42793 42797 42801 42802 42805 42820 42823 42824 
42830 42832 42843 42846 42850 42855 42857 42858 42865 42874 
42879 42879 42888 42892 42899 42920 42922 42927 42938 42944 
42945 42946 42948 42949 42958 42964 42965 42966 42967 42970 
42976 42976 42985 42985 42987 42989 42992 43001 43002 43005 
43005 43006 43008 43012 43014 43020 43020 43023 43024 43029 
43035 43036 43043 43044 43062 43065 43075 43079 43088 43089 
43092 43093 43094 43094 43099 43108 43110 43113 43114 43118 
43119 43122 43122 43126 43128 43140 43152 43160 43164 43169 
43177 43181 43189 43197 43202 43208 43216 43223 43230 43232 
43239 43240 43241 43248 43250 43251 43253 43264 43270 43281 
43281 43303 43304 43304 43310 43329 43334 43335 43345 43347 
43349 43349 43353 43360 43370 43370 43372 43378 43380 43386 
43402 43403 43404 43407 43410 43417 43422 43423 43426 43433 
43436 43437 43443 43446 43453 43455 43456 43469 43470 43471 
43475 43485 43486 43489 43496 43496 43501 43501 43505 43510 
43516 43517 43521 43523 43528 43534 43536 43540 43540 43552 
43555 43556 43562 43572 43580 43589 43591 43592 43609 43624 
43631 43632 43635 43640 43643 43660 43664 43668 43676 43686 
43692 43698 43699 43708 43709 43718 43718 43727 43729 43729 
43736 43777 43796 43808 43813 43825 43829 43830 43836 43838 
43843 43844 43854 43856 43859 43859 43881 43884 43884 43884 
43887 43888 43891 43893 43894 43895 43908 43911 43913 43915 
43925 43936 43938 43951 43954 43962 43965 43972 44003 44007 
44008 44011 44012 44045 44046 44051 44053 44054 44055 44057 
44062 44063 44069 44077 44082 44087 44089 44091 44097 44097 
44099 44099 44102 44103 44105 44116 44117 44127 44128 44134 
44136 44152 44161 44167 44168 44172 44178 44180 44188 44198 
44201 44202 44204 44206 44208 44213 44215 44228 44234 44243 
44246 44254 44254 44256 44268 44275 44282 44289 44291 44296 
44299 44303 44309 44318 44326 44328 44328 44336 44336 44336 
44339 44343 44359 44360 44364 44374 44375 44378 44384 44388 
44391 44391 44398 44402 44405 44407 44409 44419 44426 44431 
44440 44442 44452 44453 44453 44455 44458 44463 44463 44464 
44471 44480 44481 44482 44492 44503 44513 44522 44523 44523 
44536 44549 44555 44559 44566 44567 44574 44585 44593 44613 
44639 44650 44651 44655 44667 44672 44679 44682 44683 44687 
44691 44698 44708 44714 44727 44732 44740 44741 44752 44754 
44754 44755 44759 44760 44768 44778 44789 44790 44793 44795 
44796 44802 44803 44808 44812 44812 44813 44815 44821 44827 
44840 44844 44851 44851 44853 44855 44867 44868 44873 44889 
44894 44905 44905 44906 44907 44914 44918 44927 44937 44939 
44964 44974 44989 44990 44995 44996 45006 45008 45012 45016 
45021 45027 45031 45031 45033 45050 45053 45061 45062 45063 
45065 45068 45071 45077 45081 45090 45098 45101 45115 45120 
45122 45128 45134 45141 45151 45151 45157 45160 45166 45167 
45169 45177 45177 45177 45178 45179 45183 45185 45210 45212 
45212 45218 45220 45220 45224 45234 45237 45241 45249 45251 
45257 45258 45261 45262 45268 45269 45271 45274 45276 45279 
45284 45286 45311 45311 45313 45329 45331 45338 45338 45342 
45354 45363 45371 45372 45375 45375 45380 45384 45387 45392 
45395 45408 45409 45411 45413 45417 45418 45422 45438 45441 
45443 45444 45448 45452 45458 45459 45462 45464 45475 45477 
45483 45492 45505 45507 45507 45509 45515 45529 45530 45534 
45535 45542 45546 45549 45559 45584 45602 45605 45606 45623 
45626 45631 45640 45642 45649 45657 45668 45669 45671 45676 
45689 45690 45695 45696 45698 45704 45707 45719 45727 45729 
45729 45748 45749 45757 45761 45785 45787 45787 45804 45805 
45816 45818 45823 45824 45837 45844 45849 45852 45855 45860 
45861 45872 45873 45875 45881 45887 45887 45888 45896 45899 
45901 45906 45908 45920 45923 45935 45935 45940 45950 45954 
45956 45971 45977 45980 45980 45986 45989 45989 45994 45998 
46013 46017 46027 46028 46035 46038 46041 46045 46046 46046 
46066 46068 46077 46087 46088 46089 46099 46102 46103 46112 
46113 46116 46138 46145 46149 46151 46155 46157 46157 46158 
46160 46163 46163 46170 46176 46187 46189 46191 46195 46200 
46220 46226 46233 46236 46237 46240 46242 46242 46245 46248 
46262 46264 46266 46269 46276 46281 46282 46287 46288 46290 
46295 46301 46302 46305 46314 46319 46323 46325 46335 46337 
46343 46370 46372 46372 46374 46384 46384 46389 46397 46400 
46404 46407 46415 46422 46423 46430 46431 46436 46437 46443 
46448 46451 46459 46463 46464 46465 46468 46481 46490 46491 
46495 46495 46497 46498 46499 46500 46516 46518 46526 46542 
46542 46543 46544 46547 46548 46555 46573 46575 46576 46582 
46584 46589 46589 46591 46611 46614 46615 46616 46621 46628 
46632 46633 46637 46648 46663 46665 46666 46668 46671 46673 
46675 46682 46686 46690 46692 46699 46702 46708 46710 46720 
46725 46730 46735 46743 46751 46755 46757 46762 46767 46771 
46774 46774 46786 46787 46787 46793 46797 46800 46801 46810 
46813 46817 46817 46825 46827 46834 46838 46839 46840 46848 
46855 46860 46875 46877 46884 46892 46893 46894 46901 46903 
46911 46915 46919 46925 46938 46940 46949 46959 46962 46965 
46967 46972 46973 46985 46986 46987 46990 46993 46995 46997 
47012 47015 47016 47022 47025 47026 47032 47035 47039 47039 
47043 47047 47051 47053 47053 47055 47060 47064 47073 47078 
47079 47090 47093 47095 47098 47104 47111 47112 47120 47124 
47125 47127 47133 47137 47144 47150 47159 47174 47186 47206 
47210 47211 47228 47229 47245 47253 47255 47256 47258 47258 
47259 47261 47263 47263 47270 47271 47279 47285 47289 47298 
47302 47310 47323 47323 47327 47328 47332 47334 47336 47338 
47342 47343 47346 47354 47359 47363 47370 47377 47384 47385 
47387 47391 47392 47395 47402 47411 47411 47417 47423 47426 
47427 47436 47438 47439 47450 47454 47454 47468 47469 47473 
47474 47478 47478 47492 47499 47502 47506 47509 47510 47522 
47523 47526 47530 47531 47532 47536 47537 47559 47560 47561 
47566 47574 47575 47579 47584 47588 47593 47594 47594 47611 
47619 47627 47630 47636 47640 47640 47642 47648 47648 47660 
47684 47690 47695 47699 47710 47714 47724 47728 47730 47733 
47734 47740 47748 47766 47772 47773 47783 47793 47795 47799 
47800 47802 47811 47812 47813 47822 47829 47838 47840 47842 
47850 47854 47865 47866 47875 47876 47876 47879 47880 47884 
47894 47894 47900 47911 47913 47915 47916 47918 47922 47928 
47933 47942 47949 47964 47979 47981 47988 47992 48004 48007 
48008 48015 48017 48023 48025 48028 48030 48041 48041 48056 
48057 48062 48063 48072 48080 48081 48085 48090 48091 48094 
48098 48101 48105 48107 48109 48110 48116 48130 48136 48143 
48145 48145 48157 48162 48165 48169 48170 48172 48178 48181 
48185 48185 48198 48220 48224 48228 48235 48238 48239 48239 
48240 48241 48246 48248 48254 48266 48280 48281 48281 48282 
48293 48304 48306 48307 48307 48308 48315 48315 48319 48328 
48331 48341 48344 48352 48366 48368 48377 48378 48379 48382 
48389 48394 48395 48395 48399 48400 48404 48406 48414 48415 
48416 48418 48425 48430 48435 48449 48456 48460 48463 48464 
48465 48468 48469 48477 48478 48479 48491 48496 48500 48503 
48507 48509 48512 48514 48519 48524 48541 48544 48547 48550 
48554 48555 48556 48556 48558 48586 48602 48606 48609 48616 
48627 48633 48644 48647 48649 48655 48655 48656 48659 48673 
48677 48693 48697 48701 48714 48714 48721 48731 48734 48749 
48760 48761 48771 48774 48776 48776 48778 48780 48795 48798 
48798 48799 48802 48805 48807 48807 48809 48813 48813 48814 
48814 48819 48820 48821 48841 48843 48846 48848 48848 48858 
48858 48865 48872 48875 48879 48892 48892 48894 48901 48908 
48917 48926 48933 48934 48936 48936 48937 48938 48940 48944 
48945 48953 48958 48969 48970 48973 48988 48992 48999 49000 
49001 49008 49017 49030 49032 49033 49039 49041 49045 49045 
49051 49078 49078 49083 49084 49089 49090 49098 49099 49101 
49113 49117 49118 49122 49129 49135 49142 49145 49145 49148 
49150 49155 49160 49174 49175 49176 49179 49183 49198 49198 
49202 49222 49229 49233 49243 49251 49258 49260 49261 49269 
49273 49277 49281 49281 49287 49289 49295 49295 49314 49316 
49320 49320 49320 49325 49329 49346 49351 49352 49354 49354 
49359 49363 49367 49369 49377 49378 49396 49397 49400 49400 
49403 49404 49412 49418 49420 49422 49424 49433 49452 49459 
49462 49483 49497 49498 49499 49500 49503 49509 49510 49518 
49534 49538 49540 49552 49552 49558 49560 49561 49563 49573 
49574 49577 49582 49589 49594 49594 49598 49599 49600 49616 
49619 49622 49632 49634 49634 49635 49637 49641 49653 49654 
49655 49662 49662 49664 49670 49677 49678 49680 49682 49687 
49692 49701 49706 49711 49711 49711 49714 49716 49723 49727 
49728 49732 49732 49734 49743 49744 49747 49749 49763 49767 
49770 49776 49777 49782 49785 49799 49801 49803 49809 49812 
49816 49824 49824 49824 49835 49838 49844 49845 49846 49848 
49851 49853 49856 49863 49865 49877 49891 49899 49903 49903 
49917 49917 49921 49922 49936 49937 49938 49943 49953 49954 
49958 49959 49964 49982 49984 49985 49986 49986 49994 49996 
49999 50000 50004 50013 50033 50034 50048 50049 50049 50070 
50071 50081 50086 50087 50093 50093 50102 50105 50107 50110 
50113 50113 50127 50129 50131 50132 50134 50140 50142 50146 
50147 50147 50153 50156 50158 50164 50165 50169 50169 50181 
50194 50196 50200 50202 50202 50206 50207 50209 50209 50210 
50217 50220 50220 50220 50227 50228 50236 50240 50245 50255 
50257 50274 50280 50297 50304 50305 50309 50316 50320 50323 
50325 50328 50330 50330 50332 50332 50337 50341 50342 50344 
50349 50358 50358 50360 50363 50367 50373 50381 50389 50399 
50414 50420 50421 50440 50454 50463 50466 50470 50476 50482 
50488 50494 50494 50494 50496 50499 50504 50505 50510 50515 
50522 50525 50527 50533 50534 50541 50545 50547 50550 50552 
50569 50569 50574 50578 50578 50578 50583 50583 50596 50600 
50608 50613 50616 50618 50633 50638 50645 50649 50655 50657 
50658 50660 50674 50688 50690 50696 50697 50697 50697 50702 
50705 50725 50750 50754 50757 50758 50759 50764 50765 50765 
50778 50787 50788 50795 50812 50814 50827 50838 50845 50848 
50859 50860 50863 50863 50892 50894 50895 50900 50903 50916 
50921 50924 50946 50947 50948 50950 50956 50956 50964 50965 
50972 50975 50977 50993 50994 50994 50997 51002 51004 51005 
51007 51008 51018 51019 51020 51027 51030 51030 51034 51056 
51057 51067 51076 51087 51096 51098 51102 51105 51111 51113 
51113 51114 51127 51133 51141 51143 51146 51149 51154 51159 
51159 51162 51169 51170 51173 51174 51178 51179 51180 51184 
51232 51241 51244 51245 51246 51251 51253 51261 51262 51266 
51266 51279 51287 51302 51304 51314 51316 51320 51330 51330 
51335 51351 51354 51356 51363 51373 51384 51385 51387 51390 
51390 51394 51409 51415 51417 51419 51422 51425 51430 51435 
51446 51452 51455 51460 51472 51478 51480 51487 51491 51498 
51504 51513 51527 51536 51548 51550 51551 51574 51575 51578 
51579 51580 51585 51593 51595 51602 51603 51613 51615 51622 
51630 51634 51642 51654 51662 51664 51692 51693 51696 51697 
51705 51709 51716 51727 51728 51731 51732 51732 51740 51746 
51748 51760 51766 51769 51772 51775 51775 51775 51779 51781 
51783 51784 51787 51789 51792 51794 51806 51810 51811 51811 
51813 51813 51817 51818 51821 51825 51842 51849 51860 51861 
51864 51866 51872 51896 51897 51900 51900 51904 51907 51907 
51911 51915 51922 51930 51930 51933 51939 51940 51953 51958 
51962 51970 51973 51973 51987 51994 51999 51999 52002 52014 
52035 52048 52059 52060 52064 52070 52081 52082 52083 52086 
52104 52104 52105 52107 52108 52112 52117 52130 52132 52139 
52148 52151 52151 52155 52155 52156 52157 52159 52180 52182 
52183 52185 52186 52188 52191 52192 52193 52203 52213 52220 
52221 52221 52232 52232 52239 52244 52261 52262 52281 52282 
52299 52299 52304 52311 52317 52317 52335 52338 52343 52347 
52349 52350 52354 52378 52392 52396 52400 52407 52411 52413 
52439 52439 52444 52445 52455 52457 52459 52461 52471 52471 
52474 52481 52486 52490 52495 52498 52501 52502 52503 52505 
52512 52516 52525 52530 52534 52534 52537 52544 52553 52555 
52556 52557 52559 52562 52564 52567 52571 52572 52574 52587 
52591 52599 52602 52604 52604 52609 52611 52629 52633 52634 
52637 52645 52653 52657 52670 52672 52682 52683 52686 52688 
52690 52692 52692 52699 52702 52709 52717 52722 52734 52739 
52740 52747 52750 52753 52755 52756 52757 52758 52763 52765 
52767 52776 52779 52780 52782 52784 52784 52787 52798 52802 
52821 52832 52832 52834 52835 52838 52847 52864 52880 52883 
52886 52887 52889 52902 52911 52913 52918 52922 52922 52927 
52927 52930 52931 52931 52934 52936 52940 52943 52943 52944 
52946 52947 52949 52950 52957 52966 52966 52968 52976 52984 
52990 52991 52991 52997 53000 53001 53007 53013 53018 53019 
53019 53025 53030 53031 53032 53036 53037 53038 53045 53047 
53047 53051 53058 53065 53078 53080 53081 53082 53086 53086 
53087 53100 53105 53106 53108 53109 53113 53114 53117 53133 
53134 53135 53147 53148 53150 53159 53161 53173 53184 53185 
53186 53191 53193 53194 53200 53204 53205 53208 53208 53211 
53212 53224 53229 53230 53231 53236 53239 53244 53250 53253 
53254 53283 53293 53300 53308 53314 53316 53317 53318 53321 
53322 53322 53341 53348 53349 53353 53353 53366 53367 53367 
53371 53379 53379 53386 53387 53394 53399 53404 53406 53407 
53408 53414 53420 53425 53433 53433 53434 53438 53438 53442 
53442 53461 53462 53467 53469 53471 53472 53473 53478 53478 
53488 53488 53499 53506 53507 53513 53514 53520 53525 53531 
53532 53538 53542 53543 53547 53555 53558 53559 53562 53563 
53572 53575 53575 53582 53586 53591 53598 53603 53614 53615 
53625 53625 53634 53636 53637 53641 53641 53651 53652 53654 
53673 53679 53688 53690 53691 53692 53702 53707 53707 53713 
53720 53724 53724 53739 53742 53743 53746 53749 53758 53771 
53773 53774 53776 53784 53796 53799 53800 53803 53825 53828 
53838 53844 53862 53864 53865 53866 53881 53883 53883 53884 
53886 53889 53889 53894 53895 53895 53907 53914 53914 53922 
53931 53932 53935 53938 53939 53945 53949 53953 53953 53955 
53956 53960 53962 53966 53967 53967 53968 53970 53989 53993 
53993 53994 54000 54000 54004 54005 54009 54014 54019 54021 
54024 54029 54030 54042 54042 54046 54051 54060 54062 54075 
54083 54100 54102 54117 54119 54125 54152 54154 54155 54175 
54182 54184 54191 54193 54200 54200 54206 54208 54213 54224 
54225 54243 54247 54261 54268 54273 54273 54286 54292 54293 
54301 54302 54307 54310 54317 54317 54321 54324 54327 54335 
54338 54339 54342 54343 54346 54353 54354 54356 54363 54364 
54373 54374 54377 54381 54384 54390 54394 54404 54420 54420 
54429 54432 54443 54445 54445 54457 54461 54464 54475 54480 
54497 54497 54498 54503 54503 54503 54508 54527 54536 54537 
54538 54539 54540 54553 54554 54556 54565 54583 54586 54591 
54604 54616 54616 54619 54621 54624 54627 54629 54634 54635 
54635 54640 54645 54646 54663 54664 54671 54681 54683 54684 
54688 54709 54709 54710 54712 54717 54721 54721 54725 54726 
54733 54734 54734 54744 54744 54756 54764 54770 54772 54773 
54774 54785 54790 54794 54795 54802 54805 54822 54825 54826 
54826 54826 54846 54853 54855 54860 54867 54868 54881 54883 
54884 54886 54889 54889 54906 54910 54911 54932 54938 54941 
54955 54962 54969 54989 54990 54994 55001 55016 55022 55026 
55031 55034 55037 55037 55041 55045 55046 55053 55054 55056 
55061 55095 55097 55100 55124 55127 55127 55133 55136 55136 
55152 55161 55162 55164 55174 55180 55181 55181 55184 55188 
55192 55195 55200 55203 55210 55210 55212 55213 55219 55224 
55230 55231 55234 55236 55238 55239 55249 55250 55253 55255 
55256 55257 55259 55259 55263 55267 55272 55274 55279 55280 
55280 55286 55287 55287 55292 55296 55298 55298 55303 55308 
55311 55315 55321 55325 55327 55346 55349 55359 55368 55369 
55375 55376 55377 55378 55385 55396 55398 55407 55430 55432 
55439 55446 55461 55474 55477 55478 55479 55484 55488 55491 
55498 55502 55503 55506 55511 55518 55521 55529 55534 55539 
55540 55559 55567 55570 55575 55581 55590 55591 55592 55595 
55597 55599 55600 55604 55604 55612 55622 55623 55631 55632 
55641 55644 55644 55647 55652 55656 55657 55666 55667 55669 
55685 55691 55691 55691 55713 55715 55735 55736 55740 55742 
55751 55759 55760 55770 55775 55775 55790 55793 55797 55799 
55806 55812 55815 55820 55822 55827 55847 55873 55880 55891 
55896 55899 55904 55908 55909 55913 55932 55936 55938 55939 
55945 55947 55950 55951 55953 55955 55959 55960 55966 55987 
55989 55991 55995 56007 56010 56016 56017 56018 56019 56024 
56026 56032 56036 56037 56042 56043 56046 56060 56063 56075 
56075 56088 56092 56093 56099 56107 56107 56108 56120 56123 
56126 56131 56135 56137 56139 56149 56152 56154 56154 56156 
56163 56163 56168 56171 56179 56184 56185 56187 56202 56203 
56205 56207 56234 56238 56246 56247 56249 56265 56267 56267 
56272 56283 56285 56291 56292 56293 56303 56304 56327 56331 
56338 56340 56341 56346 56347 56347 56377 56377 56385 56386 
56388 56389 56389 56392 56400 56403 56409 56421 56428 56436 
56442 56443 56444 56448 56477 56487 56499 56502 56508 56520 
56524 56547 56549 56550 56553 56555 56560 56561 56561 56564 
56570 56571 56583 56593 56594 56599 56601 56610 56624 56630 
56632 56633 56636 56639 56642 56649 56651 56654 56660 56661 
56667 56683 56697 56711 56713 56717 56721 56722 56727 56727 
56728 56739 56742 56749 56750 56756 56764 56778 56786 56789 
56791 56793 56794 56802 56807 56811 56813 56815 56824 56831 
56832 56844 56848 56854 56857 56857 56861 56863 56864 56865 
56873 56885 56896 56897 56903 56903 56917 56918 56925 56929 
56934 56942 56943 56947 56952 56953 56956 56957 56958 56963 
56964 56968 56971 56985 56985 56988 56991 56994 56995 57000 
57002 57003 57003 57005 57005 57014 57015 57018 57023 57023 
57032 57035 57037 57043 57048 57064 57072 57079 57079 57081 
57090 57091 57100 57101 57107 57108 57117 57118 57125 57127 
57128 57129 57134 57136 57139 57143 57157 57161 57164 57167 
57167 57171 57173 57176 57177 57189 57198 57207 57210 57212 
57217 57220 57230 57232 57233 57239 57243 57250 57250 57259 
57259 57261 57268 57273 57285 57285 57290 57327 57332 57344 
57351 57357 57358 57359 57361 57364 57365 57365 57367 57372 
57374 57380 57382 57383 57395 57407 57411 57431 57438 57439 
57439 57444 57444 57450 57453 57456 57459 57460 57461 57464 
57466 57468 57490 57495 57498 57498 57507 57509 57510 57522 
57526 57528 57528 57530 57535 57537 57538 57543 57546 57548 
57551 57563 57570 57577 57586 57590 57591 57593 57594 57594 
57603 57603 57609 57612 57629 57645 57646 57654 57659 57662 
57664 57668 57671 57676 57680 57684 57688 57691 57695 57713 
57721 57723 57740 57740 57744 57748 57753 57757 57764 57773 
57779 57793 57800 57801 57805 57845 57854 57863 57865 57874 
57889 57890 57895 57900 57902 57908 57915 57924 57925 57927 
57932 57938 57942 57942 57944 57957 57969 57973 57982 57983 
57989 57990 57993 57996 57997 58000 58006 58015 58019 58020 
58028 58030 58032 58032 58033 58038 58053 58054 58067 58081 
58086 58096 58123 58127 58128 58143 58144 58148 58151 58151 
58157 58157 58166 58166 58173 58195 58204 58208 58211 58224 
58230 58238 58239 58251 58254 58255 58263 58267 58269 58270 
58271 58283 58287 58304 58304 58311 58316 58321 58323 58329 
58333 58347 58351 58353 58358 58359 58375 58380 58381 58386 
58390 58393 58397 58399 58400 58404 58408 58414 58419 58420 
58434 58436 58439 58445 58449 58456 58459 58469 58482 58484 
58489 58498 58501 58504 58507 58511 58517 58526 58532 58532 
58543 58551 58560 58563 58564 58574 58574 58578 58578 58579 
58588 58593 58606 58608 58615 58627 58629 58632 58640 58641 
58647 58649 58659 58661 58665 58671 58672 58685 58704 58710 
58710 58710 58717 58720 58730 58739 58743 58756 58758 58760 
58763 58775 58778 58781 58786 58790 58795 58796 58798 58813 
58815 58816 58822 58831 58840 58841 58852 58863 58869 58873 
58876 58879 58887 58894 58902 58906 58913 58914 58917 58923 
58928 58940 58945 58967 58969 58971 58986 58989 59001 59003 
59008 59009 59015 59020 59022 59025 59040 59044 59045 59056 
59075 59075 59090 59098 59100 59109 59109 59114 59116 59117 
59123 59129 59134 59147 59169 59169 59170 59175 59176 59182 
59182 59183 59183 59187 59209 59214 59219 59227 59229 59232 
59233 59249 59251 59251 59257 59265 59268 59272 59273 59273 
59286 59289 59290 59296 59301 59309 59315 59316 59325 59327 
59329 59331 59334 59337 59339 59352 59358 59362 59364 59365 
59367 59370 59379 59386 59386 59391 59391 59392 59393 59398 
59401 59403 59406 59413 59415 59416 59423 59424 59429 59434 
59434 59441 59442 59445 59445 59462 59469 59471 59472 59479 
59479 59482 59493 59495 59501 59502 59506 59507 59508 59514 
59519 59521 59524 59539 59541 59542 59546 59553 59553 59566 
59567 59568 59568 59569 59574 59580 59594 59597 59601 59622 
59633 59643 59643 59645 59648 59656 59673 59674 59677 59683 
59697 59714 59718 59721 59739 59754 59755 59758 59763 59766 
59775 59775 59777 59777 59799 59807 59813 59813 59821 59822 
59829 59829 59830 59831 59839 59840 59842 59844 59844 59845 
59845 59856 59861 59872 59873 59896 59912 59912 59913 59921 
59931 59931 59940 59940 59943 59947 59954 59955 59969 59969 
59971 59971 59972 59974 59983 59987 59991 59996 59996 60000 
60004 60005 60017 60017 60023 60026 60029 60033 60034 60038 
60046 60056 60073 60080 60092 60094 60105 60111 60113 60120 
60128 60146 60150 60163 60174 60177 60182 60192 60200 60200 
60206 60209 60214 60231 60233 60258 60260 60263 60268 60272 
60274 60284 60291 60297 60298 60304 60307 60308 60317 60324 
60331 60343 60348 60355 60357 60358 60359 60361 60363 60366 
60391 60392 60393 60396 60397 60404 60412 60415 60418 60421 
60426 60428 60433 60444 60445 60445 60446 60456 60457 60465 
60465 60466 60473 60473 60478 60485 60492 60496 60497 60499 
60503 60522 60532 60548 60552 60565 60572 60573 60575 60580 
60580 60594 60595 60598 60600 60601 60607 60608 60613 60619 
60620 60620 60621 60623 60637 60649 60652 60653 60653 60657 
60658 60659 60666 60668 60674 60674 60679 60686 60690 60691 
60705 60730 60740 60746 60753 60757 60767 60770 60771 60772 
60775 60775 60776 60787 60788 60790 60797 60798 60798 60801 
60802 60803 60810 60831 60852 60856 60858 60862 60864 60871 
60877 60879 60885 60893 60895 60895 60902 60911 60916 60924 
60928 60930 60944 60946 60946 60949 60950 60958 60960 60962 
60964 60977 60979 60981 60983 60990 60990 60991 61002 61005 
61009 61010 61014 61018 61021 61024 61038 61040 61047 61052 
61058 61068 61079 61085 61097 61113 61115 61122 61126 61137 
61137 61146 61146 61149 61149 61156 61157 61160 61164 61173 
61179 61182 61186 61186 61186 61188 61190 61203 61205 61206 
61213 61215 61221 61224 61226 61234 61235 61236 61236 61239 
61245 61247 61252 61256 61257 61258 61261 61261 61261 61265 
61272 61273 61277 61282 61286 61286 61288 61298 61299 61303 
61307 61311 61312 61316 61322 61337 61348 61358 61371 61376 
61379 61379 61381 61386 61390 61392 61392 61402 61405 61448 
61451 61454 61457 61459 61460 61463 61464 61476 61479 61489 
61493 61498 61509 61512 61521 61522 61523 61528 61534 61538 
61546 61557 61557 61558 61577 61588 61602 61605 61619 61619 
61632 61637 61637 61651 61653 61655 61657 61665 61672 61703 
61706 61724 61733 61742 61742 61744 61750 61769 61778 61780 
61782 61787 61789 61792 61794 61798 61799 61802 61808 61810 
61813 61818 61820 61820 61823 61826 61830 61840 61846 61851 
61863 61874 61880 61882 61894 61894 61900 61925 61931 61933 
61934 61942 61953 61955 61957 61958 61960 61967 61968 61970 
61983 61984 61985 61987 61998 62011 62013 62021 62026 62033 
62036 62039 62040 62047 62048 62049 62053 62057 62070 62072 
62087 62091 62094 62098 62109 62112 62114 62118 62121 62129 
62130 62144 62154 62169 62179 62180 62180 62192 62194 62202 
62205 62211 62215 62218 62225 62227 62228 62228 62242 62247 
62255 62258 62279 62289 62292 62294 62302 62304 62305 62306 
62311 62311 62317 62342 62349 62351 62356 62356 62357 62360 
62363 62366 62369 62374 62378 62378 62379 62379 62380 62391 
62394 62401 62405 62407 62408 62415 62415 62419 62420 62421 
62424 62441 62443 62448 62451 62452 62454 62460 62467 62474 
62477 62479 62489 62499 62505 62505 62514 62522 62527 62530 
62534 62535 62538 62542 62542 62543 62544 62553 62555 62558 
62567 62567 62579 62581 62582 62583 62583 62586 62589 62591 
62593 62599 62628 62629 62631 62633 62637 62638 62639 62640 
62644 62649 62651 62663 62667 62676 62678 62679 62685 62685 
62687 62689 62689 62694 62695 62700 62700 62707 62713 62721 
62729 62730 62731 62741 62744 62747 62750 62753 62754 62756 
62758 62767 62785 62797 62799 62808 62812 62820 62832 62832 
62832 62833 62837 62840 62842 62844 62848 62849 62854 62872 
62873 62875 62878 62881 62899 62907 62910 62911 62914 62921 
62933 62935 62939 62955 62981 62989 62990 62994 63010 63013 
63017 63025 63037 63056 63062 63065 63069 63075 63076 63082 
63098 63102 63103 63114 63116 63116 63117 63124 63129 63134 
63143 63147 63152 63164 63166 63169 63172 63173 63175 63180 
63183 63184 63187 63190 63195 63196 63206 63209 63213 63222 
63229 63237 63237 63246 63249 63253 63254 63255 63271 63276 
63280 63280 63281 63283 63286 63290 63294 63298 63299 63300 
63329 63333 63334 63346 63347 63351 63352 63359 63365 63373 
63380 63380 63391 63401 63402 63407 63419 63422 63427 63430 
63433 63448 63460 63463 63465 63466 63468 63470 63470 63478 
63479 63486 63487 63500 63505 63507 63510 63514 63518 63521 
63525 63525 63525 63527 63528 63529 63535 63537 63543 63544 
63545 63550 63554 63568 63569 63575 63587 63589 63592 63592 
63593 63598 63601 63603 63607 63607 63623 63631 63640 63649 
63651 63656 63658 63658 63666 63670 63672 63677 63677 63678 
63690 63696 63702 63702 63705 63709 63734 63735 63740 63740 
63747 63748 63773 63774 63807 63816 63820 63821 63829 63831 
63840 63841 63843 63848 63859 63877 63879 63881 63885 63892 
63892 63901 63904 63906 63912 63916 63917 63921 63932 63935 
63937 63944 63958 63966 63970 63981 63991 63993 63998 63998 
64007 64007 64010 64014 64021 64022 64026 64031 64031 64036 
64043 64055 64061 64068 64072 64078 64079 64082 64087 64089 
64104 64119 64125 64130 64132 64133 64151 64151 64154 64154 
64159 64159 64160 64163 64170 64188 64190 64195 64195 64204 
64210 64218 64228 64229 64239 64240 64246 64247 64251 64254 
64258 64258 64261 64272 64306 64309 64315 64315 64316 64319 
64320 64321 64330 64335 64340 64341 64347 64356 64357 64358 
64360 64364 64366 64366 64367 64370 64375 64376 64378 64382 
64386 64395 64397 64400 64403 64407 64409 64414 64420 64421 
64422 64428 64434 64438 64441 64448 64449 64460 64463 64463 
64468 64477 64480 64487 64488 64492 64496 64497 64498 64499 
64509 64510 64526 64526 64529 64549 64554 64563 64571 64573 
64578 64583 64585 64586 64588 64592 64615 64618 64623 64626 
64634 64636 64640 64647 64666 64669 64669 64674 64686 64686 
64687 64690 64705 64714 64716 64717 64722 64734 64735 64745 
64754 64754 64756 64762 64762 64762 64763 64764 64767 64771 
64775 64777 64777 64778 64779 64780 64789 64795 64804 64808 
64809 64816 64826 64840 64854 64857 64858 64867 64878 64879 
64883 64887 64901 64905 64906 64907 64908 64913 64916 64916 
64922 64925 64944 64946 64953 64963 64966 64971 64974 64976 
64980 64982 64984 64986 64989 64990 64996 64997 64998 64999 
65001 65010 65010 65011 65011 65029 65030 65033 65036 65054 
65057 65065 65068 65073 65074 65078 65093 65095 65101 65105 
65105 65105 65107 65110 65112 65119 65120 65121 65132 65136 
65137 65141 65149 65152 65158 65167 65178 65178 65182 65184 
65186 65188 65193 65194 65204 65219 65225 65225 65226 65228 
65237 65239 65245 65248 65250 65252 65262 65262 65266 65270 
65276 65278 65280 65283 65292 65307 65315 65319 65329 65332 
65336 65358 65363 65381 65386 65399 65402 65405 65406 65409 
65412 65424 65436 65439 65448 65462 65476 65477 65480 65481 
65486 65493 65495 65495 65496 65497 65507 65512 65515 65524 
65528 65530 65542 65548 65554 65567 65577 65580 65581 65582 
65584 65585 65595 65608 65609 65610 65611 65617 65622 65623 
65632 65633 65636 65640 65645 65646 65654 65657 65659 65666 
65667 65673 65688 65694 65695 65706 65708 65715 65715 65717 
65735 65739 65739 65745 65749 65751 65753 65756 65758 65762 
65764 65766 65768 65769 65773 65777 65798 65799 65801 65802 
65804 65807 65809 65810 65816 65821 65829 65830 65843 65847 
65857 65868 65869 65876 65893 65897 65902 65904 65904 65913 
65914 65914 65916 65924 65925 65927 65944 65950 65961 65972 
65978 66003 66010 66014 66019 66021 66034 66036 66045 66058 
66063 66067 66072 66073 66080 66085 66103 66106 66109 66113 
66115 66117 66119 66122 66127 66140 66141 66146 66146 66156 
66157 66164 66167 66167 66172 66174 66182 66190 66209 66216 
66218 66223 66239 66246 66257 66260 66274 66275 66275 66275 
66282 66284 66287 66289 66292 66296 66298 66307 66311 66317 
66318 66333 66337 66345 66349 66352 66353 66369 66373 66375 
66378 66388 66390 66399 66400 66402 66407 66412 66415 66423 
66426 66429 66434 66437 66442 66447 66448 66450 66450 66459 
66466 66474 66482 66483 66485 66499 66504 66505 66515 66517 
66518 66519 66524 66528 66532 66534 66536 66544 66550 66562 
66567 66583 66587 66597 66599 66611 66614 66617 66620 66623 
66629 66630 66632 66640 66642 66647 66650 66650 66685 66687 
66688 66696 66707 66707 66716 66721 66727 66728 66729 66732 
66744 66760 66765 66766 66772 66773 66779 66781 66785 66786 
66790 66802 66811 66815 66816 66830 66834 66838 66848 66854 
66855 66868 66885 66885 66887 66899 66900 66912 66920 66922 
66933 66937 66939 66957 66961 66961 66965 66968 66969 66970 
66994 67001 67013 67015 67016 67021 67025 67026 67032 67032 
67035 67041 67044 67045 67048 67050 67054 67056 67063 67067 
67072 67079 67084 67086 67090 67091 67093 67104 67104 67109 
67109 67110 67112 67115 67124 67130 67135 67135 67137 67137 
67137 67153 67157 67160 67173 67174 67182 67190 67192 67199 
67200 67206 67217 67217 67230 67232 67234 67235 67245 67258 
67265 67273 67281 67287 67292 67292 67294 67301 67307 67317 
67317 67319 67327 67329 67330 67351 67361 67372 67378 67384 
67385 67388 67393 67398 67399 67402 67422 67428 67433 67433 
67439 67445 67446 67452 67452 67460 67476 67483 67484 67487 
67491 67498 67500 67504 67520 67520 67526 67527 67527 67533 
67536 67537 67539 67541 67542 67548 67555 67574 67578 67592 
67593 67594 67595 67596 67598 67598 67598 67604 67612 67612 
67612 67612 67615 67621 67634 67640 67647 67655 67657 67661 
67671 67673 67678 67678 67692 67695 67707 67717 67726 67727 
67728 67728 67734 67736 67743 67752 67767 67771 67780 67780 
67792 67795 67802 67811 67822 67823 67824 67825 67826 67827 
67833 67835 67836 67854 67861 67861 67874 67876 67877 67878 
67878 67882 67887 67895 67898 67902 67902 67902 67906 67907 
67913 67914 67919 67921 67922 67922 67930 67930 67935 67935 
67953 67956 67962 67968 67976 67976 67977 67983 67984 67989 
68004 68008 68010 68015 68022 68025 68040 68043 68049 68055 
68059 68062 68063 68063 68066 68072 68073 68074 68077 68079 
68093 68103 68106 68107 68112 68114 68114 68117 68137 68139 
68140 68144 68149 68149 68164 68165 68165 68165 68186 68200 
68208 68210 68219 68228 68247 68251 68252 68255 68258 68268 
68277 68278 68278 68279 68282 68283 68292 68292 68305 68306 
68309 68310 68316 68319 68325 68330 68331 68336 68337 68349 
68352 68354 68356 68367 68375 68386 68389 68395 68396 68398 
68399 68403 68410 68410 68414 68418 68421 68426 68428 68429 
68432 68445 68447 68453 68456 68460 68463 68464 68468 68474 
68480 68481 68483 68489 68493 68496 68500 68506 68524 68525 
68531 68535 68542 68543 68543 68544 68545 68551 68562 68565 
68584 68588 68591 68594 68600 68606 68608 68611 68623 68631 
68637 68638 68638 68640 68643 68650 68654 68661 68681 68683 
68698 68707 68709 68711 68712 68712 68716 68720 68720 68720 
68734 68749 68752 68757 68770 68774 68777 68777 68778 68782 
68785 68789 68791 68793 68796 68811 68817 68823 68827 68828 
68831 68836 68841 68842 68862 68863 68865 68877 68879 68885 
68889 68890 68894 68905 68908 68914 68919 68927 68928 68930 
68932 68938 68938 68939 68945 68963 68970 68984 68987 68990 
68997 68999 69001 69011 69015 69018 69023 69028 69033 69044 
69051 69053 69060 69062 69062 69065 69078 69078 69080 69081 
69088 69091 69093 69099 69104 69109 69110 69120 69124 69135 
69136 69140 69144 69160 69161 69162 69166 69166 69176 69182 
69185 69190 69190 69195 69197 69204 69220 69221 69226 69231 
69237 69257 69259 69259 69272 69279 69281 69282 69290 69292 
69295 69298 69301 69306 69308 69313 69318 69336 69345 69347 
69348 69352 69361 69363 69371 69372 69375 69376 69387 69393 
69396 69396 69399 69400 69402 69403 69406 69413 69413 69413 
69417 69421 69428 69431 69449 69458 69459 69462 69472 69473 
69487 69494 69500 69504 69508 69509 69515 69516 69520 69529 
69536 69543 69544 69550 69553 69562 69570 69598 69608 69611 
69615 69617 69625 69638 69661 69686 69689 69690 69690 69694 
69699 69710 69723 69726 69742 69742 69750 69768 69771 69772 
69776 69784 69790 69792 69801 69804 69804 69808 69813 69813 
69813 69816 69817 69818 69820 69820 69842 69846 69847 69848 
69857 69858 69884 69885 69889 69898 69905 69907 69909 69910 
69922 69925 69934 69936 69940 69942 69946 69961 69962 69963 
69973 69974 69976 69980 69986 69992 69995 69996 70001 70004 
70007 70011 70013 70025 70025 70031 70048 70057 70061 70080 
70082 70089 70090 70097 70100 70104 70105 70113 70126 70126 
70127 70132 70136 70137 70140 70149 70161 70162 70164 70166 
70173 70180 70187 70191 70204 70217 70217 70219 70219 70224 
70228 70230 70237 70237 70238 70257 70258 70262 70274 70278 
70290 70292 70292 70294 70297 70309 70312 70313 70322 70327 
70330 70332 70332 70336 70338 70341 70353 70358 70378 70380 
70398 70401 70405 70410 70412 70412 70413 70417 70418 70419 
70426 70427 70428 70428 70431 70435 70436 70438 70438 70445 
70447 70453 70455 70461 70462 70469 70469 70470 70477 70486 
70486 70486 70489 70489 70494 70495 70496 70497 70497 70501 
70503 70505 70507 70509 70512 70512 70513 70515 70516 70519 
70519 70520 70525 70535 70543 70559 70564 70566 70578 70580 
70589 70593 70597 70603 70603 70611 70618 70621 70633 70641 
70649 70657 70657 70658 70662 70664 70672 70673 70674 70674 
70684 70693 70703 70710 70714 70720 70728 70734 70735 70739 
70748 70748 70752 70754 70756 70757 70764 70776 70778 70795 
70799 70803 70804 70814 70827 70831 70838 70851 70858 70863 
70864 70867 70873 70874 70882 70884 70885 70889 70902 70905 
70905 70906 70906 70919 70919 70923 70924 70927 70931 70933 
70938 70947 70953 70954 70963 70971 70973 70974 70983 70985 
70989 70992 70993 70996 71012 71014 71017 71020 71021 71029 
71033 71043 71054 71059 71062 71067 71068 71071 71075 71077 
71077 71080 71101 71103 71107 71109 71115 71115 71120 71125 
71138 71140 71140 71141 71148 71158 71158 71159 71160 71162 
71180 71180 71183 71187 71190 71191 71194 71198 71203 71209 
71211 71218 71229 71231 71232 71234 71235 71241 71243 71243 
71244 71246 71246 71248 71252 71257 71258 71261 71265 71268 
71271 71272 71273 71283 71290 71291 71297 71299 71300 71311 
71321 71324 71335 71335 71350 71354 71355 71358 71362 71364 
71367 71374 71377 71382 71389 71395 71395 71397 71399 71407 
71408 71414 71414 71414 71415 71417 71418 71421 71424 71440 
71471 71473 71482 71487 71494 71502 71503 71508 71512 71526 
71533 71540 71547 71552 71574 71582 71587 71588 71593 71602 
71606 71607 71611 71623 71624 71633 71633 71639 71642 71644 
71644 71649 71652 71654 71657 71659 71661 71668 71675 71683 
71683 71684 71686 71694 71701 71701 71704 71705 71711 71716 
71722 71729 71743 71745 71752 71759 71759 71760 71766 71772 
71774 71783 71784 71786 71792 71799 71803 71805 71812 71813 
71816 71817 71820 71829 71838 71840 71841 71848 71849 71867 
71879 71880 71897 71901 71912 71912 71914 71927 71930 71930 
71944 71945 71965 71966 71967 71971 71978 71986 71991 72005 
72015 72024 72024 72043 72048 72049 72055 72058 72061 72061 
72068 72073 72081 72089 72090 72095 72105 72116 72116 72120 
72125 72134 72142 72143 72143 72144 72146 72153 72157 72164 
72165 72173 72177 72183 72200 72216 72222 72224 72225 72226 
72229 72230 72233 72240 72241 72246 72248 72251 72254 72257 
72257 72263 72264 72272 72272 72277 72294 72295 72297 72298 
72300 72303 72304 72304 72305 72308 72309 72316 72323 72343 
72349 72360 72362 72367 72373 72376 72378 72387 72389 72389 
72396 72399 72404 72405 72408 72412 72414 72423 72428 72431 
72432 72441 72442 72444 72445 72445 72457 72460 72462 72463 
72463 72464 72469 72471 72479 72483 72486 72488 72490 72493 
72494 72495 72505 72523 72523 72527 72529 72531 72533 72539 
72544 72563 72566 72577 72589 72590 72592 72598 72603 72605 
72629 72637 72642 72643 72645 72655 72662 72670 72670 72675 
72679 72682 72685 72688 72691 72718 72737 72738 72747 72748 
72759 72776 72779 72782 72787 72791 72798 72803 72804 72810 
72813 72827 72831 72832 72842 72846 72850 72865 72867 72875 
72887 72893 72894 72896 72903 72904 72906 72916 72920 72924 
72930 72933 72936 72940 72947 72951 72952 72959 72968 72969 
72975 72976 72993 72998 72998 73000 73017 73019 73022 73026 
73026 73026 73032 73047 73048 73066 73070 73074 73078 73081 
73086 73089 73090 73091 73115 73115 73116 73117 73119 73125 
73126 73127 73134 73135 73138 73140 73143 73145 73146 73155 
73156 73161 73172 73177 73177 73179 73181 73182 73188 73193 
73194 73195 73200 73208 73210 73211 73221 73222 73227 73244 
73256 73256 73257 73258 73259 73262 73264 73266 73272 73274 
73275 73286 73292 73298 73301 73301 73307 73314 73315 73318 
73321 73326 73328 73332 73341 73341 73347 73357 73361 73379 
73385 73405 73405 73410 73411 73423 73429 73442 73444 73453 
73455 73455 73456 73456 73461 73461 73465 73468 73469 73473 
73480 73481 73482 73491 73492 73497 73497 73498 73512 73512 
73513 73515 73517 73518 73523 73525 73532 73548 73552 73555 
73561 73571 73581 73587 73592 73602 73605 73608 73611 73613 
73642 73659 73662 73666 73673 73675 73676 73682 73688 73688 
73696 73701 73712 73714 73717 73721 73735 73741 73744 73748 
73760 73761 73763 73768 73794 73800 73802 73805 73806 73817 
73819 73826 73834 73835 73837 73842 73846 73857 73865 73866 
73873 73875 73887 73891 73892 73894 73906 73909 73913 73913 
73924 73929 73932 73944 73952 73959 73969 73986 73995 74003 
74007 74017 74018 74032 74034 74036 74046 74048 74050 74054 
74056 74060 74064 74080 74092 74092 74093 74100 74100 74121 
74133 74138 74141 74143 74147 74148 74151 74154 74162 74167 
74170 74180 74183 74191 74201 74205 74205 74213 74217 74223 
74235 74240 74247 74248 74251 74255 74257 74258 74259 74262 
74264 74268 74271 74273 74275 74280 74283 74299 74317 74318 
74334 74335 74342 74346 74347 74354 74354 74355 74359 74360 
74362 74362 74387 74389 74391 74391 74395 74396 74397 74401 
74401 74402 74403 74404 74409 74411 74412 74414 74417 74432 
74434 74437 74438 74447 74450 74451 74466 74478 74480 74484 
74485 74487 74498 74501 74501 74501 74502 74502 74513 74516 
74542 74545 74547 74548 74550 74551 74558 74558 74560 74566 
74575 74578 74590 74590 74602 74603 74610 74615 74628 74630 
74640 74648 74649 74654 74658 74658 74669 74669 74673 74680 
74681 74682 74685 74694 74694 74710 74714 74720 74723 74723 
74724 74728 74733 74735 74745 74747 74747 74749 74752 74759 
74772 74773 74777 74782 74783 74788 74790 74797 74802 74804 
74809 74811 74823 74823 74827 74840 74842 74848 74850 74856 
74857 74863 74868 74882 74892 74892 74893 74894 74896 74903 
74907 74910 74911 74913 74914 74916 74919 74920 74930 74949 
74955 74957 74972 74987 75005 75007 75011 75023 75024 75026 
75030 75032 75032 75035 75040 75056 75057 75063 75071 75073 
75078 75087 75092 75093 75102 75103 75104 75104 75106 75108 
75120 75123 75125 75133 75133 75136 75137 75139 75140 75156 
75159 75159 75160 75161 75167 75170 75175 75183 75200 75200 
75204 75207 75212 75214 75219 75221 75237 75239 75241 75243 
75247 75251 75251 75252 75253 75263 75263 75269 75274 75287 
75293 75297 75304 75326 75328 75329 75332 75333 75338 75354 
75358 75361 75375 75392 75418 75424 75431 75432 75444 75445 
75446 75450 75471 75472 75475 75489 75497 75505 75507 75507 
75509 75511 75533 75534 75541 75550 75551 75552 75557 75557 
75558 75562 75569 75570 75574 75577 75581 75588 75593 75594 
75598 75604 75604 75605 75606 75606 75612 75613 75618 75622 
75639 75645 75646 75647 75662 75672 75679 75686 75694 75695 
75704 75708 75712 75722 75727 75732 75732 75740 75741 75745 
75751 75752 75755 75759 75770 75776 75781 75784 75788 75798 
75811 75812 75821 75823 75825 75827 75835 75841 75846 75848 
75848 75856 75860 75870 75871 75876 75880 75882 75884 75887 
75893 75898 75908 75912 75912 75916 75926 75958 75958 75972 
75977 75983 75983 75989 75992 75992 75994 76006 76014 76028 
76035 76051 76058 76060 76069 76070 76072 76079 76079 76079 
76082 76083 76083 76084 76086 76086 76093 76094 76096 76131 
76132 76136 76139 76141 76149 76154 76158 76158 76161 76167 
76169 76169 76176 76196 76197 76197 76200 76209 76210 76226 
76230 76242 76245 76250 76256 76258 76286 76288 76289 76303 
76305 76306 76317 76349 76350 76350 76353 76360 76360 76361 
76380 76380 76396 76398 76408 76409 76416 76421 76425 76435 
76440 76457 76473 76474 76478 76484 76485 76489 76505 76510 
76524 76528 76530 76532 76541 76543 76554 76555 76555 76557 
76559 76570 76575 76579 76590 76594 76595 76601 76604 76622 
76627 76631 76637 76644 76645 76652 76661 76667 76675 76675 
76677 76681 76692 76698 76702 76712 76719 76723 76724 76724 
76726 76731 76741 76749 76753 76771 76773 76777 76782 76785 
76786 76791 76793 76797 76797 76798 76800 76803 76803 76809 
76810 76817 76817 76824 76825 76833 76835 76837 76844 76850 
76851 76860 76862 76862 76862 76869 76869 76876 76882 76883 
76888 76904 76904 76904 76906 76906 76913 76916 76919 76919 
76931 76934 76938 76941 76945 76949 76960 76969 76970 76974 
76974 76987 76990 77002 77003 77004 77008 77011 77014 77018 
77024 77026 77032 77036 77037 77041 77044 77047 77048 77049 
77050 77052 77064 77084 77084 77087 77095 77105 77119 77125 
77144 77147 77149 77149 77156 77159 77163 77165 77168 77173 
77175 77180 77180 77184 77189 77191 77196 77201 77201 77203 
77210 77212 77213 77213 77213 77218 77219 77223 77223 77229 
77231 77237 77240 77242 77244 77249 77252 77261 77264 77265 
77265 77271 77286 77296 77305 77306 77316 77317 77324 77324 
77329 77334 77334 77335 77339 77342 77347 77347 77347 77348 
77350 77358 77358 77360 77361 77372 77376 77380 77389 77390 
77401 77401 77403 77408 77408 77431 77431 77439 77441 77445 
77450 77454 77460 77487 77488 77488 77490 77493 77510 77510 
77516 77538 77541 77542 77546 77553 77555 77564 77580 77581 
77594 77596 77600 77602 77605 77606 77607 77608 77616 77626 
77630 77635 77636 77639 77644 77646 77655 77656 77665 77669 
77676 77687 77688 77693 77697 77700 77701 77706 77706 77706 
77708 77714 77715 77726 77727 77741 77743 77749 77763 77765 
77768 77776 77777 77779 77782 77787 77788 77788 77789 77794 
77798 77799 77800 77800 77803 77813 77819 77822 77826 77833 
77841 77841 77844 77844 77848 77856 77857 77864 77865 77873 
77880 77884 77890 77891 77892 77893 77895 77898 77903 77915 
77925 77929 77930 77932 77939 77939 77940 77942 77942 77942 
77943 77945 77956 77959 77960 77967 77984 77986 77989 78001 
78004 78013 78030 78032 78032 78034 78035 78036 78038 78042 
78052 78065 78065 78066 78071 78072 78072 78078 78079 78087 
78087 78089 78089 78091 78105 78109 78109 78110 78117 78124 
78135 78140 78144 78145 78150 78155 78156 78159 78170 78171 
78175 78190 78193 78196 78198 78200 78209 78211 78211 78216 
78221 78225 78227 78228 78231 78234 78239 78248 78253 78257 
78261 78263 78268 78270 78275 78286 78288 78289 78293 78294 
78296 78300 78305 78306 78312 78312 78313 78320 78325 78326 
78328 78334 78334 78335 78336 78348 78352 78356 78374 78398 
78402 78448 78457 78466 78475 78476 78477 78485 78486 78491 
78499 78505 78506 78510 78511 78515 78517 78525 78527 78532 
78536 78538 78542 78543 78552 78560 78568 78568 78571 78575 
78575 78584 78588 78607 78608 78609 78610 78616 78616 78617 
78619 78622 78639 78645 78648 78663 78666 78666 78670 78673 
78679 78683 78704 78705 78708 78710 78720 78721 78721 78721 
78731 78735 78738 78740 78744 78746 78759 78764 78766 78768 
78769 78771 78771 78772 78775 78775 78780 78781 78782 78783 
78798 78806 78807 78807 78808 78820 78821 78823 78826 78827 
78843 78855 78873 78879 78881 78889 78899 78900 78902 78906 
78906 78919 78930 78931 78932 78933 78939 78940 78942 78945 
78946 78947 78949 78960 78969 78975 78979 78980 78983 78984 
78985 78988 78991 78991 78995 78998 79001 79013 79018 79029 
79034 79038 79039 79040 79042 79058 79059 79067 79067 79068 
79089 79105 79105 79108 79114 79115 79124 79135 79151 79154 
79155 79159 79161 79166 79170 79171 79179 79184 79187 79187 
79188 79205 79211 79213 79215 79218 79218 79218 79222 79229 
79232 79233 79246 79248 79250 79251 79252 79262 79265 79265 
79277 79279 79284 79286 79287 79293 79315 79322 79324 79325 
79331 79335 79343 79347 79347 79350 79351 79353 79357 79361 
79370 79379 79382 79386 79386 79390 79396 79397 79401 79417 
79425 79428 79442 79449 79451 79452 79456 79457 79460 79466 
79468 79468 79471 79482 79488 79490 79497 79501 79507 79520 
79523 79527 79527 79529 79530 79533 79533 79535 79539 79540 
79551 79554 79558 79570 79576 79580 79584 79595 79595 79595 
79598 79603 79611 79623 79624 79625 79626 79629 79629 79640 
79642 79643 79644 79648 79649 79651 79654 79659 79661 79664 
79667 79668 79671 79678 79681 79681 79688 79689 79699 79713 
79713 79714 79723 79726 79735 79738 79742 79746 79748 79757 
79759 79773 79779 79780 79780 79786 79790 79794 79794 79804 
79805 79808 79809 79810 79818 79845 79852 79853 79854 79863 
79864 79865 79868 79871 79872 79875 79875 79881 79899 79906 
79909 79918 79920 79923 79930 79931 79940 79941 79949 79959 
79965 79973 79978 79984 79995 80000 80001 80002 80005 80019 
80024 80029 80033 80039 80041 80042 80057 80058 80070 80073 
80076 80080 80082 80086 80093 80095 80096 80096 80100 80101 
80102 80108 80110 80129 80133 80135 80135 80137 80140 80147 
80151 80154 80154 80154 80167 80182 80186 80188 80196 80220 
80221 80226 80229 80239 80241 80245 80250 80259 80260 80261 
80262 80265 80266 80271 80275 80276 80276 80281 80282 80282 
80283 80288 80289 80295 80297 80300 80304 80307 80316 80318 
80321 80324 80335 80348 80350 80355 80357 80361 80364 80370 
80374 80375 80384 80386 80386 80389 80395 80399 80401 80403 
80409 80421 80426 80427 80428 80429 80429 80432 80438 80444 
80448 80456 80459 80462 80463 80480 80490 80492 80495 80499 
80499 80499 80507 80508 80511 80518 80520 80520 80520 80524 
80526 80531 80535 80541 80544 80545 80555 80560 80560 80564 
80574 80583 80591 80596 80607 80607 80616 80621 80622 80622 
80635 80637 80641 80641 80651 80653 80655 80663 80664 80664 
80665 80674 80678 80684 80684 80685 80686 80710 80714 80716 
80723 80735 80745 80749 80749 80749 80750 80754 80762 80770 
80770 80772 80777 80781 80782 80793 80794 80804 80811 80825 
80829 80843 80850 80854 80855 80876 80882 80882 80882 80883 
80893 80896 80899 80900 80927 80930 80937 80939 80941 80970 
80971 80972 80992 80995 81004 81030 81034 81042 81049 81051 
81052 81057 81058 81067 81072 81073 81083 81085 81096 81097 
81099 81113 81114 81115 81120 81121 81134 81149 81151 81153 
81161 81177 81180 81186 81189 81190 81192 81194 81195 81206 
81212 81217 81221 81221 81241 81245 81247 81254 81257 81257 
81258 81267 81268 81273 81277 81281 81284 81295 81297 81305 
81323 81344 81344 81344 81348 81349 81355 81358 81361 81382 
81389 81396 81400 81402 81405 81406 81410 81415 81416 81421 
81422 81430 81432 81437 81454 81460 81472 81475 81480 81484 
81489 81504 81507 81509 81513 81526 81530 81536 81538 81541 
81545 81553 81560 81560 81564 81591 81593 81602 81605 81606 
81608 81620 81621 81624 81625 81628 81638 81643 81646 81664 
81665 81670 81670 81672 81672 81679 81681 81690 81695 81703 
81705 81709 81718 81719 81721 81735 81755 81769 81769 81771 
81774 81780 81785 81790 81792 81796 81799 81799 81799 81808 
81832 81832 81834 81838 81848 81855 81855 81863 81863 81868 
81890 81894 81896 81910 81911 81921 81926 81942 81944 81953 
81954 81954 81955 81956 81958 81959 81963 81973 81977 81989 
81996 82007 82010 82011 82016 82037 82042 82050 82051 82051 
82056 82058 82062 82062 82071 82071 82084 82087 82097 82100 
82109 82123 82126 82128 82157 82157 82163 82169 82170 82173 
82181 82181 82181 82183 82184 82184 82188 82190 82201 82209 
82209 82221 82231 82232 82250 82252 82253 82265 82273 82275 
82285 82285 82299 82301 82331 82332 82339 82351 82364 82365 
82375 82376 82377 82378 82380 82392 82392 82394 82431 82435 
82443 82443 82444 82457 82458 82458 82467 82473 82474 82477 
82483 82489 82499 82503 82506 82508 82510 82511 82512 82524 
82540 82543 82548 82549 82553 82554 82557 82562 82567 82568 
82569 82574 82584 82587 82595 82602 82607 82607 82609 82624 
82627 82629 82640 82652 82653 82657 82657 82661 82664 82668 
82677 82679 82681 82694 82702 82702 82711 82713 82714 82714 
82721 82727 82730 82736 82736 82744 82745 82746 82749 82769 
82771 82773 82777 82785 82791 82797 82800 82807 82833 82833 
82836 82839 82840 82845 82851 82854 82857 82860 82860 82866 
82883 82904 82913 82916 82919 82922 82924 82926 82938 82945 
82945 82947 82948 82954 82972 82982 82992 82994 83002 83019 
83026 83026 83027 83028 83037 83052 83065 83067 83068 83068 
83071 83073 83074 83075 83081 83084 83092 83096 83098 83104 
83106 83112 83116 83118 83125 83126 83127 83128 83129 83130 
83144 83144 83148 83149 83151 83151 83164 83169 83179 83183 
83187 83188 83190 83192 83195 83199 83215 83217 83217 83219 
83224 83227 83230 83245 83253 83258 83259 83273 83275 83277 
83283 83283 83285 83292 83301 83315 83318 83322 83330 83330 
83335 83341 83341 83344 83354 83357 83360 83360 83368 83377 
83378 83379 83384 83391 83392 83396 83399 83404 83409 83414 
83415 83416 83425 83429 83434 83442 83447 83447 83454 83462 
83468 83468 83469 83472 83481 83485 83499 83502 83505 83505 
83506 83508 83510 83511 83511 83519 83521 83524 83526 83535 
83535 83537 83544 83545 83545 83548 83554 83554 83564 83564 
83571 83575 83581 83581 83587 83594 83594 83606 83614 83617 
83619 83620 83620 83629 83640 83646 83648 83652 83652 83670 
83674 83687 83692 83697 83698 83699 83708 83711 83713 83718 
83719 83719 83724 83729 83731 83740 83741 83745 83750 83750 
83755 83756 83764 83771 83772 83773 83774 83778 83783 83786 
83807 83817 83820 83824 83826 83828 83836 83842 83843 83844 
83855 83861 83863 83864 83882 83886 83887 83889 83895 83897 
83906 83911 83913 83920 83922 83934 83935 83936 83937 83940 
83944 83952 83956 83959 83964 83966 83968 83991 83992 83992 
83996 84004 84005 84024 84027 84030 84033 84035 84049 84052 
84053 84054 84055 84064 84066 84068 84070 84071 84075 84091 
84092 84092 84104 84108 84112 84115 84121 84134 84137 84146 
84158 84160 84170 84186 84190 84190 84192 84203 84207 84215 
84218 84235 84255 84272 84275 84280 84283 84290 84292 84293 
84296 84299 84303 84317 84320 84321 84323 84324 84329 84330 
84331 84338 84343 84347 84350 84352 84353 84357 84362 84366 
84369 84369 84376 84380 84382 84383 84390 84399 84399 84400 
84400 84413 84414 84414 84426 84426 84449 84451 84451 84453 
84456 84457 84466 84477 84482 84491 84492 84493 84500 84501 
84509 84510 84512 84512 84512 84516 84518 84521 84527 84528 
84531 84533 84538 84541 84546 84547 84553 84566 84569 84576 
84580 84582 84584 84586 84589 84595 84603 84609 84609 84614 
84618 84625 84628 84630 84631 84631 84648 84649 84652 84657 
84661 84665 84669 84674 84675 84677 84682 84694 84694 84710 
84713 84732 84734 84743 84749 84769 84776 84780 84787 84791 
84797 84799 84801 84804 84809 84809 84815 84816 84825 84828 
84829 84830 84831 84840 84848 84848 84848 84858 84863 84865 
84866 84870 84871 84874 84886 84891 84900 84903 84908 84910 
84911 84914 84919 84921 84942 84953 84962 84963 84965 84971 
84975 84981 84985 84989 84992 84995 84996 84998 84999 85006 
85009 85011 85014 85019 85021 85021 85027 85028 85028 85038 
85039 85041 85044 85047 85047 85052 85059 85067 85069 85076 
85078 85079 85082 85086 85095 85096 85098 85099 85101 85102 
85105 85110 85117 85128 85129 85130 85137 85144 85145 85148 
85153 85153 85157 85168 85183 85191 85199 85201 85202 85202 
85204 85208 85217 85224 85231 85234 85239 85241 85245 85252 
85257 85260 85262 85264 85277 85282 85287 85289 85305 85306 
85315 85322 85326 85327 85330 85333 85338 85339 85340 85345 
85352 85361 85367 85368 85369 85371 85371 85378 85382 85385 
85386 85389 85393 85408 85415 85416 85418 85425 85428 85430 
85433 85443 85446 85460 85462 85468 85492 85495 85503 85506 
85523 85524 85535 85536 85546 85548 85551 85560 85565 85565 
85580 85584 85585 85586 85589 85591 85598 85620 85625 85646 
85649 85654 85665 85670 85671 85700 85701 85707 85714 85719 
85731 85732 85742 85746 85760 85765 85765 85769 85770 85776 
85779 85784 85787 85787 85788 85799 85802 85806 85813 85825 
85828 85832 85832 85855 85874 85879 85884 85887 85888 85894 
85904 85907 85915 85917 85921 85927 85941 85944 85944 85945 
85955 85961 85966 85985 85986 85987 85987 85994 86005 86006 
86015 86020 86026 86026 86028 86030 86036 86038 86042 86046 
86049 86053 86057 86062 86078 86103 86108 86110 86121 86124 
86127 86131 86137 86139 86145 86156 86165 86171 86183 86187 
86188 86192 86195 86198 86199 86199 86209 86209 86217 86218 
86218 86226 86229 86236 86246 86246 86253 86253 86260 86263 
86268 86270 86281 86292 86294 86299 86300 86301 86307 86321 
86321 86328 86331 86333 86339 86349 86354 86360 86369 86370 
86372 86374 86385 86387 86388 86400 86405 86406 86410 86412 
86416 86421 86422 86435 86445 86446 86451 86459 86465 86474 
86475 86477 86478 86496 86504 86504 86512 86513 86516 86520 
86530 86532 86533 86534 86535 86545 86551 86567 86569 86580 
86589 86599 86603 86609 86613 86613 86623 86634 86638 86653 
86659 86659 86677 86679 86682 86685 86710 86710 86711 86711 
86712 86732 86742 86746 86751 86755 86759 86778 86779 86781 
86785 86794 86801 86802 86802 86804 86811 86815 86821 86823 
86826 86833 86833 86833 86838 86843 86844 86849 86849 86850 
86856 86871 86878 86881 86890 86904 86907 86907 86923 86928 
86937 86939 86944 86944 86956 86964 86975 86975 86982 86985 
86987 86987 86993 86994 86997 87000 87001 87009 87010 87012 
87013 87016 87018 87028 87028 87031 87032 87044 87050 87052 
87078 87080 87080 87093 87095 87099 87104 87106 87108 87113 
87114 87119 87124 87130 87144 87150 87150 87154 87159 87165 
87175 87184 87187 87187 87189 87195 87200 87208 87209 87210 
87211 87212 87214 87225 87226 87228 87233 87234 87248 87253 
87269 87272 87274 87276 87279 87280 87300 87312 87313 87321 
87326 87326 87327 87337 87339 87339 87341 87342 87361 87362 
87363 87364 87378 87383 87387 87403 87405 87412 87415 87417 
87421 87426 87437 87448 87448 87455 87457 87462 87465 87471 
87473 87473 87480 87483 87495 87496 87497 87504 87504 87505 
87508 87518 87518 87523 87531 87537 87542 87551 87561 87565 
87570 87576 87584 87591 87592 87592 87593 87597 87597 87603 
87606 87610 87613 87618 87656 87662 87669 87670 87671 87674 
87676 87678 87687 87688 87689 87695 87695 87697 87698 87698 
87699 87703 87706 87714 87727 87736 87738 87746 87761 87768 
87780 87786 87788 87789 87797 87798 87801 87803 87809 87810 
87814 87814 87816 87817 87820 87825 87832 87840 87841 87843 
87845 87847 87848 87853 87858 87861 87864 87874 87879 87880 
87881 87891 87897 87897 87898 87908 87911 87913 87913 87924 
87930 87937 87940 87943 87944 87946 87948 87948 87956 87958 
87967 87970 87974 87975 87975 87978 87990 87992 87994 87998 
87999 88004 88009 88012 88033 88034 88045 88049 88049 88049 
88067 88067 88069 88070 88070 88070 88071 88089 88092 88103 
88115 88119 88128 88141 88148 88148 88149 88152 88154 88156 
88160 88160 88161 88163 88179 88179 88188 88192 88195 88196 
88210 88212 88217 88220 88223 88231 88233 88235 88238 88240 
88247 88247 88249 88266 88278 88282 88305 88306 88310 88311 
88318 88320 88326 88327 88331 88340 88341 88350 88365 88366 
88368 88380 88382 88382 88383 88384 88387 88395 88396 88405 
88409 88411 88428 88442 88446 88449 88452 88454 88455 88463 
88479 88483 88486 88513 88514 88522 88523 88524 88525 88540 
88544 88545 88545 88561 88568 88576 88577 88592 88593 88603 
88613 88614 88618 88623 88640 88641 88647 88647 88649 88650 
88662 88668 88668 88669 88670 88671 88682 88684 88685 88686 
88689 88691 88703 88704 88710 88721 88723 88735 88736 88739 
88739 88760 88765 88777 88778 88780 88787 88800 88805 88808 
88828 88833 88836 88838 88843 88847 88848 88849 88850 88869 
88870 88872 88875 88878 88880 88885 88885 88892 88895 88898 
88901 88909 88921 88921 88924 88929 88930 88943 88950 88961 
88967 88968 88976 88978 88981 88982 88985 88988 88990 88993 
88995 88996 88998 88998 89000 89020 89020 89023 89029 89031 
89034 89038 89041 89054 89055 89061 89063 89069 89079 89094 
89100 89102 89103 89112 89119 89125 89132 89134 89134 89137 
89138 89141 89143 89144 89151 89153 89154 89156 89163 89168 
89169 89169 89171 89178 89187 89196 89200 89202 89207 89213 
89226 89227 89227 89234 89235 89237 89241 89242 89248 89252 
89253 89255 89278 89289 89295 89306 89308 89313 89315 89318 
89323 89324 89334 89340 89340 89341 89344 89359 89367 89370 
89390 89402 89413 89423 89423 89427 89440 89443 89453 89454 
89455 89456 89458 89465 89467 89470 89472 89473 89476 89479 
89483 89496 89502 89511 89519 89538 89541 89542 89545 89557 
89559 89563 89566 89568 89574 89576 89577 89580 89585 89587 
89589 89591 89602 89609 89619 89623 89623 89624 89633 89647 
89648 89653 89654 89658 89664 89667 89669 89674 89686 89692 
89697 89697 89700 89704 89712 89717 89721 89727 89737 89740 
89743 89746 89750 89752 89754 89758 89764 89768 89780 89789 
89790 89790 89796 89797 89797 89800 89813 89814 89817 89821 
89822 89826 89829 89837 89843 89855 89860 89861 89862 89866 
89869 89872 89881 89891 89894 89921 89923 89928 89933 89934 
89935 89943 89947 89951 89963 89983 89986 89990 90005 90011 
90014 90025 90025 90027 90030 90034 90035 90036 90037 90047 
90048 90051 90054 90056 90056 90057 90064 90078 90079 90086 
90088 90090 90101 90109 90110 90116 90117 90123 90127 90130 
90132 90134 90141 90145 90146 90148 90156 90157 90159 90160 
90164 90165 90166 90180 90181 90188 90191 90217 90218 90220 
90222 90223 90234 90242 90244 90262 90263 90285 90289 90289 
90294 90297 90298 90301 90302 90312 90315 90335 90338 90343 
90344 90352 90358 90358 90358 90359 90363 90367 90369 90375 
90377 90380 90381 90400 90408 90411 90417 90418 90418 90420 
90423 90423 90423 90431 90435 90440 90440 90448 90453 90454 
90459 90460 90470 90474 90476 90476 90484 90487 90490 90495 
90506 90514 90525 90527 90532 90535 90539 90546 90548 90558 
90559 90561 90563 90564 90565 90566 90568 90574 90576 90578 
90580 90589 90592 90595 90597 90600 90606 90608 90610 90612 
90616 90620 90627 90637 90644 90652 90663 90673 90678 90679 
90680 90686 90689 90694 90695 90699 90701 90702 90708 90710 
90719 90719 90728 90734 90744 90751 90751 90755 90761 90775 
90779 90780 90781 90789 90789 90791 90805 90810 90816 90827 
90829 90840 90845 90847 90849 90849 90851 90861 90871 90872 
90880 90884 90892 90896 90897 90899 90912 90915 90918 90944 
90946 90947 90966 90966 90970 90977 90981 90984 90985 90986 
90989 90992 91021 91029 91031 91032 91034 91035 91041 91044 
91048 91066 91068 91071 91075 91078 91082 91084 91088 91092 
91095 91097 91100 91101 91101 91116 91118 91122 91135 91137 
91141 91146 91149 91151 91154 91163 91167 91168 91170 91175 
91179 91179 91190 91203 91211 91218 91223 91230 91232 91233 
91236 91251 91261 91263 91264 91264 91266 91272 91272 91274 
91275 91275 91283 91284 91286 91287 91289 91295 91297 91304 
91306 91306 91307 91314 91319 91319 91322 91323 91326 91338 
91352 91353 91374 91376 91378 91380 91396 91398 91415 91421 
91425 91426 91427 91431 91440 91440 91447 91453 91458 91459 
91467 91471 91476 91480 91480 91481 91482 91483 91491 91492 
91494 91504 91507 91514 91516 91522 91530 91539 91542 91552 
91570 91575 91586 91597 91598 91601 91608 91610 91619 91639 
91641 91655 91656 91659 91661 91662 91669 91670 91672 91672 
91672 91679 91680 91682 91689 91692 91693 91699 91702 91702 
91707 91709 91709 91709 91710 91722 91761 91765 91779 91784 
91790 91797 91798 91802 91810 91814 91817 91828 91828 91828 
91832 91840 91841 91844 91848 91851 91859 91869 91893 91894 
91898 91907 91916 91919 91920 91926 91939 91940 91941 91961 
91964 91967 91968 91981 91981 91987 91987 91989 91997 91998 
92001 92004 92006 92006 92011 92012 92022 92026 92026 92028 
92036 92039 92047 92051 92053 92068 92074 92076 92077 92081 
92083 92084 92085 92102 92115 92126 92126 92128 92129 92139 
92144 92153 92154 92157 92159 92161 92166 92167 92169 92170 
92173 92179 92189 92190 92194 92199 92203 92204 92205 92208 
92216 92226 92227 92231 92235 92241 92245 92246 92265 92274 
92277 92281 92282 92283 92285 92286 92288 92289 92294 92295 
92296 92297 92299 92299 92306 92308 92311 92311 92322 92322 
92333 92334 92343 92352 92353 92356 92357 92363 92366 92371 
92372 92376 92379 92381 92390 92398 92401 92407 92412 92417 
92418 92419 92487 92489 92492 92507 92508 92520 92535 92539 
92550 92552 92554 92580 92580 92584 92587 92592 92598 92602 
92609 92610 92618 92627 92628 92630 92640 92640 92653 92656 
92656 92658 92666 92669 92671 92674 92676 92679 92679 92684 
92687 92702 92704 92712 92713 92719 92720 92729 92730 92734 
92740 92741 92745 92745 92756 92782 92788 92796 92803 92803 
92809 92811 92811 92813 92818 92822 92825 92827 92832 92838 
92841 92843 92846 92846 92859 92860 92865 92870 92871 92872 
92876 92877 92877 92882 92885 92887 92889 92916 92916 92921 
92921 92924 92925 92926 92934 92936 92937 92942 92944 92948 
92951 92954 92954 92956 92963 92966 92972 92974 92975 92979 
92980 92985 92986 92987 92991 92993 92993 93000 93002 93012 
93015 93018 93026 93030 93030 93038 93058 93067 93068 93069 
93073 93074 93079 93080 93084 93085 93085 93090 93095 93104 
93107 93109 93110 93114 93119 93128 93140 93142 93144 93145 
93147 93148 93149 93150 93169 93171 93185 93187 93193 93196 
93199 93200 93219 93220 93221 93234 93254 93254 93254 93257 
93262 93273 93273 93281 93289 93297 93298 93302 93302 93302 
93327 93334 93335 93337 93346 93350 93350 93353 93357 93358 
93361 93372 93375 93383 93392 93396 93398 93399 93410 93413 
93426 93430 93431 93435 93438 93442 93444 93445 93445 93454 
93457 93460 93461 93468 93470 93473 93473 93490 93492 93495 
93495 93499 93504 93509 93509 93529 93533 93537 93544 93549 
93551 93553 93556 93567 93579 93582 93594 93599 93608 93609 
93622 93627 93649 93652 93656 93656 93657 93657 93658 93663 
93665 93681 93688 93691 93695 93697 93704 93707 93708 93715 
93717 93729 93736 93750 93752 93757 93760 93760 93773 93773 
93782 93793 93797 93801 93804 93811 93823 93823 93837 93838 
93840 93844 93845 93850 93852 93854 93856 93864 93865 93869 
93874 93875 93879 93879 93885 93905 93909 93910 93910 93913 
93915 93921 93923 93927 93927 93930 93932 93932 93934 93942 
93947 93949 93951 93958 93959 93960 93961 93964 93969 93969 
93970 93976 93985 93987 93990 93993 93995 94004 94005 94008 
94008 94014 94045 94050 94053 94055 94057 94060 94066 94072 
94076 94078 94079 94100 94110 94123 94124 94125 94128 94129 
94130 94132 94143 94155 94156 94161 94166 94171 94190 94193 
94193 94195 94208 94208 94210 94210 94218 94219 94220 94227 
94228 94229 94232 94238 94239 94251 94252 94254 94259 94261 
94262 94264 94265 94265 94266 94269 94270 94284 94285 94287 
94298 94298 94300 94312 94321 94322 94327 94328 94339 94347 
94348 94352 94355 94373 94373 94385 94386 94394 94402 94415 
94423 94433 94443 94444 94451 94455 94459 94463 94466 94472 
94477 94482 94486 94500 94513 94522 94522 94524 94527 94528 
94531 94538 94541 94549 94556 94558 94573 94574 94576 94576 
94604 94607 94612 94619 94622 94622 94627 94636 94636 94640 
94646 94652 94653 94657 94657 94658 94660 94663 94674 94678 
94684 94705 94705 94714 94716 94718 94729 94730 94733 94736 
94737 94738 94747 94747 94748 94756 94757 94762 94769 94771 
94773 94774 94777 94787 94788 94790 94792 94806 94811 94814 
94816 94823 94830 94830 94830 94833 94834 94834 94841 94846 
94852 94856 94858 94864 94869 94872 94873 94873 94884 94885 
94885 94892 94906 94907 94907 94909 94912 94919 94920 94927 
94928 94931 94932 94932 94943 94953 94963 94966 94967 94980 
94995 95005 95012 95016 95024 95034 95040 95045 95060 95062 
95067 95073 95077 95093 95095 95095 95097 95108 95110 95117 
95123 95128 95129 95129 95130 95134 95135 95136 95141 95143 
95153 95158 95162 95175 95175 95177 95178 95187 95189 95195 
95201 95201 95204 95214 95214 95216 95218 95224 95237 95241 
95257 95260 95270 95278 95283 95287 95289 95301 95301 95302 
95307 95311 95312 95312 95313 95318 95326 95349 95351 95357 
95358 95358 95359 95360 95387 95389 95392 95392 95396 95402 
95405 95417 95419 95428 95430 95430 95441 95442 95443 95448 
95453 95453 95458 95461 95465 95470 95471 95484 95489 95490 
95494 95512 95520 95522 95525 95527 95575 95583 95588 95591 
95595 95596 95599 95610 95612 95614 95618 95620 95621 95626 
95629 95640 95641 95646 95646 95651 95659 95670 95674 95681 
95681 95698 95700 95711 95712 95720 95721 95727 95727 95730 
95735 95753 95759 95764 95772 95774 95774 95788 95802 95802 
95806 95807 95808 95815 95821 95827 95842 95843 95844 95852 
95867 95883 95899 95900 95908 95912 95914 95915 95924 95927 
95928 95950 95957 95966 95971 95973 95983 95991 95999 96004 
96004 96006 96015 96016 96021 96057 96057 96062 96065 96067 
96067 96068 96068 96071 96073 96074 96077 96084 96087 96088 
96098 96099 96109 96113 96116 96122 96130 96144 96144 96147 
96155 96158 96159 96180 96187 96188 96192 96192 96198 96206 
96211 96215 96221 96233 96235 96247 96258 96262 96266 96267 
96268 96274 96275 96279 96286 96292 96296 96298 96315 96317 
96334 96335 96336 96337 96349 96354 96355 96360 96361 96369 
96375 96383 96390 96390 96402 96404 96408 96428 96438 96443 
96446 96455 96457 96457 96463 96468 96471 96475 96477 96479 
96480 96481 96482 96486 96488 96490 96504 96512 96521 96526 
96527 96533 96553 96553 96556 96557 96567 96576 96578 96580 
96589 96602 96607 96609 96615 96621 96631 96638 96638 96645 
96647 96651 96657 96672 96689 96694 96708 96716 96718 96719 
96720 96731 96739 96745 96746 96751 96757 96759 96761 96763 
96765 96770 96777 96784 96786 96788 96789 96792 96800 96806 
96810 96814 96820 96821 96822 96824 96826 96826 96831 96833 
96836 96840 96852 96855 96857 96858 96860 96860 96862 96862 
96865 96874 96894 96900 96903 96908 96919 96937 96939 96941 
96942 96950 96950 96954 96961 96968 96979 96988 96991 96998 
97000 97007 97009 97009 97014 97021 97038 97039 97042 97046 
97049 97051 97054 97054 97054 97055 97065 97066 97068 97068 
97070 97074 97083 97087 97109 97114 97117 97119 97129 97131 
97133 97134 97135 97139 97151 97155 97163 97167 97169 97179 
97185 97195 97196 97201 97206 97207 97211 97212 97222 97226 
97227 97231 97235 97242 97255 97259 97261 97262 97265 97284 
97285 97292 97297 97298 97321 97329 97329 97333 97334 97335 
97342 97344 97351 97368 97369 97369 97376 97377 97378 97380 
97390 97393 97409 97413 97414 97425 97429 97430 97431 97434 
97435 97438 97439 97439 97439 97442 97445 97447 97449 97453 
97455 97458 97459 97462 97465 97466 97467 97470 97473 97484 
97486 97489 97493 97495 97500 97502 97503 97503 97512 97517 
97522 97543 97543 97544 97552 97558 97560 97573 97579 97580 
97584 97592 97593 97599 97600 97611 97614 97632 97644 97657 
97658 97673 97675 97687 97689 97700 97700 97704 97705 97709 
97719 97730 97735 97739 97741 97747 97747 97748 97750 97751 
97752 97755 97765 97766 97768 97776 97776 97777 97795 97797 
97812 97815 97820 97822 97823 97827 97831 97833 97834 97836 
97837 97838 97855 97856 97857 97866 97868 97872 97876 97877 
97878 97894 97898 97898 97915 97917 97922 97952 97953 97955 
97957 97959 97961 97968 97968 97972 97979 97988 97988 97989 
97991 98006 98012 98018 98025 98026 98036 98042 98048 98052 
98056 98062 98063 98068 98077 98118 98121 98121 98121 98122 
98123 98123 98126 98126 98127 98134 98142 98151 98152 98156 
98156 98166 98167 98170 98174 98177 98182 98182 98193 98197 
98202 98213 98215 98222 98223 98229 98230 98230 98237 98242 
98245 98249 98254 98256 98259 98263 98285 98289 98294 98294 
98298 98298 98302 98305 98309 98314 98317 98320 98321 98323 
98327 98329 98335 98336 98340 98347 98349 98350 98356 98357 
98359 98365 98366 98368 98372 98375 98376 98379 98383 98389 
98394 98395 98405 98409 98422 98425 98426 98433 98435 98440 
98441 98448 98450 98451 98452 98460 98471 98474 98475 98476 
98481 98482 98486 98497 98497 98505 98513 98515 98521 98522 
98523 98524 98528 98532 98539 98543 98546 98551 98562 98562 
98566 98568 98572 98576 98579 98584 98585 98586 98604 98611 
98615 98616 98618 98619 98622 98626 98634 98643 98645 98658 
98667 98671 98676 98678 98686 98692 98701 98702 98708 98718 
98720 98721 98736 98743 98748 98751 98757 98761 98764 98764 
98770 98770 98772 98780 98786 98793 98795 98808 98812 98814 
98818 98819 98828 98832 98833 98855 98874 98889 98891 98892 
98901 98913 98920 98923 98924 98934 98946 98956 98959 98961 
98963 98964 98965 98965 98976 98978 98994 98996 99004 99006 
99008 99013 99024 99029 99031 99035 99035 99037 99039 99040 
99043 99052 99058 99060 99063 99071 99080 99083 99088 99090 
99091 99092 99092 99104 99107 99114 99121 99125 99128 99133 
99138 99140 99142 99146 99151 99159 99164 99177 99194 99196 
99198 99224 99225 99226 99231 99233 99235 99239 99241 99243 
99251 99257 99258 99261 99274 99274 99302 99307 99308 99317 
99322 99324 99325 99331 99334 99337 99342 99346 99349 99350 
99352 99360 99364 99364 99364 99368 99383 99388 99392 99395 
99399 99400 99420 99423 99442 99444 99454 99462 99471 99476 
99479 99493 99493 99499 99504 99506 99520 99525 99526 99535 
99539 99540 99563 99563 99574 99575 99577 99587 99592 99608 
99612 99613 99636 99639 99642 99647 99656 99660 99676 99677 
99679 99683 99684 99716 99726 99727 99731 99732 99741 99744 
99746 99753 99757 99781 99783 99799 99808 99809 99811 99811 
99816 99819 99822 99831 99838 99839 99841 99842 99845 99846 
99846 99854 99856 99860 99862 99871 99894 99894 99898 99908 
99910 99910 99911 99914 99914 99915 99919 99920 99924 99925 
99925 99925 99928 99937 99951 99952 99953 99962 99967 99969 
99971 99971 99982 99984 99984 99987 99988 99995 99997 99997 

================================================
